0	0	0.015142500000	0.053321200000	0.015146000000	293.889086202171
0	1	0.015142500000	0.102323000000	0.064159400000	294.501803012560
0	2	0.064144500000	0.102335000000	0.015146000000	294.624485298904
0	3	0.015142500000	0.127857000000	0.015146000000	294.152974704393
1	0	0.015191000000	0.015142500000	0.053365200000	293.879117868230
1	1	0.064350300000	0.015142500000	0.102509000000	294.624066644983
1	2	0.015191000000	0.064144500000	0.102379000000	294.106433738828
1	3	0.015191000000	0.015142500000	0.127901000000	293.838736993341
2	0	0.079492800000	0.030288400000	0.079476700000	294.955842857651
2	1	0.030333500000	0.030288400000	0.030332400000	294.109107962793
2	2	0.030333500000	0.079290500000	0.079345800000	294.414175787234
2	3	0.079335500000	0.079301900000	0.030332400000	294.953492312618
3	0	0.102526000000	0.015146000000	0.064330700000	295.452191749258
3	1	0.053366300000	0.015146000000	0.015186400000	294.413600071068
3	2	0.102368000000	0.064159400000	0.015186400000	295.449387875586
3	3	0.127902000000	0.015146000000	0.015186400000	295.977434222129
4	0	0.033190200000	0.135293000000	0.064159400000	294.434300620576
4	1	0.091594000000	0.192983000000	0.015146000000	295.217847013379
4	2	0.082192200000	0.135304000000	0.015146000000	295.014522079187
4	3	0.033190200000	0.160827000000	0.015146000000	294.197067952280
5	0	0.076451500000	0.211132000000	0.033046700000	294.896717501062
5	1	0.018047800000	0.153442000000	0.082060100000	294.411583774807
5	2	0.018047800000	0.212185000000	0.090974500000	294.346896542936
5	3	0.018047800000	0.178976000000	0.033046700000	294.284023796434
6	0	0.076451500000	0.242055000000	0.017900700000	294.896972512917
6	1	0.018047800000	0.243108000000	0.075828500000	294.490638986900
6	2	0.018047800000	0.284434000000	0.017900700000	294.403181863562
6	3	0.018047800000	0.209899000000	0.017900700000	294.277016674443
7	0	0.104276000000	0.095728200000	0.147001000000	295.493271425225
7	1	0.036221100000	0.034166200000	0.150005000000	294.024035112102
7	2	0.036221100000	0.083168200000	0.124483000000	294.524279542818
7	3	0.085380300000	0.034166200000	0.124614000000	295.088620859885
8	0	0.155570000000	0.146602000000	0.093635800000	296.546821260421
8	1	0.145919000000	0.191732000000	0.022104400000	296.354538524448
8	2	0.195260000000	0.142968000000	0.022104400000	297.324496081368
8	3	0.136517000000	0.134054000000	0.022104400000	296.162087990104
9	0	0.100366000000	0.098325600000	0.052436800000	295.407227124476
9	1	0.119418000000	0.110874000000	0.123968000000	295.818292138259
9	2	0.051363500000	0.098314200000	0.101450000000	294.571197984677
9	3	0.100523000000	0.049312200000	0.101581000000	295.415131875474
10	0	0.054220200000	0.131284000000	0.086263800000	294.417700843331
10	1	0.112624000000	0.188974000000	0.037250400000	295.666249821717
10	2	0.122275000000	0.143844000000	0.108782000000	295.880348087418
10	3	0.103222000000	0.131295000000	0.037250400000	295.466138639915
11	0	0.107132000000	0.161993000000	0.126682000000	295.560858431257
11	1	0.097481500000	0.207123000000	0.055151100000	295.348636558566
11	2	0.039077800000	0.149433000000	0.104165000000	294.401507346969
11	3	0.039077800000	0.208176000000	0.113079000000	294.299441269719
12	0	0.148932000000	0.034169700000	0.037290800000	296.413629235317
12	1	0.142451000000	0.095731700000	0.108822000000	296.289047133897
12	2	0.123398000000	0.083183100000	0.037290800000	295.890372817459
12	3	0.123556000000	0.034169700000	0.086435100000	295.891317955795
13	0	0.167036000000	0.052070400000	0.022104400000	296.767392985456
13	1	0.160555000000	0.113632000000	0.093635800000	296.653552144300
13	2	0.200245000000	0.109998000000	0.022104400000	297.417274975310
13	3	0.141502000000	0.101084000000	0.022104400000	296.263582901008
14	0	0.054317000000	0.019023700000	0.167937000000	294.400983750884
14	1	0.122372000000	0.080585800000	0.164933000000	295.878659097764
14	2	0.112877000000	0.019023700000	0.200442000000	295.679479614215
14	3	0.103476000000	0.019023700000	0.142545000000	295.476054802834
15	0	0.107180000000	0.098633500000	0.182716000000	295.561188498293
15	1	0.039125900000	0.095475200000	0.217877000000	294.315302817454
15	2	0.039125900000	0.037071500000	0.185720000000	294.230321509646
15	3	0.097685600000	0.037071500000	0.218225000000	295.355468403016
16	0	0.089084600000	0.113776000000	0.164784000000	295.168656714995
16	1	0.021030000000	0.052213900000	0.167789000000	293.955303757650
16	2	0.021030000000	0.110618000000	0.199945000000	294.038710414405
16	3	0.021030000000	0.101216000000	0.142266000000	294.638755997018
17	0	0.021030000000	0.193254000000	0.146049000000	294.263054217166
17	1	0.089084600000	0.147071000000	0.159652000000	295.168360524245
17	2	0.021030000000	0.143913000000	0.194813000000	294.294402041607
17	3	0.021030000000	0.134511000000	0.137134000000	294.580574728041
18	0	0.018095900000	0.076451500000	0.241838000000	294.463163774152
18	1	0.076655500000	0.018047800000	0.242187000000	294.898227897323
18	2	0.018095900000	0.018047800000	0.284217000000	294.192848089253
18	3	0.018095900000	0.018047800000	0.209681000000	294.236265343086
19	0	0.133554000000	0.030476200000	0.150583000000	296.100545587815
19	1	0.152450000000	0.092038200000	0.172970000000	296.494548701748
19	2	0.142955000000	0.030476200000	0.208480000000	296.298712612348
19	3	0.181729000000	0.067537200000	0.201984000000	297.072909016145
20	0	0.160666000000	0.080585800000	0.126732000000	296.656124544769
20	1	0.167148000000	0.019023700000	0.055200500000	296.771020818709
20	2	0.200561000000	0.019023700000	0.113158000000	297.419051649719
20	3	0.141771000000	0.019023700000	0.104345000000	296.271901895232
21	0	0.218461000000	0.094852200000	0.040014100000	297.755795024982
21	1	0.178771000000	0.098486400000	0.111546000000	297.012752020261
21	2	0.185252000000	0.036924400000	0.040014100000	297.128520526820
21	3	0.218665000000	0.036924400000	0.097971100000	297.757007322168
22	0	0.194057000000	0.048513500000	0.197789000000	297.310614040873
22	1	0.145882000000	0.011452500000	0.146388000000	296.355721012586
22	2	0.204672000000	0.011452500000	0.155201000000	297.495541199858
22	3	0.155283000000	0.011452500000	0.204285000000	296.541599101449
23	0	0.148816000000	0.030476200000	0.135415000000	296.413677903635
23	1	0.207606000000	0.030476200000	0.144228000000	297.552031258639
23	2	0.167712000000	0.092038200000	0.157802000000	296.797134985588
23	3	0.196991000000	0.067537200000	0.186816000000	297.366532456373
24	0	0.243701000000	0.017900700000	0.075866700000	298.205013496600
24	1	0.243497000000	0.075828500000	0.017909700000	298.201085724028
24	2	0.284823000000	0.017900700000	0.017909700000	298.905652341193
24	3	0.210287000000	0.017900700000	0.017909700000	297.596895434428
25	0	0.334869000000	0.059770600000	0.014531400000	299.729059556152
25	1	0.293543000000	0.117698000000	0.014531400000	299.068805713440
25	2	0.345981000000	0.129643000000	0.061556100000	299.918200579152
25	3	0.370054000000	0.125392000000	0.014531400000	300.266289618767
26	0	0.270167000000	0.039492300000	0.090398100000	298.677930333123
26	1	0.322400000000	0.109364000000	0.079465800000	299.545352954592
26	2	0.311289000000	0.039492300000	0.032441100000	299.352228104704
26	3	0.269963000000	0.097420100000	0.032441100000	298.675024743721
27	0	0.108914000000	0.703697000000	0.010665100000	295.585816130126
27	1	0.051209900000	0.663853000000	0.010665100000	294.557923292928
27	2	0.116198000000	0.626469000000	0.010665100000	295.750173698391
27	3	0.094236400000	0.652286000000	0.045178200000	295.281046620916
28	0	0.013295900000	0.592255000000	0.096878300000	294.530343568010
28	1	0.013295900000	0.554239000000	0.031017300000	294.259905399197
28	2	0.013295900000	0.628774000000	0.031017300000	294.113368987103
28	3	0.056322400000	0.617208000000	0.065530300000	294.491975067546
29	0	0.033378400000	0.628507000000	0.010665100000	294.192503252890
29	1	0.033378400000	0.553972000000	0.010665100000	294.344653424459
29	2	0.098366900000	0.591123000000	0.010665100000	295.369440129589
29	3	0.076404900000	0.616940000000	0.045178200000	294.887948495356
30	0	0.018506200000	0.506654000000	0.056664800000	294.454250026732
30	1	0.018506200000	0.467303000000	0.122287000000	294.395856075469
30	2	0.078393400000	0.529520000000	0.108553000000	294.938630721835
30	3	0.018506200000	0.544670000000	0.122526000000	294.406597662304
31	0	0.121895000000	0.467076000000	0.016034400000	295.870729026772
31	1	0.058254700000	0.506396000000	0.016034400000	294.624782253544
31	2	0.118142000000	0.529262000000	0.067922800000	295.796238313924
31	3	0.123243000000	0.543547000000	0.016034400000	295.898840042657
32	0	0.031802100000	0.538272000000	0.047051700000	294.252151442112
32	1	0.031802100000	0.576288000000	0.112913000000	294.447566621538
32	2	0.091689300000	0.561139000000	0.098940100000	295.223765361743
32	3	0.074828600000	0.601241000000	0.081564700000	294.860585585710
33	0	0.111772000000	0.560871000000	0.078587900000	295.663709228948
33	1	0.051884600000	0.538005000000	0.026699500000	294.466907906708
33	2	0.094911100000	0.600974000000	0.061212600000	295.301536252528
33	3	0.116873000000	0.575157000000	0.026699500000	295.766218144735
34	0	0.090874700000	0.802736000000	0.015485400000	295.204074362384
34	1	0.033171000000	0.861248000000	0.065597300000	294.441036330262
34	2	0.082810800000	0.861545000000	0.015485400000	295.034618187505
34	3	0.033171000000	0.837427000000	0.015485400000	294.287957465131
35	0	0.015339600000	0.895001000000	0.065597300000	294.345888318709
35	1	0.015339600000	0.945716000000	0.015485400000	294.128493981498
35	2	0.064979400000	0.895298000000	0.015485400000	294.683921375717
35	3	0.015339600000	0.871180000000	0.015485400000	294.239158074467
36	0	0.318632000000	0.239471000000	0.014531400000	299.486723706183
36	1	0.289710000000	0.160120000000	0.014531400000	299.004596628221
36	2	0.366221000000	0.167814000000	0.014531400000	300.217369987157
36	3	0.342148000000	0.172064000000	0.061556100000	299.860755480172
37	0	0.166983000000	0.207077000000	0.038837900000	296.776957900315
37	1	0.176634000000	0.161947000000	0.110369000000	296.961515636653
37	2	0.216325000000	0.158313000000	0.038837900000	297.722892529546
37	3	0.225747000000	0.199055000000	0.092988400000	297.905397112210
38	0	0.266449000000	0.261061000000	0.016733400000	298.625650056513
38	1	0.188186000000	0.230475000000	0.016733400000	297.196443189694
38	2	0.237527000000	0.181710000000	0.016733400000	298.106556138116
38	3	0.246949000000	0.222453000000	0.070884000000	298.286227485080
39	0	0.297901000000	0.249683000000	0.031264900000	299.151804242842
39	1	0.268979000000	0.170332000000	0.031264900000	298.652807850192
39	2	0.321416000000	0.182276000000	0.078289600000	299.534652857187
39	3	0.278401000000	0.211075000000	0.085415400000	298.829978893050
40	0	0.260308000000	0.069983000000	0.107132000000	298.511917663053
40	1	0.260104000000	0.127911000000	0.049174600000	298.504653298911
40	2	0.269526000000	0.168653000000	0.103325000000	298.674455064755
40	3	0.312542000000	0.139855000000	0.096199200000	299.391396007219
41	0	0.231635000000	0.125343000000	0.056747500000	297.995370531616
41	1	0.231839000000	0.067415100000	0.114705000000	297.994429389325
41	2	0.241057000000	0.166085000000	0.110898000000	298.174680772288
41	3	0.191944000000	0.128977000000	0.128279000000	297.270854233505
42	0	0.228622000000	0.060966900000	0.145775000000	297.949305022405
42	1	0.237840000000	0.159637000000	0.141968000000	298.122636272990
42	2	0.188727000000	0.122529000000	0.159349000000	297.208767602195
42	3	0.218007000000	0.098028000000	0.188363000000	297.761787538909
43	0	0.166501000000	0.356015000000	0.018935400000	296.770404677595
43	1	0.239528000000	0.309007000000	0.018935400000	298.147723736896
43	2	0.177013000000	0.299197000000	0.080211800000	296.978665205707
43	3	0.161264000000	0.278421000000	0.018935400000	296.659043607908
44	0	0.061992000000	0.232423000000	0.116868000000	294.577356641828
44	1	0.130047000000	0.186240000000	0.130472000000	296.036384107189
44	2	0.120396000000	0.231371000000	0.058940500000	295.838376588784
44	3	0.136144000000	0.252147000000	0.120217000000	296.163260929361
45	0	0.040962000000	0.300791000000	0.036836100000	294.608741708902
45	1	0.115114000000	0.279188000000	0.098112500000	295.727897199823
45	2	0.040962000000	0.259465000000	0.094763900000	294.190883156955
45	3	0.099365800000	0.258413000000	0.036836100000	295.395647774006
46	0	0.134780000000	0.302841000000	0.080211800000	296.133934167556
46	1	0.060628000000	0.324444000000	0.018935400000	294.586942303873
46	2	0.124268000000	0.359659000000	0.018935400000	295.917406204411
46	3	0.119032000000	0.282065000000	0.018935400000	295.810139657228
47	0	0.177805000000	0.251964000000	0.035668900000	296.989403062717
47	1	0.256068000000	0.282551000000	0.035668900000	298.441900932790
47	2	0.193553000000	0.272740000000	0.096945200000	297.303543684379
47	3	0.236569000000	0.243942000000	0.089819400000	298.101692049898
48	0	0.156602000000	0.228566000000	0.057773300000	296.567645399893
48	1	0.166253000000	0.183436000000	0.129305000000	296.769121209449
48	2	0.215366000000	0.220544000000	0.111924000000	297.711566175574
48	3	0.172351000000	0.249342000000	0.119050000000	296.893473711818
49	0	0.227112000000	0.506632000000	0.016034400000	297.926695037857
49	1	0.161757000000	0.467131000000	0.016034400000	296.679798103028
49	2	0.158004000000	0.529318000000	0.067922800000	296.615321961660
49	3	0.163105000000	0.543603000000	0.016034400000	296.703282325498
50	0	0.040432600000	0.325733000000	0.053372100000	294.527838570705
50	1	0.097123100000	0.364068000000	0.106884000000	295.349484503902
50	2	0.040432600000	0.284407000000	0.111300000000	294.124543669293
50	3	0.114585000000	0.304130000000	0.114649000000	295.719497974470
51	0	0.037184300000	0.379094000000	0.016536000000	294.378973773920
51	1	0.037184300000	0.453630000000	0.016536000000	294.390105238680
51	2	0.093874900000	0.417429000000	0.070047800000	295.277385793662
51	3	0.100825000000	0.414310000000	0.016536000000	295.420145314032
52	0	0.060098600000	0.349386000000	0.035471500000	294.540038671107
52	1	0.134251000000	0.327783000000	0.096747800000	296.131647315890
52	2	0.123739000000	0.384601000000	0.035471500000	295.906928972809
52	3	0.116789000000	0.387720000000	0.088983200000	295.751188991302
53	0	0.036024500000	0.483719000000	0.052848700000	294.506829668431
53	1	0.095911700000	0.506586000000	0.104737000000	295.322917494024
53	2	0.036024500000	0.444369000000	0.118471000000	294.506473580870
53	3	0.092715100000	0.447518000000	0.106360000000	295.251887913664
54	0	0.017518300000	0.301956000000	0.112643000000	294.313739606362
54	1	0.074208900000	0.381616000000	0.108227000000	294.851522776811
54	2	0.017518300000	0.343282000000	0.054715000000	294.196243658489
54	3	0.017518300000	0.378466000000	0.120337000000	294.538054212733
55	0	0.017518300000	0.453620000000	0.036814300000	294.277887282144
55	1	0.017518300000	0.379085000000	0.036814300000	294.137682608331
55	2	0.074208900000	0.417419000000	0.090326000000	294.846502666062
55	3	0.017518300000	0.414270000000	0.102436000000	294.531950226726
56	0	0.115578000000	0.506595000000	0.084458800000	295.750070800532
56	1	0.055690500000	0.483729000000	0.032570400000	294.589421533965
56	2	0.119331000000	0.444408000000	0.032570400000	295.818747651002
56	3	0.112381000000	0.447528000000	0.086082100000	295.675820997796
57	0	0.158776000000	0.397420000000	0.048265300000	296.618727695527
57	1	0.169287000000	0.340602000000	0.109542000000	296.830302095044
57	2	0.208516000000	0.403689000000	0.089666900000	297.589812009190
57	3	0.151826000000	0.400540000000	0.101777000000	296.480812278679
58	0	0.194001000000	0.325112000000	0.093005600000	297.309963233543
58	1	0.256517000000	0.334923000000	0.031729200000	298.456014647522
58	2	0.183490000000	0.381930000000	0.031729200000	297.102662801191
58	3	0.233230000000	0.388199000000	0.073130800000	298.043791075064
59	0	0.200437000000	0.411694000000	0.012793800000	297.434924234260
59	1	0.273464000000	0.364687000000	0.012793800000	298.751481206359
59	2	0.265793000000	0.451195000000	0.012793800000	298.619963938813
59	3	0.250178000000	0.417963000000	0.054195400000	298.347899857059
60	0	0.172958000000	0.507624000000	0.080716600000	296.908793816751
60	1	0.176711000000	0.445437000000	0.028828200000	296.973752869270
60	2	0.242067000000	0.484938000000	0.028828200000	298.201790141861
60	3	0.226452000000	0.451706000000	0.070229800000	297.917415043002
61	0	0.204108000000	0.440464000000	0.086765800000	297.508651644180
61	1	0.150614000000	0.496382000000	0.097252600000	296.457980230488
61	2	0.154368000000	0.434195000000	0.045364200000	296.533782613047
61	3	0.147418000000	0.437314000000	0.098875900000	296.397290679888
62	0	0.031408700000	0.307264000000	0.141717000000	294.169411797096
62	1	0.088099300000	0.386925000000	0.137301000000	295.155704617386
62	2	0.031408700000	0.383775000000	0.149411000000	294.610444784697
62	3	0.076358900000	0.365769000000	0.177877000000	294.899581552007
63	0	0.111014000000	0.369376000000	0.135958000000	295.646418716899
63	1	0.054323000000	0.289716000000	0.140375000000	294.406989565769
63	2	0.128475000000	0.309439000000	0.143723000000	296.007802053663
63	3	0.099273200000	0.348221000000	0.176534000000	295.398206308702
64	0	0.107740000000	0.494953000000	0.188694000000	295.577464844877
64	1	0.052954300000	0.447020000000	0.150539000000	294.453695103857
64	2	0.112841000000	0.509238000000	0.136806000000	295.683287359071
64	3	0.109645000000	0.450170000000	0.138429000000	295.619529708295
65	0	0.035436000000	0.469955000000	0.154355000000	294.369850783434
65	1	0.035436000000	0.547322000000	0.154595000000	294.357033135341
65	2	0.090221900000	0.517887000000	0.192510000000	295.205263866671
65	3	0.095323200000	0.532172000000	0.140622000000	295.311585219014
66	0	0.103124000000	0.470162000000	0.201734000000	295.477106133683
66	1	0.048338500000	0.422230000000	0.163579000000	294.432475389956
66	2	0.105029000000	0.425380000000	0.151469000000	295.522350933323
66	3	0.093288700000	0.404224000000	0.192045000000	295.258972273584
67	0	0.016929800000	0.539967000000	0.179254000000	294.340769055799
67	1	0.016929800000	0.462600000000	0.179015000000	294.577552893766
67	2	0.071715800000	0.510532000000	0.217170000000	294.796965799361
67	3	0.016929800000	0.501015000000	0.245082000000	294.569843020727
68	0	0.030820200000	0.471543000000	0.253805000000	294.577076268287
68	1	0.030820200000	0.433128000000	0.187738000000	294.666382941283
68	2	0.085606100000	0.481060000000	0.225893000000	295.106624921806
68	3	0.075770400000	0.415122000000	0.216203000000	294.910085302776
69	0	0.261205000000	0.011452500000	0.259246000000	298.523928473487
69	1	0.231896000000	0.011452500000	0.181843000000	297.996935824133
69	2	0.182507000000	0.011452500000	0.230927000000	297.073791287852
69	3	0.221281000000	0.048513500000	0.224431000000	297.817230114075
70	0	0.138992000000	0.224157000000	0.207816000000	296.226374485466
70	1	0.211209000000	0.219503000000	0.147344000000	297.635011383701
70	2	0.162096000000	0.182395000000	0.164725000000	296.690258289423
70	3	0.168193000000	0.248301000000	0.154470000000	296.812805250348
71	0	0.102975000000	0.163857000000	0.179927000000	295.469116331728
71	1	0.034920400000	0.210041000000	0.166323000000	294.148039842823
71	2	0.034920400000	0.160699000000	0.215087000000	294.179259696765
71	3	0.079870600000	0.205619000000	0.223018000000	294.960812579216
72	0	0.146155000000	0.196220000000	0.219951000000	296.375186547028
72	1	0.218372000000	0.191566000000	0.159479000000	297.766701936381
72	2	0.198539000000	0.129957000000	0.205874000000	297.399259515776
72	3	0.169260000000	0.154458000000	0.176860000000	296.833989669927
73	0	0.057834600000	0.231383000000	0.152289000000	294.483146788409
73	1	0.125889000000	0.185200000000	0.165892000000	295.957066463632
73	2	0.131987000000	0.251106000000	0.155637000000	296.082242814296
73	3	0.102785000000	0.226961000000	0.208983000000	295.468673192927
74	0	0.050695000000	0.263733000000	0.159259000000	294.325035163476
74	1	0.095645200000	0.322238000000	0.195418000000	295.321515450150
74	2	0.095645200000	0.259312000000	0.215954000000	295.313429887846
74	3	0.124847000000	0.283456000000	0.162607000000	295.936453786905
75	0	0.027780800000	0.266576000000	0.182745000000	294.303938204502
75	1	0.072731000000	0.325081000000	0.218904000000	294.822457397060
75	2	0.027780800000	0.295498000000	0.262096000000	294.276568958599
75	3	0.072731000000	0.262154000000	0.239440000000	294.817480300415
76	0	0.013890400000	0.233249000000	0.186640000000	294.314465808183
76	1	0.013890400000	0.262171000000	0.265991000000	294.461573826967
76	2	0.013890400000	0.183908000000	0.235405000000	294.127493447306
76	3	0.058840600000	0.228828000000	0.243335000000	294.505783197509
77	0	0.013890400000	0.320507000000	0.246954000000	294.166275972894
77	1	0.013890400000	0.291585000000	0.167603000000	294.299867101994
77	2	0.013890400000	0.368096000000	0.175297000000	294.556253547285
77	3	0.058840600000	0.350090000000	0.203762000000	294.511482435407
78	0	0.013890400000	0.442026000000	0.264157000000	294.412827321985
78	1	0.013890400000	0.356021000000	0.269747000000	293.996678950970
78	2	0.013890400000	0.403610000000	0.198090000000	294.696912775024
78	3	0.058840600000	0.385604000000	0.226556000000	294.816893021719
79	0	0.178706000000	0.011452500000	0.345368000000	297.008595637175
79	1	0.248648000000	0.011452500000	0.297850000000	298.312399906292
79	2	0.169950000000	0.011452500000	0.269530000000	296.830342347386
79	3	0.208725000000	0.048513500000	0.263034000000	297.585741437568
80	0	0.223796000000	0.065166100000	0.277263000000	297.871699533038
80	1	0.193777000000	0.028105100000	0.359597000000	297.307125366217
80	2	0.263719000000	0.028105100000	0.312078000000	298.582945397837
80	3	0.233793000000	0.081994100000	0.329804000000	298.053086684759
81	0	0.108399000000	0.136627000000	0.285212000000	295.588486832751
81	1	0.120321000000	0.146527000000	0.207992000000	295.837734820375
81	2	0.052266400000	0.143368000000	0.243153000000	294.358593321445
81	3	0.097216600000	0.188289000000	0.251084000000	295.352257913681
82	0	0.154604000000	0.108003000000	0.203750000000	296.535757490355
82	1	0.142683000000	0.098102600000	0.280970000000	296.296173848835
82	2	0.145110000000	0.046440600000	0.239260000000	296.344825906323
82	3	0.183884000000	0.083501700000	0.232764000000	297.116055914183
83	0	0.094001500000	0.034012200000	0.265120000000	295.274017473669
83	1	0.035441900000	0.092415900000	0.264772000000	294.324986158879
83	2	0.035441900000	0.034012200000	0.307151000000	294.342004883296
83	3	0.091574700000	0.085674100000	0.306830000000	295.226175163729
84	0	0.114803000000	0.015964400000	0.288663000000	295.714720564829
84	1	0.056243500000	0.015964400000	0.330694000000	294.670754229628
84	2	0.123559000000	0.015964400000	0.364502000000	295.899636271503
84	3	0.112376000000	0.067626400000	0.330373000000	295.666645889284
85	0	0.124526000000	0.114598000000	0.205650000000	295.923915832407
85	1	0.056471900000	0.111440000000	0.240811000000	294.452843404260
85	2	0.115032000000	0.053035900000	0.241159000000	295.726250658441
85	3	0.112605000000	0.104698000000	0.282869000000	295.676441478548
86	0	0.138356000000	0.194582000000	0.296192000000	296.218058200803
86	1	0.200737000000	0.145148000000	0.334656000000	297.445025032049
86	2	0.187260000000	0.177702000000	0.352681000000	297.190427328047
86	3	0.149539000000	0.142920000000	0.330320000000	296.434753428077
87	0	0.153637000000	0.027416900000	0.349506000000	296.518193800619
87	1	0.183656000000	0.064477900000	0.267172000000	297.106409304754
87	2	0.144881000000	0.027416900000	0.273668000000	296.336395820026
87	3	0.142454000000	0.079078900000	0.315378000000	296.298944712830
88	0	0.139432000000	0.179322000000	0.274386000000	296.237622614498
88	1	0.191816000000	0.113059000000	0.260309000000	297.269128341288
88	2	0.201813000000	0.129887000000	0.312850000000	297.464304198971
88	3	0.150614000000	0.127660000000	0.308514000000	296.456911570078
89	0	0.198727000000	0.081130600000	0.281401000000	297.393789108372
89	1	0.168708000000	0.044069500000	0.363735000000	296.820970935068
89	2	0.208724000000	0.097958600000	0.333942000000	297.594075618100
89	3	0.157525000000	0.095731500000	0.329607000000	296.601922943107
90	0	0.138477000000	0.130031000000	0.283312000000	296.215001465839
90	1	0.127295000000	0.181693000000	0.249184000000	295.982401587299
90	2	0.179679000000	0.115431000000	0.235107000000	297.032563827730
90	3	0.150399000000	0.139932000000	0.206093000000	296.457151439479
91	0	0.020801600000	0.083306300000	0.412911000000	294.260134627232
91	1	0.088117000000	0.019666000000	0.411504000000	295.147684598895
91	2	0.020801600000	0.019666000000	0.452231000000	294.327765105239
91	3	0.020801600000	0.019666000000	0.377696000000	294.381785984105
92	0	0.038147600000	0.099270800000	0.389779000000	294.278972287918
92	1	0.105463000000	0.035630400000	0.388372000000	295.519872655455
92	2	0.038147600000	0.035630400000	0.354564000000	294.722187426709
92	3	0.094280400000	0.087292400000	0.354243000000	295.285461131558
93	0	0.017346000000	0.053678100000	0.331021000000	294.619906856810
93	1	0.017346000000	0.112082000000	0.288642000000	294.244094504474
93	2	0.017346000000	0.117319000000	0.366236000000	294.436098131120
93	3	0.073478800000	0.105340000000	0.330700000000	294.833279902124
94	0	0.013890400000	0.248542000000	0.305038000000	294.385453694905
94	1	0.013890400000	0.175515000000	0.352046000000	294.428231882344
94	2	0.013890400000	0.170279000000	0.274452000000	294.197942757672
94	3	0.058840600000	0.215199000000	0.282382000000	294.505994398149
95	0	0.060238800000	0.157912000000	0.375497000000	294.542473714156
95	1	0.105189000000	0.197596000000	0.305833000000	295.520403096694
95	2	0.154093000000	0.180716000000	0.362322000000	296.537130580181
95	3	0.116372000000	0.145934000000	0.339962000000	295.762378819693
96	0	0.076186600000	0.188931000000	0.285927000000	294.895398519729
96	1	0.031236400000	0.149247000000	0.355591000000	294.287142128646
96	2	0.031236400000	0.144011000000	0.277997000000	294.135314680229
96	3	0.087369200000	0.137269000000	0.320055000000	295.138702496516
97	0	0.164146000000	0.186263000000	0.257482000000	296.739475830745
97	1	0.255305000000	0.157061000000	0.236909000000	298.436058792455
97	2	0.226527000000	0.136828000000	0.295946000000	297.921458140631
97	3	0.216530000000	0.120000000000	0.243405000000	297.730092141756
98	0	0.278291000000	0.173657000000	0.132388000000	298.832183581958
98	1	0.269073000000	0.074987300000	0.136194000000	298.668006643743
98	2	0.321307000000	0.144859000000	0.125262000000	299.535118087835
98	3	0.297233000000	0.149109000000	0.172287000000	299.153144348747
99	0	0.258870000000	0.163518000000	0.148927000000	298.495977469951
99	1	0.249652000000	0.064848200000	0.152733000000	298.322073886825
99	2	0.277812000000	0.138970000000	0.188826000000	298.823160725480
99	3	0.239037000000	0.101909000000	0.195321000000	298.144789656820
100	0	0.255860000000	0.034357500000	0.177828000000	298.430428058058
100	1	0.285169000000	0.034357500000	0.255232000000	298.943464882976
100	2	0.284020000000	0.108480000000	0.213921000000	298.930492524935
100	3	0.245245000000	0.071418500000	0.220417000000	298.252661157617
101	0	0.239402000000	0.195447000000	0.166437000000	298.161447701726
101	1	0.167185000000	0.200101000000	0.226909000000	296.798705620256
101	2	0.219569000000	0.133838000000	0.212832000000	297.789528837570
101	3	0.258344000000	0.170899000000	0.206336000000	298.490609055392
102	0	0.283829000000	0.125132000000	0.243317000000	298.928564517688
102	1	0.284978000000	0.051010100000	0.284628000000	298.940467863180
102	2	0.255051000000	0.104899000000	0.302354000000	298.430172257871
102	3	0.245054000000	0.088071100000	0.249813000000	298.247932915673
103	0	0.410759000000	0.020278300000	0.085800900000	300.845025346371
103	1	0.412697000000	0.085900100000	0.020254800000	300.872549740328
103	2	0.452048000000	0.020278300000	0.020254800000	301.382251362077
103	3	0.377513000000	0.020278300000	0.020254800000	300.365394213145
104	0	0.357913000000	0.041869900000	0.034786300000	300.080180313266
104	1	0.391160000000	0.041869900000	0.100332000000	300.573417696352
104	2	0.393098000000	0.107492000000	0.034786300000	300.602531110641
104	3	0.369025000000	0.111742000000	0.081811000000	300.259041110893
105	0	0.345445000000	0.091463600000	0.099720700000	299.900802525074
105	1	0.293211000000	0.021591600000	0.110653000000	299.064389364227
105	2	0.334333000000	0.021591600000	0.052696000000	299.721452399687
105	3	0.367580000000	0.021591600000	0.118242000000	300.233452549798
106	0	0.311430000000	0.022905000000	0.244416000000	299.373497015717
106	1	0.310282000000	0.097027000000	0.203105000000	299.362498207998
106	2	0.356490000000	0.022905000000	0.174602000000	300.070977710111
106	3	0.282121000000	0.022905000000	0.167013000000	298.880990265616
107	0	0.363574000000	0.044496600000	0.147305000000	300.176626187043
107	1	0.289206000000	0.044496600000	0.139716000000	299.003312973121
107	2	0.317366000000	0.118619000000	0.175808000000	299.472023136181
107	3	0.341439000000	0.114369000000	0.128784000000	299.843765082843
108	0	0.088831100000	0.727645000000	0.028512600000	295.158842468040
108	1	0.031127300000	0.727914000000	0.086268100000	294.428007556160
108	2	0.031127300000	0.687801000000	0.028512600000	294.253747071207
108	3	0.074153800000	0.676234000000	0.063025600000	294.840593851673
109	0	0.017831400000	0.754522000000	0.075602900000	294.252128714787
109	1	0.075535200000	0.754252000000	0.017847400000	294.875858518864
109	2	0.017831400000	0.714408000000	0.017847400000	294.291412310751
109	3	0.017831400000	0.788943000000	0.017847400000	294.203830224019
110	0	0.017831400000	0.843158000000	0.083444800000	294.443442472541
110	1	0.075535200000	0.784646000000	0.033332900000	294.876396760721
110	2	0.017831400000	0.784915000000	0.091088400000	294.262273849157
110	3	0.017831400000	0.819337000000	0.033332900000	294.164286136594
111	0	0.013295900000	0.704317000000	0.106620000000	294.623111709666
111	1	0.013295900000	0.627684000000	0.114726000000	294.722531125997
111	2	0.013295900000	0.664203000000	0.048864700000	294.393701477177
111	3	0.056322400000	0.652636000000	0.083377800000	294.706398572357
112	0	0.032794600000	0.580122000000	0.200492000000	294.351313317881
112	1	0.084134100000	0.632700000000	0.268980000000	295.076425169655
112	2	0.032794600000	0.541170000000	0.266320000000	294.565089067697
112	3	0.087580500000	0.550687000000	0.238408000000	295.147697683951
113	0	0.015864800000	0.715898000000	0.180167000000	294.666048565516
113	1	0.015864800000	0.639265000000	0.188272000000	294.673534532207
113	2	0.067204300000	0.691843000000	0.256760000000	294.697425787419
113	3	0.015864800000	0.685635000000	0.260576000000	294.582585469227
114	0	0.015864800000	0.603547000000	0.211119000000	294.367225324930
114	1	0.015864800000	0.564595000000	0.276947000000	294.426676653622
114	2	0.067204300000	0.656125000000	0.279607000000	294.695274440592
114	3	0.015864800000	0.649917000000	0.283423000000	294.505163442533
115	0	0.015864800000	0.803727000000	0.242688000000	294.781209455186
115	1	0.015864800000	0.754722000000	0.193012000000	294.670271444257
115	2	0.067204300000	0.730667000000	0.269606000000	294.698251800929
115	3	0.015864800000	0.724459000000	0.273422000000	294.738771973685
116	0	0.054467600000	0.984420000000	0.015592500000	294.458561006498
116	1	0.106553000000	0.984420000000	0.066051100000	295.536527693508
116	2	0.104107000000	0.934002000000	0.015592500000	295.486679521149
116	3	0.129003000000	0.984420000000	0.015592500000	296.000206255210
117	0	0.031434800000	0.968748000000	0.031078000000	294.322492987408
117	1	0.083520200000	0.968748000000	0.081536500000	295.039777613710
117	2	0.031434800000	0.918033000000	0.081189900000	294.353734816857
117	3	0.081074700000	0.918331000000	0.031078000000	294.997584141973
118	0	0.068180700000	0.984328000000	0.104569000000	294.712939592861
118	1	0.016095300000	0.984328000000	0.054110700000	294.118358552627
118	2	0.016095300000	0.933613000000	0.104223000000	294.450840571776
118	3	0.016095300000	0.984328000000	0.128646000000	294.255445044275
119	0	0.016095300000	0.905849000000	0.194740000000	294.657082016797
119	1	0.068180700000	0.965802000000	0.137767000000	294.710481656346
119	2	0.016095300000	0.915087000000	0.137421000000	294.272477717650
119	3	0.016095300000	0.965802000000	0.161844000000	294.399207414584
120	0	0.263201000000	0.177492000000	0.251494000000	298.572216838607
120	1	0.172042000000	0.206694000000	0.272067000000	296.890620531533
120	2	0.234423000000	0.157259000000	0.310531000000	298.070390118699
120	3	0.249979000000	0.206547000000	0.305186000000	298.355575941826
121	0	0.158984000000	0.210502000000	0.295880000000	296.628862467945
121	1	0.221365000000	0.161067000000	0.334344000000	297.829983368110
121	2	0.236921000000	0.210355000000	0.328999000000	298.117754138868
121	3	0.207888000000	0.193621000000	0.352369000000	297.587251282717
122	0	0.341968000000	0.198763000000	0.091738700000	299.858180836934
122	1	0.318452000000	0.266170000000	0.044714000000	299.492151747529
122	2	0.298953000000	0.227562000000	0.098864500000	299.179405764057
122	3	0.356037000000	0.240172000000	0.088236200000	300.082480605970
123	0	0.444498000000	0.269470000000	0.013449100000	301.310579227604
123	1	0.358494000000	0.275060000000	0.013449100000	300.107848725661
123	2	0.406083000000	0.203403000000	0.013449100000	300.788136965527
123	3	0.396079000000	0.249062000000	0.056971300000	300.666729470643
124	0	0.386773000000	0.184301000000	0.027980500000	300.516910956699
124	1	0.339184000000	0.255958000000	0.027980500000	299.817475264575
124	2	0.362699000000	0.188551000000	0.075005200000	300.178289060828
124	3	0.376769000000	0.229960000000	0.071502700000	300.387940475554
125	0	0.355865000000	0.220656000000	0.117299000000	300.080786234414
125	1	0.317722000000	0.183497000000	0.167826000000	299.484372448533
125	2	0.298780000000	0.208045000000	0.127927000000	299.181982465711
125	3	0.341795000000	0.179247000000	0.120802000000	299.860837474191
126	0	0.328501000000	0.325973000000	0.084377900000	299.661243306031
126	1	0.295773000000	0.257592000000	0.097126900000	299.125955194983
126	2	0.315273000000	0.296200000000	0.042976300000	299.445158594931
126	3	0.352858000000	0.270202000000	0.086498500000	300.038193245169
127	0	0.297568000000	0.330975000000	0.089864300000	299.159855766519
127	1	0.221825000000	0.291392000000	0.109739000000	297.829907293337
127	2	0.284341000000	0.301203000000	0.048462700000	298.930170684267
127	3	0.264841000000	0.262594000000	0.102613000000	298.602370152461
128	0	0.300118000000	0.359361000000	0.025587600000	299.193044855218
128	1	0.292447000000	0.445869000000	0.025587600000	299.065649925509
128	2	0.276832000000	0.412637000000	0.066989200000	298.812252317374
128	3	0.313346000000	0.389134000000	0.066989200000	299.420688504469
129	0	0.433880000000	0.300814000000	0.026242900000	301.173038559288
129	1	0.361103000000	0.336176000000	0.067644500000	300.167090766777
129	2	0.347876000000	0.306404000000	0.026242900000	299.957817944308
129	3	0.385461000000	0.280406000000	0.069765100000	300.511605039209
130	0	0.220655000000	0.319786000000	0.105799000000	297.813729306225
130	1	0.283171000000	0.329597000000	0.044523000000	298.911666964557
130	2	0.259884000000	0.382873000000	0.085924600000	298.523005473440
130	3	0.296398000000	0.359369000000	0.085924600000	299.144107418093
131	0	0.436849000000	0.104165000000	0.033703900000	301.199402039182
131	1	0.434910000000	0.038543200000	0.099250000000	301.177085896831
131	2	0.476199000000	0.038543200000	0.033703900000	301.689756343736
131	3	0.479819000000	0.097649600000	0.077226200000	301.746982373658
132	0	0.417249000000	0.125757000000	0.048235400000	300.942314067656
132	1	0.415311000000	0.060134800000	0.113781000000	300.918307240190
132	2	0.460219000000	0.119241000000	0.091757600000	301.513231233156
132	3	0.393176000000	0.130007000000	0.095260100000	300.610602395685
133	0	0.472483000000	0.245314000000	0.026898200000	301.668055862105
133	1	0.477037000000	0.172731000000	0.070420400000	301.720034988814
133	2	0.424063000000	0.224905000000	0.070420400000	301.051315019935
133	3	0.434067000000	0.179247000000	0.026898200000	301.167523727195
134	0	0.457727000000	0.153629000000	0.084951800000	301.487116606922
134	1	0.404753000000	0.205803000000	0.084951800000	300.788522348674
134	2	0.414757000000	0.160144000000	0.041429600000	300.905125311787
134	3	0.390684000000	0.164394000000	0.088454300000	300.585259234141
135	0	0.461355000000	0.124517000000	0.013449100000	301.518293685745
135	1	0.500706000000	0.058895300000	0.013449100000	301.985198966411
135	2	0.538722000000	0.124756000000	0.013449100000	302.418003895763
135	3	0.504325000000	0.118002000000	0.056971300000	302.033499346368
136	0	0.499482000000	0.231278000000	0.013449100000	301.988199936031
136	1	0.461066000000	0.165211000000	0.013449100000	301.514780978409
136	2	0.538433000000	0.165450000000	0.013449100000	302.415922199191
136	3	0.504036000000	0.158696000000	0.056971300000	302.039307136738
137	0	0.582065000000	0.020352200000	0.085440600000	302.850711045295
137	1	0.583959000000	0.086213200000	0.020169800000	302.863780087296
137	2	0.620478000000	0.020352200000	0.020169800000	303.184238823665
137	3	0.545943000000	0.020352200000	0.020169800000	302.469318498899
138	0	0.499522000000	0.018264900000	0.053873700000	301.967611671945
138	1	0.458233000000	0.018264900000	0.119420000000	301.477944140260
138	2	0.535644000000	0.018264900000	0.119145000000	302.382731894495
138	3	0.503141000000	0.077371400000	0.097395900000	302.022613477530
139	0	0.560150000000	0.038617100000	0.098889700000	302.637198075724
139	1	0.562045000000	0.104478000000	0.033618900000	302.653684694884
139	2	0.524028000000	0.038617100000	0.033618900000	302.241973894148
139	3	0.527648000000	0.097723500000	0.077141100000	302.297426445253
140	0	0.466250000000	0.159704000000	0.111850000000	301.598974321062
140	1	0.450861000000	0.185880000000	0.155372000000	301.415886504374
140	2	0.413276000000	0.211878000000	0.111850000000	300.904225416628
140	3	0.399207000000	0.170470000000	0.115353000000	300.704872496976
141	0	0.422704000000	0.190520000000	0.170986000000	301.040197472006
141	1	0.346976000000	0.179360000000	0.177991000000	299.941153339031
141	2	0.385119000000	0.216518000000	0.127464000000	300.509498284612
141	3	0.371050000000	0.175110000000	0.130966000000	300.313823284452
142	0	0.425197000000	0.156133000000	0.177792000000	301.072158361202
142	1	0.395678000000	0.070850300000	0.156293000000	300.650811940299
142	2	0.349469000000	0.144972000000	0.184797000000	299.983603354467
142	3	0.373542000000	0.140722000000	0.137772000000	300.345451944153
143	0	0.453354000000	0.151493000000	0.162178000000	301.444221696754
143	1	0.423834000000	0.066210200000	0.140680000000	301.040113302648
143	2	0.401699000000	0.136082000000	0.122158000000	300.741319168339
143	3	0.468742000000	0.125317000000	0.118656000000	301.623964116439
144	0	0.895098000000	0.065597300000	0.015434600000	304.685981489496
144	1	0.945813000000	0.015485400000	0.015434600000	304.757503842138
144	2	0.895711000000	0.015485400000	0.065382200000	304.694207822436
144	3	0.871278000000	0.015485400000	0.015434600000	304.616914529183
145	0	0.611679000000	0.101316000000	0.034943000000	303.128934986588
145	1	0.609785000000	0.035454500000	0.100214000000	303.114007325277
145	2	0.648199000000	0.035454500000	0.034943000000	303.419708343080
145	3	0.663367000000	0.084326600000	0.082750000000	303.559581908654
146	0	0.635945000000	0.119163000000	0.014773200000	303.334021701867
146	1	0.672465000000	0.053301900000	0.014773200000	303.609139165927
146	2	0.712579000000	0.111057000000	0.014773200000	303.901922030481
146	3	0.687634000000	0.102174000000	0.062580300000	303.742903128861
147	0	0.587871000000	0.053719400000	0.113663000000	302.915545194520
147	1	0.641453000000	0.102592000000	0.096199100000	303.391111987487
147	2	0.589765000000	0.119580000000	0.048392100000	302.929898057258
147	3	0.555368000000	0.112826000000	0.091914300000	302.601559882400
148	0	0.649717000000	0.094596600000	0.125746000000	303.467594087383
148	1	0.563632000000	0.104831000000	0.121461000000	302.686742499231
148	2	0.596135000000	0.045724400000	0.143209000000	302.993434665876
148	3	0.624772000000	0.085713200000	0.173553000000	303.265301934804
149	0	0.754813000000	0.075602900000	0.017989500000	304.150900012718
149	1	0.755485000000	0.017847400000	0.076204700000	304.152028798703
149	2	0.714699000000	0.017847400000	0.017989500000	303.898228283997
149	3	0.789234000000	0.017847400000	0.017989500000	304.318329963707
150	0	0.672087000000	0.015102300000	0.052932500000	303.607430876444
150	1	0.633674000000	0.015102300000	0.118203000000	303.316154723876
150	2	0.712874000000	0.015102300000	0.111148000000	303.904873364167
150	3	0.687256000000	0.063974500000	0.100740000000	303.743525072363
151	0	0.709853000000	0.027459500000	0.140694000000	303.896439224439
151	1	0.630653000000	0.027459500000	0.147750000000	303.300972629245
151	2	0.659290000000	0.067448300000	0.178093000000	303.548991764016
151	3	0.684235000000	0.076331700000	0.130286000000	303.725497890838
152	0	0.696354000000	0.032949800000	0.032762700000	303.780308141991
152	1	0.737140000000	0.032949800000	0.090977900000	304.060681428860
152	2	0.736467000000	0.090705300000	0.032762700000	304.059562390324
152	3	0.711522000000	0.081821900000	0.080569700000	303.907915300292
153	0	0.038600600000	0.830282000000	0.097589200000	294.606300631449
153	1	0.096304300000	0.771771000000	0.047477300000	295.326256793766
153	2	0.105811000000	0.764796000000	0.093249700000	295.528924261070
153	3	0.038600600000	0.772040000000	0.105233000000	294.320611571216
154	0	0.121151000000	0.782886000000	0.075402200000	295.850787344023
154	1	0.053940200000	0.848372000000	0.079741800000	294.422171027039
154	2	0.103580000000	0.848670000000	0.029629900000	295.479351410320
154	3	0.111644000000	0.789861000000	0.029629900000	295.648840358161
155	0	0.194586000000	0.836340000000	0.014144400000	297.307779606008
155	1	0.154353000000	0.780046000000	0.059916800000	296.531374729993
155	2	0.136782000000	0.845829000000	0.014144400000	296.172878070424
155	3	0.144846000000	0.787020000000	0.014144400000	296.331562827092
156	0	0.109600000000	0.737803000000	0.042657000000	295.607759647882
156	1	0.051896500000	0.738072000000	0.100413000000	294.370179214128
156	2	0.094923000000	0.686391000000	0.077170000000	295.298309764689
156	3	0.119107000000	0.730828000000	0.088429400000	295.815842914321
157	0	0.221968000000	0.808573000000	0.014144400000	297.818793344046
157	1	0.252772000000	0.728209000000	0.014144400000	298.381267690907
157	2	0.181734000000	0.752279000000	0.059916800000	297.064427308117
157	3	0.172227000000	0.759254000000	0.014144400000	296.885281079078
158	0	0.252293000000	0.672606000000	0.011300600000	298.370530964660
158	1	0.171748000000	0.703651000000	0.011300600000	296.870331081657
158	2	0.179033000000	0.626422000000	0.011300600000	297.010073643996
158	3	0.222160000000	0.643291000000	0.047870000000	297.840482646860
159	0	0.192735000000	0.636997000000	0.058535100000	297.275108166339
159	1	0.142323000000	0.697357000000	0.021965700000	296.296276670739
159	2	0.149608000000	0.620129000000	0.021965700000	296.441620373287
159	3	0.127646000000	0.645946000000	0.056478700000	295.992157647224
160	0	0.252979000000	0.694316000000	0.025445000000	298.389040519166
160	1	0.172435000000	0.725361000000	0.025445000000	296.886690351264
160	2	0.222846000000	0.665001000000	0.062014400000	297.855903028682
160	3	0.181942000000	0.718386000000	0.071217400000	297.071709369588
161	0	0.265071000000	0.554161000000	0.011300600000	298.606495359024
161	1	0.274323000000	0.637316000000	0.011300600000	298.764725297188
161	2	0.201063000000	0.591133000000	0.011300600000	297.439311717109
161	3	0.244190000000	0.608001000000	0.047870000000	298.240309814023
162	0	0.171747000000	0.558162000000	0.079223400000	296.884556492520
162	1	0.240856000000	0.535475000000	0.027335000000	298.175535464688
162	2	0.176848000000	0.572447000000	0.027335000000	296.975194401390
162	3	0.219975000000	0.589315000000	0.063904400000	297.802859028098
163	0	0.150282000000	0.591850000000	0.038000100000	296.454563861827
163	1	0.193409000000	0.608718000000	0.074569500000	297.296028420099
163	2	0.128321000000	0.617667000000	0.072513100000	296.006012355826
163	3	0.145181000000	0.577565000000	0.089888500000	296.352957458225
164	0	0.193421000000	0.658707000000	0.072679500000	297.297093948944
164	1	0.143010000000	0.719067000000	0.036110100000	296.305479541393
164	2	0.128332000000	0.667656000000	0.070623200000	296.005175862517
164	3	0.152516000000	0.712093000000	0.081882500000	296.500013090689
165	0	0.054162500000	0.596888000000	0.139885000000	294.535608889270
165	1	0.126522000000	0.625534000000	0.161308000000	295.969830625700
165	2	0.114050000000	0.581738000000	0.125912000000	295.705232470747
165	3	0.097189000000	0.621841000000	0.108537000000	295.347989936920
166	0	0.197950000000	0.643961000000	0.099651700000	297.391358523307
166	1	0.162195000000	0.656604000000	0.150366000000	296.688566627317
166	2	0.157045000000	0.697347000000	0.108855000000	296.592875161328
166	3	0.132861000000	0.652910000000	0.097595300000	296.099820081493
167	0	0.057796400000	0.580082000000	0.161289000000	294.489257922422
167	1	0.130156000000	0.608728000000	0.182711000000	296.041575565028
167	2	0.112582000000	0.550647000000	0.199204000000	295.684411110506
167	3	0.117684000000	0.564932000000	0.147316000000	295.787872883782
168	0	0.038225200000	0.633788000000	0.172549000000	294.746490731475
168	1	0.038225200000	0.710421000000	0.164443000000	294.722689355380
168	2	0.089564700000	0.686366000000	0.241037000000	295.189416634215
168	3	0.110585000000	0.662434000000	0.193972000000	295.637405861024
169	0	0.035656400000	0.701884000000	0.133592000000	294.725134713024
169	1	0.108016000000	0.653897000000	0.163121000000	295.583828697413
169	2	0.035656400000	0.625251000000	0.141698000000	294.809332246995
169	3	0.078682800000	0.650203000000	0.110350000000	294.954136179685
170	0	0.195687000000	0.617837000000	0.101542000000	297.347460417290
170	1	0.159932000000	0.630480000000	0.152256000000	296.647781470030
170	2	0.130598000000	0.626786000000	0.099485300000	296.056869963019
170	3	0.147459000000	0.586684000000	0.116861000000	296.399980753210
171	0	0.056425500000	0.723326000000	0.127385000000	294.559758485077
171	1	0.128785000000	0.675339000000	0.156913000000	296.019913094168
171	2	0.099452000000	0.671646000000	0.104142000000	295.399766083402
171	3	0.123636000000	0.716082000000	0.115402000000	295.909339498940
172	0	0.055155000000	0.601011000000	0.186770000000	294.668367447698
172	1	0.106495000000	0.653589000000	0.255258000000	295.552659460930
172	2	0.109941000000	0.571576000000	0.224686000000	295.621921294358
172	3	0.127515000000	0.629657000000	0.208193000000	295.997897862103
173	0	0.164016000000	0.602573000000	0.185803000000	296.738453657092
173	1	0.201228000000	0.554008000000	0.174383000000	297.459536128919
173	2	0.146442000000	0.544492000000	0.202296000000	296.376862246686
173	3	0.151543000000	0.558777000000	0.150407000000	296.485163535153
174	0	0.196386000000	0.522222000000	0.163947000000	297.365971977019
174	1	0.143504000000	0.467923000000	0.141594000000	296.318951740903
174	2	0.141600000000	0.512705000000	0.191859000000	296.280757999172
174	3	0.146701000000	0.526990000000	0.139971000000	296.383635068035
175	0	0.216251000000	0.603971000000	0.114320000000	297.737587705064
175	1	0.180496000000	0.616614000000	0.165034000000	297.060046802726
175	2	0.168023000000	0.572818000000	0.129639000000	296.807911114463
175	3	0.217708000000	0.568050000000	0.153615000000	297.766961660851
176	0	0.254633000000	0.529588000000	0.050778400000	298.425961992253
176	1	0.185524000000	0.552274000000	0.102667000000	297.154389833847
176	2	0.235209000000	0.547506000000	0.126643000000	298.085778544677
176	3	0.233752000000	0.583427000000	0.087347800000	298.058397214097
177	0	0.218302000000	0.458207000000	0.110209000000	297.775095841035
177	1	0.161611000000	0.455057000000	0.122319000000	296.686873508215
177	2	0.214493000000	0.509357000000	0.144672000000	297.706206610150
177	3	0.164808000000	0.514125000000	0.120696000000	296.746417437009
178	0	0.187152000000	0.525367000000	0.104160000000	297.188976972402
178	1	0.256260000000	0.502681000000	0.052271700000	298.454950833644
178	2	0.236836000000	0.520599000000	0.128136000000	298.118196857684
178	3	0.240645000000	0.469450000000	0.093673300000	298.176851996278
179	0	0.056181700000	0.898329000000	0.102998000000	294.443083559076
179	1	0.136264000000	0.885279000000	0.123459000000	296.165461806597
179	2	0.105822000000	0.898626000000	0.052886200000	295.529001822930
179	3	0.108267000000	0.949044000000	0.103345000000	295.581393306118
180	0	0.176404000000	0.882439000000	0.092381000000	296.959769431712
180	1	0.170857000000	0.946203000000	0.021808200000	296.843091518835
180	2	0.203765000000	0.886296000000	0.021808200000	297.479952611879
180	3	0.145961000000	0.895786000000	0.021808200000	296.357594348181
181	0	0.120924000000	0.882333000000	0.156657000000	295.848759601052
181	1	0.040842100000	0.886145000000	0.193515000000	294.591886600513
181	2	0.092927500000	0.946097000000	0.136543000000	295.245467219167
181	3	0.040842100000	0.895382000000	0.136196000000	294.143486297429
182	0	0.104829000000	0.848663000000	0.158912000000	295.507793813307
182	1	0.024746800000	0.803470000000	0.146095000000	294.589613222922
182	2	0.024746800000	0.852475000000	0.195770000000	294.326292300972
182	3	0.024746800000	0.861713000000	0.138451000000	294.323230084696
183	0	0.159297000000	0.900951000000	0.107974000000	296.625019334109
183	1	0.153750000000	0.964716000000	0.037400700000	296.508244199460
183	2	0.128854000000	0.914298000000	0.037400700000	296.005227306496
183	3	0.131300000000	0.964716000000	0.087859300000	296.054654959744
184	0	0.143697000000	0.859878000000	0.035952600000	296.314746461879
184	1	0.161268000000	0.794094000000	0.081725000000	296.665422244578
184	2	0.201502000000	0.850388000000	0.035952600000	297.440245754014
184	3	0.174140000000	0.846530000000	0.106525000000	296.915650072421
185	0	0.060855600000	0.862421000000	0.101550000000	294.548966506615
185	1	0.128066000000	0.796935000000	0.097210400000	295.997985133130
185	2	0.110495000000	0.862718000000	0.051438100000	295.626201855838
185	3	0.140938000000	0.849371000000	0.122011000000	296.258800598123
186	0	0.125598000000	0.831281000000	0.139858000000	295.950572465547
186	1	0.045516000000	0.844331000000	0.119397000000	294.569377496824
186	2	0.112726000000	0.778845000000	0.115058000000	295.673982227032
186	3	0.045516000000	0.786088000000	0.127041000000	294.489033984043
187	0	0.229535000000	0.831594000000	0.047814500000	297.963414424597
187	1	0.262447000000	0.780265000000	0.086200400000	298.559074570590
187	2	0.202173000000	0.827737000000	0.118387000000	297.465365683609
187	3	0.189301000000	0.775300000000	0.093586900000	297.215632406040
188	0	0.247509000000	0.807952000000	0.026006300000	298.284089714509
188	1	0.207275000000	0.751658000000	0.071778700000	297.562110754778
188	2	0.278313000000	0.727588000000	0.026006300000	298.827607379405
188	3	0.280421000000	0.756624000000	0.064392200000	298.864011184749
189	0	0.278521000000	0.693695000000	0.037306900000	298.830682690117
189	1	0.207483000000	0.717765000000	0.083079300000	297.568259216725
189	2	0.248388000000	0.664380000000	0.073876300000	298.313869328709
189	3	0.280629000000	0.722731000000	0.075692700000	298.872598764456
190	0	0.356136000000	0.816652000000	0.011861900000	300.067337656823
190	1	0.282650000000	0.823295000000	0.011861900000	298.892792691272
190	2	0.313454000000	0.742931000000	0.011861900000	299.409085626170
190	3	0.315563000000	0.771966000000	0.050247700000	299.440377306114
191	0	0.331551000000	0.656395000000	0.093217400000	299.707992820710
191	1	0.277676000000	0.649892000000	0.076269600000	298.827927265642
191	2	0.309917000000	0.708243000000	0.078086000000	299.364305780285
191	3	0.307809000000	0.679208000000	0.039700200000	299.323679024490
192	0	0.363838000000	0.585004000000	0.011300600000	300.193500853197
192	1	0.303497000000	0.552714000000	0.011300600000	299.247163555875
192	2	0.282616000000	0.606554000000	0.047870000000	298.909653938489
192	3	0.312749000000	0.635870000000	0.011300600000	299.393422438939
193	0	0.292812000000	0.625201000000	0.064407700000	299.080029018984
193	1	0.374034000000	0.603651000000	0.027838300000	300.345280453146
193	2	0.322945000000	0.654517000000	0.027838300000	299.561577484138
193	3	0.346687000000	0.631705000000	0.081355500000	299.945713590027
194	0	0.165366000000	0.232657000000	0.235053000000	296.765010380526
194	1	0.211863000000	0.271748000000	0.247329000000	297.660103920627
194	2	0.256525000000	0.203455000000	0.214480000000	298.461706778547
194	3	0.237583000000	0.228003000000	0.174581000000	298.131392160129
195	0	0.218437000000	0.244488000000	0.164453000000	297.771133793271
195	1	0.146220000000	0.249142000000	0.224925000000	296.373109203192
195	2	0.192717000000	0.288233000000	0.237201000000	297.303533144430
195	3	0.175422000000	0.273286000000	0.171579000000	296.963461707543
196	0	0.167134000000	0.234050000000	0.263974000000	296.796383790420
196	1	0.258292000000	0.204848000000	0.243401000000	298.493150838717
196	2	0.213630000000	0.273141000000	0.276250000000	297.695534752945
196	3	0.245071000000	0.233903000000	0.297093000000	298.263834289723
197	0	0.147487000000	0.311959000000	0.273029000000	296.399446936605
197	1	0.056039500000	0.306211000000	0.283409000000	294.448268917940
197	2	0.100990000000	0.335794000000	0.240217000000	295.430734050300
197	3	0.100990000000	0.272868000000	0.260753000000	295.433908218494
198	0	0.153106000000	0.294170000000	0.183920000000	296.510563055631
198	1	0.123904000000	0.270025000000	0.237267000000	295.918977012335
198	2	0.170401000000	0.309117000000	0.249543000000	296.861524432283
198	3	0.123904000000	0.332952000000	0.216731000000	295.920752445388
199	0	0.202980000000	0.220978000000	0.344277000000	297.495828717398
199	1	0.154076000000	0.237858000000	0.287788000000	296.536778178041
199	2	0.200573000000	0.276949000000	0.300064000000	297.446624628602
199	3	0.232013000000	0.237711000000	0.320907000000	298.028801140921
200	0	0.372132000000	0.040409400000	0.206134000000	300.312840498426
200	1	0.348383000000	0.097055000000	0.300583000000	299.969011163633
200	2	0.325924000000	0.114531000000	0.234637000000	299.621234195770
200	3	0.327072000000	0.040409400000	0.275948000000	299.632867396177
201	0	0.272031000000	0.195931000000	0.343020000000	298.743026151542
201	1	0.307712000000	0.149399000000	0.355274000000	299.330931566710
201	2	0.242998000000	0.179197000000	0.366390000000	298.229861623850
201	3	0.256475000000	0.146642000000	0.348365000000	298.461826047857
202	0	0.298311000000	0.163068000000	0.265515000000	299.173667051315
202	1	0.320770000000	0.145591000000	0.331461000000	299.543813140263
202	2	0.285089000000	0.192123000000	0.319207000000	298.961610315264
202	3	0.269533000000	0.142835000000	0.324552000000	298.687973642611
203	0	0.302752000000	0.131184000000	0.261689000000	299.248456945790
203	1	0.303900000000	0.057062000000	0.303000000000	299.256865113474
203	2	0.325211000000	0.113708000000	0.327635000000	299.610826228917
203	3	0.273973000000	0.110951000000	0.320726000000	298.764335195905
204	0	0.374505000000	0.074150000000	0.313054000000	300.353084718564
204	1	0.398255000000	0.017504400000	0.218604000000	300.681550328621
204	2	0.436579000000	0.017504400000	0.287462000000	301.213606907129
204	3	0.353195000000	0.017504400000	0.288418000000	300.030410115248
205	0	0.502225000000	0.077371400000	0.138929000000	302.021380469401
205	1	0.495641000000	0.018264900000	0.229811000000	301.949628778827
205	2	0.457317000000	0.018264900000	0.160953000000	301.465804812709
205	3	0.534728000000	0.018264900000	0.160678000000	302.379696814558
206	0	0.513613000000	0.056975800000	0.245831000000	302.159654604743
206	1	0.581337000000	0.096964600000	0.207041000000	302.875425091108
206	2	0.520196000000	0.116082000000	0.154949000000	302.236162230715
206	3	0.504807000000	0.142258000000	0.198471000000	302.070747447688
207	0	0.480842000000	0.044618600000	0.236539000000	301.774766993147
207	1	0.442517000000	0.044618600000	0.167681000000	301.283056813452
207	2	0.472037000000	0.129901000000	0.189180000000	301.673265554630
207	3	0.487425000000	0.103725000000	0.145658000000	301.850811632993
208	0	0.528412000000	0.030622100000	0.239103000000	302.323272260185
208	1	0.534996000000	0.089728600000	0.148221000000	302.391966617198
208	2	0.596136000000	0.070610900000	0.200313000000	303.004153109384
208	3	0.567498000000	0.030622100000	0.169969000000	302.721894832393
209	0	0.091304100000	0.420025000000	0.244268000000	295.230347119666
209	1	0.046353900000	0.476446000000	0.281870000000	294.699597397882
209	2	0.096622000000	0.453897000000	0.306624000000	295.335013094649
209	3	0.101140000000	0.485963000000	0.253958000000	295.438388507108
210	0	0.029424100000	0.446929000000	0.292223000000	294.669825929894
210	1	0.029424100000	0.360924000000	0.297812000000	294.124701372529
210	2	0.074374300000	0.390507000000	0.254621000000	294.861596719691
210	3	0.079692200000	0.424379000000	0.316977000000	294.978697059502
211	0	0.057682800000	0.336124000000	0.296332000000	294.682160465161
211	1	0.107951000000	0.399578000000	0.315496000000	295.587637072755
211	2	0.149130000000	0.341871000000	0.285952000000	296.443881925991
211	3	0.102633000000	0.365706000000	0.253141000000	295.463945976459
212	0	0.015533700000	0.432197000000	0.393016000000	294.363378647003
212	1	0.015533700000	0.370766000000	0.330483000000	294.443117259937
212	2	0.015533700000	0.456770000000	0.324893000000	294.416303655535
212	3	0.065801800000	0.434221000000	0.349647000000	294.672169722854
213	0	0.065617600000	0.015339600000	0.894976000000	294.650571171689
213	1	0.015490200000	0.015339600000	0.945710000000	293.979368140250
213	2	0.015490200000	0.064979400000	0.895292000000	294.108169417328
213	3	0.015490200000	0.015339600000	0.871174000000	294.068574815768
214	0	0.441249000000	0.328172000000	0.012793800000	301.276283109859
214	1	0.416676000000	0.396294000000	0.012793800000	300.948586543241
214	2	0.355245000000	0.333761000000	0.012793800000	300.066008145287
214	3	0.368472000000	0.363534000000	0.054195400000	300.268931511531
215	0	0.387728000000	0.424754000000	0.012793800000	300.540260037805
215	1	0.318626000000	0.448729000000	0.012793800000	299.495005927001
215	2	0.326297000000	0.362221000000	0.012793800000	299.615831293473
215	3	0.339525000000	0.391994000000	0.054195400000	299.830679851597
216	0	0.065801800000	0.470337000000	0.366451000000	294.676514756473
216	1	0.015533700000	0.523758000000	0.401663000000	294.339723771291
216	2	0.015533700000	0.492887000000	0.341697000000	294.222136556421
216	3	0.015533700000	0.468313000000	0.409820000000	294.552056970373
217	0	0.067204300000	0.653628000000	0.318479000000	294.700940395910
217	1	0.015864800000	0.562098000000	0.315819000000	294.353715434350
217	2	0.015864800000	0.592969000000	0.375785000000	294.066577395692
217	3	0.015864800000	0.647420000000	0.322295000000	294.693911404748
218	0	0.015864800000	0.676935000000	0.430535000000	294.320623722054
218	1	0.067204300000	0.680738000000	0.345560000000	294.703035540601
218	2	0.015864800000	0.620079000000	0.402866000000	294.007429522520
218	3	0.015864800000	0.674529000000	0.349376000000	294.978225265984
219	0	0.422054000000	0.209578000000	0.193489000000	301.040031888001
219	1	0.368296000000	0.255841000000	0.226291000000	300.281894035473
219	2	0.384469000000	0.235576000000	0.149967000000	300.509624674194
219	3	0.346326000000	0.198418000000	0.200494000000	299.941439992709
220	0	0.355215000000	0.239713000000	0.139802000000	300.074426524621
220	1	0.339041000000	0.259978000000	0.216126000000	299.832914415287
220	2	0.298130000000	0.227103000000	0.150431000000	299.170726408428
220	3	0.317072000000	0.202555000000	0.190329000000	299.482518784842
221	0	0.246822000000	0.280469000000	0.248943000000	298.296502843161
221	1	0.272542000000	0.236724000000	0.176195000000	298.735360482305
221	2	0.313453000000	0.269599000000	0.241891000000	299.434135646218
221	3	0.291484000000	0.212176000000	0.216094000000	299.060552965730
222	0	0.248589000000	0.281862000000	0.277864000000	298.334839986072
222	1	0.293251000000	0.213569000000	0.245015000000	299.093782779999
222	2	0.315221000000	0.270992000000	0.270812000000	299.462673867451
222	3	0.280029000000	0.242624000000	0.298707000000	298.874288327103
223	0	0.336452000000	0.169588000000	0.321189000000	299.796121440243
223	1	0.335962000000	0.244487000000	0.281040000000	299.787260126397
223	2	0.313993000000	0.187065000000	0.255243000000	299.439114544279
223	3	0.300771000000	0.216120000000	0.308935000000	299.228626138943
224	0	0.253142000000	0.367004000000	0.153803000000	298.412003989314
224	1	0.191564000000	0.333422000000	0.134456000000	297.256442731761
224	2	0.174103000000	0.393359000000	0.126691000000	296.935194248552
224	3	0.230793000000	0.396509000000	0.114581000000	298.006832829457
225	0	0.352569000000	0.277548000000	0.111413000000	300.035183518723
225	1	0.295484000000	0.264937000000	0.122041000000	299.125878467290
225	2	0.314046000000	0.327317000000	0.148515000000	299.439320734087
225	3	0.328211000000	0.333319000000	0.109292000000	299.655390698395
226	0	0.242736000000	0.345590000000	0.192762000000	298.224392423386
226	1	0.151956000000	0.350790000000	0.206225000000	296.500382730542
226	2	0.181158000000	0.312008000000	0.173414000000	297.069215293726
226	3	0.198453000000	0.326955000000	0.239036000000	297.412956845604
227	0	0.152956000000	0.385848000000	0.142972000000	296.518654047229
227	1	0.231996000000	0.359493000000	0.170084000000	298.025148452026
227	2	0.141216000000	0.364693000000	0.183548000000	296.280438040846
227	3	0.170418000000	0.325911000000	0.150737000000	296.858468908743
228	0	0.259595000000	0.390219000000	0.110839000000	298.522639593175
228	1	0.220366000000	0.327132000000	0.130714000000	297.809054089687
228	2	0.296108000000	0.366715000000	0.110839000000	299.139121952856
228	3	0.281944000000	0.360714000000	0.150061000000	298.907954377032
229	0	0.297278000000	0.338321000000	0.114778000000	299.154198648528
229	1	0.221536000000	0.298738000000	0.134653000000	297.823478442131
229	2	0.264551000000	0.269940000000	0.127527000000	298.604218470795
229	3	0.283114000000	0.332320000000	0.154001000000	298.925714938295
230	0	0.246490000000	0.262327000000	0.153947000000	298.292773670590
230	1	0.220770000000	0.306072000000	0.226695000000	297.822562226327
230	2	0.265052000000	0.324707000000	0.180421000000	298.619156507672
230	3	0.203475000000	0.291125000000	0.161073000000	297.487199222106
231	0	0.298013000000	0.253965000000	0.146282000000	299.163448435796
231	1	0.338924000000	0.286840000000	0.211978000000	299.835262305004
231	2	0.355098000000	0.266576000000	0.135654000000	300.073219250882
231	3	0.316575000000	0.316345000000	0.172755000000	299.478821222628
232	0	0.272425000000	0.263586000000	0.172047000000	298.734824924617
232	1	0.246704000000	0.307331000000	0.244794000000	298.290096433148
232	2	0.313336000000	0.296461000000	0.237742000000	299.430309151344
232	3	0.290987000000	0.325966000000	0.198520000000	299.058162243279
233	0	0.343040000000	0.503795000000	0.012793800000	299.887137023381
233	1	0.412142000000	0.479820000000	0.012793800000	300.894800698961
233	2	0.403382000000	0.536084000000	0.012793800000	300.770664757420
233	3	0.390274000000	0.506458000000	0.054195400000	300.588463278167
234	0	0.337819000000	0.526064000000	0.088939400000	299.812954110212
234	1	0.290585000000	0.523400000000	0.047537800000	299.042550859137
234	2	0.271161000000	0.541318000000	0.123402000000	298.721225859178
234	3	0.269704000000	0.577240000000	0.084107200000	298.695216057945
235	0	0.330851000000	0.476285000000	0.025587600000	299.694652644804
235	1	0.351750000000	0.419549000000	0.066989200000	300.023778095612
235	2	0.399954000000	0.452310000000	0.025587600000	300.720017808372
235	3	0.378085000000	0.478948000000	0.066989200000	300.413792202879
236	0	0.339446000000	0.499157000000	0.090432700000	299.833379335884
236	1	0.272788000000	0.514412000000	0.124896000000	298.744071841029
236	2	0.292212000000	0.496494000000	0.049031100000	299.071635571703
236	3	0.276597000000	0.463262000000	0.090432700000	298.813472900317
237	0	0.351906000000	0.476088000000	0.079783000000	300.025455061019
237	1	0.304672000000	0.473424000000	0.038381400000	299.276201593393
237	2	0.325571000000	0.416689000000	0.079783000000	299.615388229832
237	3	0.289058000000	0.440193000000	0.079783000000	299.019912330907
238	0	0.281357000000	0.559965000000	0.139940000000	298.895297244808
238	1	0.348014000000	0.544711000000	0.105477000000	299.972580861586
238	2	0.279900000000	0.595887000000	0.100645000000	298.872380586030
238	3	0.333774000000	0.602390000000	0.117593000000	299.754377665168
239	0	0.294353000000	0.581681000000	0.060663800000	299.103726880188
239	1	0.375575000000	0.560131000000	0.024094400000	300.369521583047
239	2	0.362468000000	0.530505000000	0.065496000000	300.178767214411
239	3	0.315234000000	0.527841000000	0.024094400000	299.446569754279
240	0	0.385771000000	0.578778000000	0.040632100000	300.524747383045
240	1	0.304549000000	0.600328000000	0.077201500000	299.274250965302
240	2	0.372663000000	0.549152000000	0.082033700000	300.342915445796
240	3	0.358423000000	0.606831000000	0.094149300000	300.127478331992
241	0	0.287088000000	0.411651000000	0.117491000000	298.992002539848
241	1	0.336829000000	0.417920000000	0.158893000000	299.806022170389
241	2	0.309437000000	0.382146000000	0.156713000000	299.366358120175
241	3	0.323601000000	0.388147000000	0.117491000000	299.587207055268
242	0	0.349991000000	0.490825000000	0.116020000000	299.998683864657
242	1	0.283334000000	0.506080000000	0.150483000000	298.931428553544
242	2	0.287143000000	0.454930000000	0.116020000000	298.995377195858
242	3	0.336883000000	0.461199000000	0.157422000000	299.809740354067
243	0	0.299603000000	0.431861000000	0.105371000000	299.202230960626
243	1	0.362452000000	0.467756000000	0.105371000000	300.191402309965
243	2	0.349344000000	0.438130000000	0.146772000000	299.998070324646
243	3	0.336117000000	0.408357000000	0.105371000000	299.789664452175
244	0	0.262969000000	0.387205000000	0.259328000000	298.592338473748
244	1	0.311104000000	0.325643000000	0.258347000000	299.397284935139
244	2	0.244472000000	0.336514000000	0.265399000000	298.262055609362
244	3	0.288755000000	0.355149000000	0.219124000000	299.022243612874
245	0	0.230333000000	0.444266000000	0.210938000000	297.999482491821
245	1	0.177080000000	0.438566000000	0.143623000000	296.988279689277
245	2	0.229961000000	0.492865000000	0.165976000000	297.996933777735
245	3	0.233770000000	0.441716000000	0.131513000000	298.061190696494
246	0	0.163017000000	0.371073000000	0.224627000000	296.719786197138
246	1	0.253796000000	0.365873000000	0.211164000000	298.426595154545
246	2	0.228010000000	0.397929000000	0.251367000000	297.954319692965
246	3	0.209514000000	0.347238000000	0.257439000000	297.620414237817
247	0	0.185163000000	0.413642000000	0.145093000000	297.140166775825
247	1	0.238416000000	0.419343000000	0.212409000000	298.147825904835
247	2	0.264202000000	0.387287000000	0.172206000000	298.605721262794
247	3	0.241853000000	0.416792000000	0.132983000000	298.210517412455
248	0	0.266659000000	0.444626000000	0.140564000000	298.646631639598
248	1	0.263222000000	0.447177000000	0.219990000000	298.589480917466
248	2	0.316400000000	0.450895000000	0.181966000000	299.472220178385
248	3	0.262850000000	0.495776000000	0.175027000000	298.585925680239
249	0	0.158973000000	0.451431000000	0.162898000000	296.637571256950
249	1	0.212226000000	0.457132000000	0.230213000000	297.665989137863
249	2	0.211854000000	0.505730000000	0.185251000000	297.661468731859
249	3	0.157068000000	0.496214000000	0.213163000000	296.604901356690
250	0	0.164017000000	0.406132000000	0.161374000000	296.734912933066
250	1	0.243056000000	0.379776000000	0.188486000000	298.229939849827
250	2	0.217270000000	0.411832000000	0.228690000000	297.759203280889
250	3	0.152276000000	0.384976000000	0.201950000000	296.504109696543
251	0	0.141925000000	0.417019000000	0.310413000000	296.289231482915
251	1	0.136607000000	0.383147000000	0.248057000000	296.190836557955
251	2	0.201601000000	0.410003000000	0.274797000000	297.464647624588
251	3	0.183104000000	0.359312000000	0.280868000000	297.107334849364
252	0	0.190272000000	0.437744000000	0.267652000000	297.253667100870
252	1	0.125279000000	0.410888000000	0.240912000000	295.953741141832
252	2	0.130596000000	0.444760000000	0.303268000000	296.063455475460
252	3	0.135114000000	0.476827000000	0.250601000000	296.157670694011
253	0	0.192257000000	0.433815000000	0.235844000000	297.296475180872
253	1	0.137099000000	0.472897000000	0.218794000000	296.191486239743
253	2	0.139004000000	0.428115000000	0.168529000000	296.230389025357
253	3	0.127263000000	0.406959000000	0.209104000000	295.994418050962
254	0	0.271305000000	0.422253000000	0.221461000000	298.729915676213
254	1	0.274743000000	0.419703000000	0.142035000000	298.782586288317
254	2	0.324483000000	0.425971000000	0.183436000000	299.601370566003
254	3	0.297091000000	0.390197000000	0.181257000000	299.158843353094
255	0	0.241517000000	0.582835000000	0.237170000000	298.211172701263
255	1	0.167682000000	0.550171000000	0.222777000000	296.815155181275
255	2	0.185256000000	0.608252000000	0.206284000000	297.155083625984
255	3	0.222468000000	0.559688000000	0.194865000000	297.854779875765
256	0	0.286609000000	0.541882000000	0.241054000000	298.993754382124
256	1	0.321109000000	0.473854000000	0.205688000000	299.564564829718
256	2	0.267931000000	0.470136000000	0.243712000000	298.673670648269
256	3	0.267559000000	0.518735000000	0.198750000000	298.662798916727
257	0	0.354351000000	0.540763000000	0.130693000000	300.069765477640
257	1	0.306742000000	0.579164000000	0.207461000000	299.329546618918
257	2	0.340111000000	0.598443000000	0.142808000000	299.856509482113
257	3	0.287693000000	0.556017000000	0.165156000000	299.002829140280
258	0	0.234454000000	0.481064000000	0.250193000000	298.079139780449
258	1	0.179296000000	0.520146000000	0.233143000000	297.048101034707
258	2	0.253131000000	0.552810000000	0.247535000000	298.419226106296
258	3	0.234082000000	0.529663000000	0.205231000000	298.069939069650
259	0	0.307092000000	0.552185000000	0.216510000000	299.332681713807
259	1	0.354701000000	0.513784000000	0.139743000000	300.079923087797
259	2	0.341593000000	0.484158000000	0.181144000000	299.883842514681
259	3	0.288043000000	0.529039000000	0.174206000000	299.008248066264
260	0	0.060320800000	0.505300000000	0.299682000000	294.548506086598
260	1	0.150469000000	0.542251000000	0.319723000000	296.468816391140
260	2	0.110589000000	0.482750000000	0.324436000000	295.639800313477
260	3	0.115107000000	0.514817000000	0.271770000000	295.734844276726
261	0	0.173294000000	0.525683000000	0.256586000000	296.926196588848
261	1	0.228451000000	0.486601000000	0.273637000000	297.968331555054
261	2	0.247129000000	0.558347000000	0.270979000000	298.309983933630
261	3	0.208656000000	0.553118000000	0.304539000000	297.610173945177
262	0	0.184443000000	0.533115000000	0.316366000000	297.143879952197
262	1	0.204239000000	0.466598000000	0.285464000000	297.521730313124
262	2	0.144563000000	0.473614000000	0.321080000000	296.352203690432
262	3	0.149081000000	0.505680000000	0.268414000000	296.440029165210
263	0	0.211841000000	0.610405000000	0.302442000000	297.668074921536
263	1	0.194053000000	0.641051000000	0.237996000000	297.324493407727
263	2	0.224372000000	0.671191000000	0.281246000000	297.895501839813
263	3	0.250314000000	0.615634000000	0.268882000000	298.363896175951
264	0	0.133539000000	0.548850000000	0.346879000000	296.126411536999
264	1	0.043391000000	0.542770000000	0.386804000000	294.285165149905
264	2	0.043391000000	0.511899000000	0.326838000000	294.220487219923
264	3	0.093659100000	0.489349000000	0.351592000000	295.281040371841
265	0	0.170172000000	0.656301000000	0.242996000000	296.863724377783
265	1	0.187960000000	0.625654000000	0.307441000000	297.212802702025
265	2	0.200491000000	0.686441000000	0.286245000000	297.452605057241
265	3	0.149152000000	0.680233000000	0.290061000000	296.438661855935
266	0	0.179253000000	0.613789000000	0.229728000000	297.040698990203
266	1	0.161680000000	0.555708000000	0.246221000000	296.697464067501
266	2	0.235515000000	0.588372000000	0.260613000000	298.102347861437
266	3	0.197042000000	0.583143000000	0.294173000000	297.391228819127
267	0	0.137798000000	0.570958000000	0.251221000000	296.208891076690
267	1	0.134352000000	0.652971000000	0.281793000000	296.139181013290
267	2	0.173160000000	0.598392000000	0.299173000000	296.918908642034
267	3	0.155372000000	0.629039000000	0.234728000000	296.568105358635
268	0	0.095061600000	0.638681000000	0.322671000000	295.314822250380
268	1	0.043722100000	0.547151000000	0.320011000000	294.171694692265
268	2	0.133870000000	0.584103000000	0.340051000000	296.132995997602
268	3	0.043722100000	0.578022000000	0.379977000000	294.185948453601
269	0	0.060651900000	0.540552000000	0.292855000000	294.546983650682
269	1	0.111991000000	0.632082000000	0.295515000000	295.671943665808
269	2	0.150800000000	0.577504000000	0.312895000000	296.477342570843
269	3	0.115438000000	0.550069000000	0.264943000000	295.746580888494
270	0	0.039458200000	0.678540000000	0.442731000000	294.393457033002
270	1	0.039458200000	0.621684000000	0.415062000000	294.296142050960
270	2	0.090797700000	0.682343000000	0.357756000000	295.214904793458
270	3	0.115808000000	0.681329000000	0.401039000000	295.753501497438
271	0	0.189193000000	0.632737000000	0.335361000000	297.244042262472
271	1	0.201724000000	0.693524000000	0.314165000000	297.476244244229
271	2	0.150385000000	0.687315000000	0.317981000000	296.470546206438
271	3	0.175395000000	0.686302000000	0.361264000000	296.967906499358
272	0	0.067315500000	0.605993000000	0.394174000000	294.700650267288
272	1	0.157464000000	0.612074000000	0.354248000000	296.610035160834
272	2	0.118655000000	0.666652000000	0.336868000000	295.812804592477
272	3	0.143665000000	0.665639000000	0.380152000000	296.332534674329
273	0	0.356373000000	0.664981000000	0.016537700000	300.081508565058
273	1	0.434414000000	0.669527000000	0.016537700000	301.187595248198
273	2	0.380114000000	0.642169000000	0.070054900000	300.443060654387
273	3	0.407462000000	0.614115000000	0.016537700000	300.826079259823
274	0	0.419278000000	0.694218000000	0.028399600000	300.985670919825
274	1	0.364978000000	0.666859000000	0.081916800000	300.219018696712
274	2	0.343345000000	0.718707000000	0.066785400000	299.888436089660
274	3	0.341237000000	0.689671000000	0.028399600000	299.847169590480
275	0	0.425131000000	0.724049000000	0.011861900000	301.052533053166
275	1	0.389772000000	0.793223000000	0.011861900000	300.554253598827
275	2	0.347090000000	0.719502000000	0.011861900000	299.928610603347
275	3	0.349198000000	0.748537000000	0.050247700000	299.972586407253
276	0	0.426162000000	0.514025000000	0.054195400000	301.089458371058
276	1	0.495066000000	0.535848000000	0.012793800000	301.947130390343
276	2	0.448031000000	0.487387000000	0.012793800000	301.368915311558
276	3	0.439270000000	0.543651000000	0.012793800000	301.250573265216
277	0	0.356511000000	0.017504400000	0.327237000000	300.079789198309
277	1	0.439896000000	0.017504400000	0.326281000000	301.257959654013
277	2	0.377822000000	0.074150000000	0.351872000000	300.412290758567
277	3	0.412305000000	0.017504400000	0.383042000000	300.888684751970
278	0	0.226023000000	0.230785000000	0.360402000000	297.927004543805
278	1	0.223616000000	0.286756000000	0.316189000000	297.880753915229
278	2	0.251690000000	0.279401000000	0.356096000000	298.384102975003
278	3	0.255057000000	0.247518000000	0.337032000000	298.445180768178
279	0	0.257960000000	0.379173000000	0.285959000000	298.504362587145
279	1	0.306095000000	0.317612000000	0.284978000000	299.316377547408
279	2	0.267537000000	0.321127000000	0.331937000000	298.666996390578
279	3	0.239463000000	0.328482000000	0.292030000000	298.173610879311
280	0	0.243463000000	0.300693000000	0.300347000000	298.246855497627
280	1	0.310095000000	0.289823000000	0.293295000000	299.378544567207
280	2	0.271537000000	0.293338000000	0.340254000000	298.731701037852
280	3	0.274903000000	0.261455000000	0.321190000000	298.790471239988
281	0	0.261153000000	0.266208000000	0.374675000000	298.556101704708
281	1	0.235486000000	0.217592000000	0.378982000000	298.096330989008
281	2	0.264519000000	0.234326000000	0.355612000000	298.610706424840
281	3	0.263700000000	0.230871000000	0.394894000000	298.596366173606
282	0	0.247552000000	0.193361000000	0.376878000000	298.312239427343
282	1	0.312267000000	0.163562000000	0.365762000000	299.405447550966
282	2	0.276585000000	0.210094000000	0.353508000000	298.822840909906
282	3	0.275766000000	0.206640000000	0.392790000000	298.805900973248
283	0	0.320613000000	0.150956000000	0.384528000000	299.541438500794
283	1	0.255898000000	0.180754000000	0.395643000000	298.463629160024
283	2	0.311941000000	0.156692000000	0.433001000000	299.404773999406
283	3	0.284113000000	0.194033000000	0.411556000000	298.944284853475
284	0	0.252786000000	0.163525000000	0.399950000000	298.408569904242
284	1	0.317501000000	0.133726000000	0.388834000000	299.493431270336
284	2	0.308829000000	0.139462000000	0.437308000000	299.347976869724
284	3	0.270931000000	0.121049000000	0.429798000000	298.722051509110
285	0	0.296450000000	0.047744000000	0.336037000000	299.130976067918
285	1	0.271190000000	0.091712100000	0.401636000000	298.715093993775
285	2	0.317760000000	0.104390000000	0.360672000000	299.494204376562
285	3	0.266523000000	0.101633000000	0.353763000000	298.637909854785
286	0	0.226124000000	0.116885000000	0.409209000000	297.909814610995
286	1	0.170258000000	0.124579000000	0.357000000000	296.854170055435
286	2	0.207979000000	0.159360000000	0.379361000000	297.585997430414
286	3	0.221456000000	0.126806000000	0.361336000000	297.833572538531
287	0	0.268251000000	0.030239500000	0.343108000000	298.664678627190
287	1	0.198309000000	0.030239500000	0.390627000000	297.394179454422
287	2	0.242992000000	0.074207700000	0.408708000000	298.221443933171
287	3	0.238324000000	0.084128600000	0.360834000000	298.136940923424
288	0	0.217923000000	0.090172100000	0.412846000000	297.761413258826
288	1	0.173240000000	0.046204000000	0.394765000000	296.911886987794
288	2	0.162057000000	0.097865900000	0.360637000000	296.692990251763
288	3	0.213255000000	0.100093000000	0.364972000000	297.680352237714
289	0	0.304348000000	0.131102000000	0.371720000000	299.275487484036
289	1	0.257778000000	0.118425000000	0.412684000000	298.493698739366
289	2	0.239633000000	0.160900000000	0.382836000000	298.166642691879
289	3	0.253110000000	0.128346000000	0.364811000000	298.400863170262
290	0	0.021066000000	0.085071000000	0.582559000000	294.186672925984
290	1	0.089237000000	0.020082500000	0.580662000000	295.170102659025
290	2	0.021066000000	0.020082500000	0.619943000000	294.113569621894
290	3	0.021066000000	0.020082500000	0.545407000000	294.039550456173
291	0	0.326606000000	0.017504400000	0.438373000000	299.623289370654
291	1	0.329767000000	0.017504400000	0.353698000000	299.674897957239
291	2	0.351078000000	0.074150000000	0.378334000000	300.002638640090
291	3	0.385561000000	0.017504400000	0.409503000000	300.508876960707
292	0	0.185231000000	0.013586900000	0.449479000000	297.139533089191
292	1	0.186086000000	0.013586900000	0.525461000000	297.156079781515
292	2	0.252012000000	0.013586900000	0.486635000000	298.375155098335
292	3	0.229914000000	0.057555100000	0.467560000000	297.987273944186
293	0	0.305465000000	0.050368300000	0.463991000000	299.289533545876
293	1	0.329937000000	0.107014000000	0.403952000000	299.688693685980
293	2	0.283367000000	0.094336400000	0.444917000000	298.929752201867
293	3	0.321265000000	0.112750000000	0.452426000000	299.553308588533
294	0	0.330512000000	0.036781400000	0.460965000000	299.693029875492
294	1	0.389466000000	0.036781400000	0.432095000000	300.570176111168
294	2	0.354983000000	0.093426900000	0.400926000000	300.073801862127
294	3	0.346311000000	0.099162700000	0.449399000000	299.945610437355
295	0	0.276522000000	0.013586900000	0.363796000000	298.801680148492
295	1	0.206580000000	0.013586900000	0.411315000000	297.551618298745
295	2	0.273361000000	0.013586900000	0.448471000000	298.752366947819
295	3	0.251263000000	0.057555100000	0.429396000000	298.364189996944
296	0	0.304721000000	0.031091300000	0.356725000000	299.268070738091
296	1	0.301560000000	0.031091300000	0.441400000000	299.219798962284
296	2	0.326031000000	0.087736900000	0.381360000000	299.619079860934
296	3	0.279462000000	0.075059500000	0.422325000000	298.853655239886
297	0	0.119567000000	0.295958000000	0.372631000000	295.836419297411
297	1	0.060425100000	0.296807000000	0.314668000000	294.572372768706
297	2	0.151872000000	0.302555000000	0.304287000000	296.492279287030
297	3	0.105375000000	0.263464000000	0.292011000000	295.524384632904
298	0	0.018276000000	0.280398000000	0.366135000000	294.962409286808
298	1	0.018276000000	0.207371000000	0.413143000000	294.734831206716
298	2	0.077418200000	0.279548000000	0.424099000000	294.926212263520
298	3	0.018276000000	0.272726000000	0.452643000000	294.475076499681
299	0	0.061168800000	0.183918000000	0.389864000000	294.667654523348
299	1	0.106119000000	0.223601000000	0.320200000000	295.542705387598
299	2	0.120311000000	0.256095000000	0.400820000000	295.846829055470
299	3	0.155023000000	0.206721000000	0.376689000000	296.556902091384
300	0	0.018276000000	0.383378000000	0.433466000000	294.861285162498
300	1	0.018276000000	0.321947000000	0.370933000000	294.922979797902
300	2	0.077418200000	0.321098000000	0.428897000000	294.925257738860
300	3	0.018276000000	0.314276000000	0.457441000000	294.552743095541
301	0	0.062068400000	0.326719000000	0.327591000000	294.817768243474
301	1	0.153515000000	0.332467000000	0.317211000000	296.529484366329
301	2	0.112336000000	0.390174000000	0.346755000000	295.679181719115
301	3	0.121211000000	0.325870000000	0.385555000000	295.872379007008
302	0	0.092951900000	0.343077000000	0.408086000000	295.261970222684
302	1	0.033809700000	0.343926000000	0.350122000000	294.800463140338
302	2	0.033809700000	0.405357000000	0.412655000000	294.413570008959
302	3	0.084077700000	0.407381000000	0.369287000000	295.073694159674
303	0	0.134378000000	0.247944000000	0.302466000000	296.141633928540
303	1	0.148570000000	0.280438000000	0.383086000000	296.432512029269
303	2	0.183281000000	0.231064000000	0.358955000000	297.112855312995
303	3	0.180875000000	0.287035000000	0.314742000000	297.074094249052
304	0	0.032166300000	0.199438000000	0.379409000000	294.498764666582
304	1	0.091308600000	0.271615000000	0.390365000000	295.230998895226
304	2	0.077116500000	0.239121000000	0.309745000000	294.913659357718
304	3	0.032166300000	0.272464000000	0.332401000000	294.654584068106
305	0	0.241454000000	0.276295000000	0.389354000000	298.212388559260
305	1	0.181076000000	0.277052000000	0.417791000000	297.075704509635
305	2	0.215787000000	0.227678000000	0.393660000000	297.741619357461
305	3	0.244002000000	0.240958000000	0.409573000000	298.259080352883
306	0	0.203918000000	0.296842000000	0.330868000000	297.513546377756
306	1	0.171613000000	0.290245000000	0.399212000000	296.890525536348
306	2	0.206325000000	0.240871000000	0.375081000000	297.559855103773
306	3	0.231992000000	0.289487000000	0.370774000000	298.038814172528
307	0	0.070783900000	0.174188000000	0.425680000000	294.779060841727
307	1	0.129926000000	0.246366000000	0.436636000000	296.053871843134
307	2	0.146849000000	0.182387000000	0.471917000000	296.391641059466
307	3	0.164638000000	0.196992000000	0.412505000000	296.746581559180
308	0	0.212615000000	0.170844000000	0.476850000000	297.675600771813
308	1	0.286446000000	0.161387000000	0.454796000000	298.981981011070
308	2	0.230403000000	0.185449000000	0.417438000000	298.003262834312
308	3	0.258618000000	0.198729000000	0.433350000000	298.509966947129
309	0	0.160596000000	0.130125000000	0.380930000000	296.663402317214
309	1	0.180529000000	0.150303000000	0.462703000000	297.062924573793
309	2	0.216462000000	0.122432000000	0.433139000000	297.734426344032
309	3	0.198317000000	0.164907000000	0.403290000000	297.404814715360
310	0	0.152395000000	0.103413000000	0.384566000000	296.492439585262
310	1	0.172328000000	0.123590000000	0.466339000000	296.896514876820
310	2	0.163578000000	0.051750800000	0.418695000000	296.718019933092
310	3	0.208261000000	0.095719000000	0.436775000000	297.582896517469
311	0	0.283334000000	0.144157000000	0.459102000000	298.929288580480
311	1	0.209503000000	0.153615000000	0.481157000000	297.614438900051
311	2	0.227292000000	0.168220000000	0.421744000000	297.942718614651
311	3	0.245436000000	0.125744000000	0.451593000000	298.266890495704
312	0	0.023505500000	0.061948000000	0.501467000000	294.602222946912
312	1	0.099571100000	0.133787000000	0.508384000000	295.404124567501
312	2	0.023505500000	0.125588000000	0.462147000000	294.883824259192
312	3	0.023505500000	0.126936000000	0.538619000000	295.088052736866
313	0	0.044571600000	0.042282000000	0.524512000000	294.210900042438
313	1	0.120637000000	0.114121000000	0.531429000000	295.841286630002
313	2	0.044571600000	0.107270000000	0.561664000000	294.549389826501
313	3	0.112743000000	0.042282000000	0.559766000000	295.682775173762
314	0	0.044307100000	0.041865500000	0.477401000000	294.612546878558
314	1	0.120373000000	0.113705000000	0.484318000000	295.841102021754
314	2	0.111623000000	0.041865500000	0.436674000000	295.656715917401
314	3	0.044307100000	0.105506000000	0.438081000000	294.625223601468
315	0	0.141439000000	0.094038700000	0.507363000000	296.273280567765
315	1	0.065373200000	0.022199500000	0.500446000000	294.653245431566
315	2	0.132689000000	0.022199500000	0.459719000000	296.095411171227
315	3	0.133544000000	0.022199500000	0.535700000000	296.110992349726
316	0	0.061653100000	0.121470000000	0.414949000000	294.678252919757
316	1	0.137719000000	0.129669000000	0.461187000000	296.203558360154
316	2	0.128969000000	0.057829900000	0.413542000000	296.010903062383
316	3	0.117786000000	0.109492000000	0.379414000000	295.793713917470
317	0	0.145919000000	0.156382000000	0.457550000000	296.369678732892
317	1	0.069854000000	0.148183000000	0.411313000000	294.758722084106
317	2	0.163708000000	0.170986000000	0.398138000000	296.724879057022
317	3	0.125987000000	0.136204000000	0.375777000000	295.964940946354
318	0	0.168154000000	0.035786400000	0.528702000000	296.810401067525
318	1	0.167298000000	0.035786400000	0.452720000000	296.793181344525
318	2	0.176048000000	0.107626000000	0.500365000000	296.968852645648
318	3	0.211981000000	0.079754600000	0.470801000000	297.652532475946
319	0	0.184571000000	0.193537000000	0.472763000000	297.143897506621
319	1	0.167647000000	0.257516000000	0.437482000000	296.804784416802
319	2	0.230573000000	0.221422000000	0.429263000000	298.011666412171
319	3	0.202359000000	0.208142000000	0.413351000000	297.485650253237
320	0	0.012149100000	0.263780000000	0.550805000000	294.320555770224
320	1	0.012149100000	0.273032000000	0.633960000000	294.323363228304
320	2	0.012149100000	0.199772000000	0.587777000000	294.985516647111
320	3	0.051464200000	0.238721000000	0.593785000000	294.466424395398
321	0	0.035654600000	0.157707000000	0.475484000000	294.747237560167
321	1	0.111720000000	0.165906000000	0.521721000000	295.665299073389
321	2	0.074969800000	0.198004000000	0.557964000000	294.871590988814
321	3	0.035654600000	0.159055000000	0.551956000000	294.761882533056
322	0	0.012149100000	0.175369000000	0.473402000000	294.775816321492
322	1	0.051464200000	0.215666000000	0.555882000000	294.562939340684
322	2	0.012149100000	0.240725000000	0.512903000000	294.427318484572
322	3	0.012149100000	0.176717000000	0.549874000000	295.021766351279
323	0	0.012149100000	0.362547000000	0.581648000000	294.477077484425
323	1	0.051464200000	0.277147000000	0.592338000000	294.344547560618
323	2	0.012149100000	0.311458000000	0.632514000000	294.461865233844
323	3	0.012149100000	0.302206000000	0.549358000000	294.255105615353
324	0	0.030425000000	0.197257000000	0.453157000000	294.672975978913
324	1	0.069740200000	0.237553000000	0.535637000000	294.753895946564
324	2	0.089567300000	0.269434000000	0.464113000000	295.187863905153
324	3	0.030425000000	0.262612000000	0.492657000000	294.312803474119
325	0	0.053930600000	0.179594000000	0.455239000000	294.658062697617
325	1	0.113073000000	0.251771000000	0.466195000000	295.697906422614
325	2	0.093245700000	0.219891000000	0.537719000000	295.265872021845
325	3	0.129996000000	0.187793000000	0.501476000000	296.048200341167
326	0	0.129499000000	0.083596800000	0.672967000000	296.026543691053
326	1	0.060336800000	0.019734500000	0.668141000000	294.693024329362
326	2	0.128508000000	0.019734500000	0.628860000000	296.010957844326
326	3	0.118257000000	0.019734500000	0.707368000000	295.790463488557
327	0	0.065943900000	0.127005000000	0.586188000000	294.667746032295
327	1	0.134115000000	0.062016600000	0.584290000000	296.125174076919
327	2	0.142009000000	0.133856000000	0.555953000000	296.288152184333
327	3	0.135106000000	0.125879000000	0.628398000000	296.143882105679
328	0	0.133093000000	0.165974000000	0.558396000000	296.110034106190
328	1	0.057027000000	0.159123000000	0.588631000000	294.473986241508
328	2	0.126189000000	0.157997000000	0.630841000000	295.965667190278
328	3	0.096342100000	0.198072000000	0.594639000000	295.339962627175
329	0	0.110609000000	0.039817100000	0.605186000000	295.635700187185
329	1	0.111601000000	0.103679000000	0.649293000000	295.653988587703
329	2	0.042438400000	0.104805000000	0.607083000000	294.204392236338
329	3	0.042438400000	0.039817100000	0.644467000000	294.712530780682
330	0	0.039270800000	0.037566000000	0.692592000000	294.497842730480
330	1	0.108433000000	0.101428000000	0.697419000000	295.591001178159
330	2	0.039270800000	0.095269700000	0.732437000000	294.490128321866
330	3	0.097191300000	0.037566000000	0.731819000000	295.343155678220
331	0	0.075819000000	0.017831400000	0.753361000000	294.884091829314
331	1	0.017898400000	0.075535200000	0.753978000000	294.438083371276
331	2	0.017898400000	0.017831400000	0.714134000000	294.399066439927
331	3	0.017898400000	0.017831400000	0.788669000000	294.246425148744
332	0	0.012149100000	0.251002000000	0.669250000000	294.245948180994
332	1	0.012149100000	0.170457000000	0.700295000000	294.749890024076
332	2	0.012149100000	0.177742000000	0.623066000000	294.503028573459
332	3	0.051464200000	0.216691000000	0.629075000000	294.565305870916
333	0	0.033521400000	0.147471000000	0.699067000000	294.956952988011
333	1	0.102684000000	0.153629000000	0.664049000000	295.469454756201
333	2	0.033521400000	0.154755000000	0.621839000000	294.361214106038
333	3	0.072836600000	0.193704000000	0.627847000000	294.818245099407
334	0	0.021372400000	0.057648500000	0.668918000000	294.754322390766
334	1	0.090534900000	0.121511000000	0.673745000000	295.211651417849
334	2	0.021372400000	0.122637000000	0.631534000000	294.302806049344
334	3	0.021372400000	0.115352000000	0.708763000000	294.613658485506
335	0	0.409503000000	0.072855100000	0.186017000000	300.844924074035
335	1	0.363294000000	0.146977000000	0.214520000000	300.196270561342
335	2	0.432107000000	0.149215000000	0.263682000000	301.177353385797
335	3	0.439022000000	0.158137000000	0.207515000000	301.264900856179
336	0	0.361313000000	0.236200000000	0.279640000000	300.178843319710
336	1	0.339343000000	0.178777000000	0.253843000000	299.834808927451
336	2	0.408156000000	0.181015000000	0.303005000000	300.852360744525
336	3	0.361802000000	0.161301000000	0.319789000000	300.180169385744
337	0	0.435625000000	0.049950100000	0.198487000000	301.198939619010
337	1	0.473949000000	0.049950100000	0.267345000000	301.694724781757
337	2	0.465144000000	0.135232000000	0.219985000000	301.592861037207
337	3	0.458229000000	0.126310000000	0.276152000000	301.509464705472
338	0	0.355804000000	0.187627000000	0.231300000000	300.089970491837
338	1	0.377773000000	0.245050000000	0.257097000000	300.427945533679
338	2	0.424617000000	0.189864000000	0.280462000000	301.080859172007
338	3	0.431532000000	0.198787000000	0.224295000000	301.164136848227
339	0	0.393042000000	0.064005800000	0.208560000000	300.621270937012
339	1	0.415646000000	0.140365000000	0.286225000000	300.952415936346
339	2	0.346833000000	0.138128000000	0.237063000000	299.940520512373
339	3	0.369292000000	0.120651000000	0.303010000000	300.288053376083
340	0	0.419164000000	0.041100800000	0.221030000000	300.985982507856
340	1	0.395415000000	0.097746400000	0.315480000000	300.669753520373
340	2	0.457488000000	0.041100800000	0.289888000000	301.494535971257
340	3	0.441768000000	0.117460000000	0.298695000000	301.295180661851
341	0	0.408878000000	0.109545000000	0.348091000000	300.860282076222
341	1	0.470952000000	0.052899000000	0.322499000000	301.664527248101
341	2	0.455232000000	0.129258000000	0.331307000000	301.473376336168
341	3	0.476197000000	0.091078700000	0.359173000000	301.738076232000
342	0	0.467284000000	0.029302600000	0.337318000000	301.609715792360
342	1	0.405210000000	0.085948200000	0.362910000000	300.804956186384
342	2	0.439693000000	0.029302600000	0.394079000000	301.263979878044
342	3	0.472528000000	0.067482400000	0.373992000000	301.688403844932
343	0	0.331422000000	0.942935000000	0.020458600000	299.673186762482
343	1	0.335003000000	0.884726000000	0.086663900000	299.746484650919
343	2	0.289795000000	0.883028000000	0.020458600000	299.002843198460
343	3	0.363281000000	0.876384000000	0.020458600000	300.162914753328
344	0	0.255938000000	0.849515000000	0.054128600000	298.434071399435
344	1	0.228576000000	0.845657000000	0.124701000000	297.952651312639
344	2	0.288850000000	0.798186000000	0.092514500000	299.009195326487
344	3	0.301147000000	0.851213000000	0.120334000000	299.210702625631
345	0	0.287102000000	0.848654000000	0.032320400000	298.964052792059
345	1	0.360588000000	0.842010000000	0.032320400000	300.131505787260
345	2	0.332310000000	0.850352000000	0.098525700000	299.700474319443
345	3	0.320014000000	0.797325000000	0.070706300000	299.517069535924
346	0	0.243568000000	0.921581000000	0.017945700000	298.203369095397
346	1	0.245580000000	0.981488000000	0.076019000000	298.240678590078
346	2	0.285195000000	0.981488000000	0.017945700000	298.916402776588
346	3	0.210660000000	0.981488000000	0.017945700000	297.599315341398
347	0	0.189341000000	0.961783000000	0.039753900000	297.202746249256
347	1	0.194888000000	0.898019000000	0.110327000000	297.321106401953
347	2	0.222250000000	0.901876000000	0.039753900000	297.829111016317
347	3	0.224262000000	0.961783000000	0.097827200000	297.864021358699
348	0	0.172234000000	0.980296000000	0.055346400000	296.870114888201
348	1	0.177781000000	0.916531000000	0.125919000000	296.994743314727
348	2	0.207155000000	0.980296000000	0.113420000000	297.538308718601
348	3	0.149784000000	0.980296000000	0.105805000000	296.435525718021
349	0	0.248401000000	0.943796000000	0.118286000000	298.301034567657
349	1	0.246389000000	0.883889000000	0.060212400000	298.266659144998
349	2	0.291598000000	0.885587000000	0.126418000000	299.050228001301
349	3	0.219027000000	0.880031000000	0.130785000000	297.775306581480
350	0	0.267708000000	0.903593000000	0.038404200000	298.624773109927
350	1	0.312917000000	0.905291000000	0.104610000000	299.391430488091
350	2	0.309335000000	0.963500000000	0.038404200000	299.322701173893
350	3	0.269720000000	0.963500000000	0.096477600000	298.664515421416
351	0	0.064723600000	0.777869000000	0.151616000000	294.706445491639
351	1	0.126881000000	0.809511000000	0.223500000000	295.967731779388
351	2	0.131934000000	0.770625000000	0.139633000000	296.082320524869
351	3	0.144806000000	0.823061000000	0.164434000000	296.344538653863
352	0	0.119590000000	0.775522000000	0.256036000000	295.827975324575
352	1	0.057432800000	0.743880000000	0.184152000000	294.661302406437
352	2	0.129793000000	0.695893000000	0.213680000000	296.039255794638
352	3	0.108772000000	0.719825000000	0.260745000000	295.597459795781
353	0	0.151319000000	0.770008000000	0.278525000000	296.484464166848
353	1	0.161522000000	0.690378000000	0.236170000000	296.693149474718
353	2	0.191841000000	0.720518000000	0.279419000000	297.285120629444
353	3	0.140502000000	0.714310000000	0.283235000000	296.265539322698
354	0	0.166745000000	0.720379000000	0.354438000000	296.790188803852
354	1	0.152552000000	0.777090000000	0.306444000000	296.502153704483
354	2	0.193074000000	0.727601000000	0.307339000000	297.307256698429
354	3	0.141735000000	0.721392000000	0.311154000000	296.288336523263
355	0	0.124037000000	0.840443000000	0.183487000000	295.920791905917
355	1	0.043954400000	0.795251000000	0.170670000000	294.785334960545
355	2	0.106111000000	0.826893000000	0.242553000000	295.542967312769
355	3	0.043954400000	0.844256000000	0.220345000000	294.317684634549
356	0	0.156224000000	0.775202000000	0.251153000000	296.580801782030
356	1	0.161277000000	0.736316000000	0.167287000000	296.679349257481
356	2	0.196746000000	0.725713000000	0.252048000000	297.381001433022
356	3	0.166427000000	0.695573000000	0.208798000000	296.787862729746
357	0	0.199132000000	0.754507000000	0.246884000000	297.418791818293
357	1	0.163664000000	0.765110000000	0.162123000000	296.720544335330
357	2	0.158610000000	0.803997000000	0.245989000000	296.624464583982
357	3	0.176536000000	0.817547000000	0.186923000000	296.976895726251
358	0	0.086411800000	0.749797000000	0.266971000000	295.122603594294
358	1	0.035072300000	0.773852000000	0.190378000000	294.717388287590
358	2	0.035072300000	0.822857000000	0.240053000000	294.406353718276
358	3	0.097229300000	0.805495000000	0.262261000000	295.344966203354
359	0	0.062337200000	0.749075000000	0.156780000000	294.662345199726
359	1	0.124494000000	0.780717000000	0.228664000000	295.927528849428
359	2	0.134697000000	0.701087000000	0.186308000000	296.142362437434
359	3	0.129548000000	0.741831000000	0.144797000000	296.033866330105
360	0	0.035072300000	0.827254000000	0.354799000000	294.743054384529
360	1	0.086411800000	0.762404000000	0.305786000000	295.123333789361
360	2	0.035072300000	0.835464000000	0.278868000000	294.355188061365
360	3	0.097229300000	0.818101000000	0.301076000000	295.348889580327
361	0	0.015864800000	0.808125000000	0.357434000000	294.594572110036
361	1	0.015864800000	0.816334000000	0.281503000000	294.611472033993
361	2	0.067204300000	0.743274000000	0.308421000000	294.695957541459
361	3	0.015864800000	0.737066000000	0.312236000000	294.309835978221
362	0	0.019207600000	0.936519000000	0.325057000000	294.521578720368
362	1	0.081364500000	0.859204000000	0.305625000000	295.006954634400
362	2	0.019207600000	0.868358000000	0.359348000000	294.768289878571
362	3	0.019207600000	0.876567000000	0.283417000000	294.385107651702
363	0	0.135016000000	0.738500000000	0.370763000000	296.157731262150
363	1	0.058665700000	0.804365000000	0.376492000000	294.507547286403
363	2	0.120823000000	0.795211000000	0.322769000000	295.851913065444
363	3	0.110005000000	0.739514000000	0.327479000000	295.630418221435
364	0	0.039458200000	0.785978000000	0.404207000000	294.347809492655
364	1	0.039458200000	0.717325000000	0.440168000000	294.536995043315
364	2	0.090797700000	0.721127000000	0.355193000000	295.213195382271
364	3	0.115808000000	0.720114000000	0.398477000000	295.752349738047
365	0	0.015864800000	0.715719000000	0.427972000000	294.732956219819
365	1	0.015864800000	0.784373000000	0.392010000000	294.449420170792
365	2	0.067204300000	0.719522000000	0.342997000000	294.701292149718
365	3	0.015864800000	0.713314000000	0.346813000000	294.594193933088
366	0	0.079926500000	0.981474000000	0.244828000000	294.973112250178
366	1	0.018868100000	0.921521000000	0.243374000000	294.698544511196
366	2	0.018868100000	0.981474000000	0.285015000000	294.434009979809
366	3	0.018868100000	0.981474000000	0.210479000000	294.438140749215
367	0	0.034963400000	0.921521000000	0.212901000000	294.667299040751
367	1	0.096021800000	0.981474000000	0.214355000000	295.318163184394
367	2	0.087048800000	0.981474000000	0.155929000000	295.116918870078
367	3	0.034963400000	0.981474000000	0.180006000000	294.532646999442
368	0	0.100233000000	0.880267000000	0.282610000000	295.414225963042
368	1	0.038075600000	0.957582000000	0.302043000000	294.387282686625
368	2	0.099134100000	0.957582000000	0.261856000000	295.389983698579
368	3	0.038075600000	0.897630000000	0.260402000000	294.607314548839
369	0	0.059710200000	0.901817000000	0.211677000000	294.585649530337
369	1	0.139793000000	0.898004000000	0.174819000000	296.236347778001
369	2	0.111796000000	0.961769000000	0.154704000000	295.656794361243
369	3	0.120769000000	0.961769000000	0.213130000000	295.842496138986
370	0	0.123881000000	0.937878000000	0.237598000000	295.911176946738
370	1	0.062822500000	0.877925000000	0.236145000000	294.596414186974
370	2	0.142905000000	0.874113000000	0.199287000000	296.300744336688
370	3	0.124979000000	0.860563000000	0.258353000000	295.932669532095
371	0	0.173616000000	0.916531000000	0.159566000000	296.912336851746
371	1	0.154592000000	0.980296000000	0.197878000000	296.529790339188
371	2	0.202990000000	0.980296000000	0.147067000000	297.468653587142
371	3	0.145619000000	0.980296000000	0.139452000000	296.347030969165
372	0	0.237322000000	0.920896000000	0.231795000000	298.108075171226
372	1	0.176241000000	0.966273000000	0.219677000000	296.960848545007
372	2	0.224638000000	0.966273000000	0.168866000000	297.871833867975
372	3	0.195264000000	0.902508000000	0.181365000000	297.331877376808
373	0	0.223569000000	0.884521000000	0.168177000000	297.864871268843
373	1	0.252943000000	0.948286000000	0.155677000000	298.383896939346
373	2	0.265626000000	0.902908000000	0.218606000000	298.610122604486
373	3	0.296139000000	0.890077000000	0.163809000000	299.129771965957
374	0	0.161624000000	0.942382000000	0.241792000000	296.677797735312
374	1	0.222706000000	0.897004000000	0.253910000000	297.849238392976
374	2	0.162723000000	0.865067000000	0.262547000000	296.702409709490
374	3	0.180648000000	0.878617000000	0.203480000000	297.051206013772
375	0	0.410064000000	0.912884000000	0.021694200000	300.833193846327
375	1	0.417019000000	0.979435000000	0.091898200000	300.933846892268
375	2	0.452741000000	0.979435000000	0.021694200000	301.391189485396
375	3	0.378205000000	0.979435000000	0.021694200000	300.375959794060
376	0	0.334193000000	0.982013000000	0.060098400000	299.717521496008
376	1	0.337774000000	0.923804000000	0.126304000000	299.786696403006
376	2	0.373006000000	0.982013000000	0.130302000000	300.312992970098
376	3	0.294578000000	0.982013000000	0.118172000000	299.091146143636
377	0	0.388138000000	0.894896000000	0.042152800000	300.536991296090
377	1	0.395093000000	0.961447000000	0.112357000000	300.635948418338
377	2	0.356279000000	0.961447000000	0.042152800000	300.059794215503
377	3	0.359861000000	0.903238000000	0.108358000000	300.129412056375
378	0	0.121836000000	0.898794000000	0.306896000000	295.868182348535
378	1	0.059679100000	0.976108000000	0.326328000000	294.594920387748
378	2	0.129589000000	0.976108000000	0.363276000000	296.037191994239
378	3	0.120738000000	0.976108000000	0.286141000000	295.844713757540
379	0	0.110721000000	0.955045000000	0.386291000000	295.637429271011
379	1	0.102968000000	0.877731000000	0.329911000000	295.474102520698
379	2	0.040811000000	0.886884000000	0.383634000000	294.722670374621
379	3	0.040811000000	0.955045000000	0.349343000000	294.590745246363
380	0	0.091513700000	0.978937000000	0.415329000000	295.220896963115
380	1	0.021603500000	0.910775000000	0.412671000000	294.382677919908
380	2	0.021603500000	0.978937000000	0.452916000000	294.509464472284
380	3	0.021603500000	0.978937000000	0.378380000000	294.402879413769
381	0	0.352605000000	0.254387000000	0.387422000000	300.052932321663
381	1	0.288801000000	0.274894000000	0.376668000000	299.023858983628
381	2	0.292167000000	0.243012000000	0.357604000000	299.080047028952
381	3	0.291348000000	0.239558000000	0.396887000000	299.063033525939
382	0	0.376393000000	0.173795000000	0.345595000000	300.395899298852
382	1	0.375903000000	0.248694000000	0.305446000000	300.403097041767
382	2	0.401149000000	0.231702000000	0.363159000000	300.766221224964
382	3	0.422746000000	0.193509000000	0.328811000000	301.057997650963
383	0	0.350553000000	0.256981000000	0.306846000000	300.016470998746
383	1	0.351042000000	0.182082000000	0.346995000000	300.026196264785
383	2	0.375799000000	0.239989000000	0.364559000000	300.401139323428
383	3	0.315361000000	0.228614000000	0.334741000000	299.463994437943
384	0	0.339915000000	0.172248000000	0.367754000000	299.852542772958
384	1	0.364671000000	0.230156000000	0.385318000000	300.234458894710
384	2	0.304233000000	0.218780000000	0.355500000000	299.279417350929
384	3	0.303415000000	0.215326000000	0.394782000000	299.272178787312
385	0	0.373017000000	0.217549000000	0.404084000000	300.360326838997
385	1	0.311761000000	0.202720000000	0.413548000000	299.409448970595
385	2	0.348261000000	0.159642000000	0.386520000000	299.971733304653
385	3	0.339589000000	0.165378000000	0.434994000000	299.839694414412
386	0	0.338487000000	0.281213000000	0.308950000000	299.836563110657
386	1	0.363732000000	0.264220000000	0.366663000000	300.225083266918
386	2	0.299929000000	0.284728000000	0.355909000000	299.216422766959
386	3	0.303295000000	0.252845000000	0.336845000000	299.263994057353
387	0	0.730226000000	0.192679000000	0.067159700000	304.043328213712
387	1	0.649581000000	0.152065000000	0.027140000000	303.456786205670
387	2	0.726214000000	0.143960000000	0.027140000000	303.997657166385
387	3	0.701269000000	0.135076000000	0.074947000000	303.851926443895
388	0	0.733132000000	0.264808000000	0.012366800000	304.049035237909
388	1	0.763395000000	0.184399000000	0.012366800000	304.211338838649
388	2	0.812400000000	0.234074000000	0.012366800000	304.451129275867
388	3	0.767407000000	0.233118000000	0.052386500000	304.261631462933
389	0	0.694308000000	0.251962000000	0.012366800000	303.806635061655
389	1	0.647938000000	0.179658000000	0.012366800000	303.447082952485
389	2	0.724571000000	0.171553000000	0.012366800000	303.992541165595
389	3	0.728582000000	0.220272000000	0.052386500000	304.030620689747
390	0	0.487572000000	0.390727000000	0.084324400000	301.875881027354
390	1	0.388747000000	0.399352000000	0.080855100000	300.565090184588
390	2	0.415082000000	0.458751000000	0.080855100000	300.946447449948
390	3	0.436950000000	0.432112000000	0.039453500000	301.227160834845
391	0	0.541864000000	0.323260000000	0.013865900000	302.460129571538
391	1	0.627185000000	0.329736000000	0.013865900000	303.281322402648
391	2	0.572734000000	0.383226000000	0.013865900000	302.785138645951
391	3	0.567912000000	0.349997000000	0.058736800000	302.751539382837
392	0	0.493609000000	0.187069000000	0.111184000000	301.928221033596
392	1	0.515103000000	0.286390000000	0.112533000000	302.188726361626
392	2	0.440636000000	0.239243000000	0.111184000000	301.278188439519
392	3	0.478221000000	0.213245000000	0.154707000000	301.754086868986
393	0	0.507904000000	0.342310000000	0.013865900000	302.096732838034
393	1	0.483331000000	0.410433000000	0.013865900000	301.807399419452
393	2	0.533952000000	0.369047000000	0.058736800000	302.391210082185
393	3	0.538775000000	0.402276000000	0.013865900000	302.443178372685
394	0	0.629682000000	0.290863000000	0.013865900000	303.307671636421
394	1	0.583312000000	0.218559000000	0.013865900000	302.882486053467
394	2	0.570409000000	0.311125000000	0.058736800000	302.770861260866
394	3	0.544361000000	0.284387000000	0.013865900000	302.493239729567
395	0	0.518451000000	0.300730000000	0.085635000000	302.222062007794
395	1	0.496958000000	0.201410000000	0.084286300000	301.967640122637
395	2	0.443984000000	0.253584000000	0.084286300000	301.319609334751
395	3	0.492403000000	0.273992000000	0.040764100000	301.912855102624
396	0	0.620269000000	0.210767000000	0.026232600000	303.216200487308
396	1	0.607366000000	0.303333000000	0.071103500000	303.125178931539
396	2	0.700914000000	0.251381000000	0.066252400000	303.856070655702
396	3	0.666639000000	0.283071000000	0.026232600000	303.607697992361
397	0	0.523957000000	0.187374000000	0.070837200000	302.269329444374
397	1	0.545450000000	0.286695000000	0.072185900000	302.517829898480
397	2	0.558354000000	0.194129000000	0.027315000000	302.627813365263
397	3	0.519402000000	0.259957000000	0.027315000000	302.220963618837
398	0	0.501923000000	0.361445000000	0.071530600000	302.044867106557
398	1	0.403098000000	0.370069000000	0.068061300000	300.769863251612
398	2	0.451302000000	0.402830000000	0.026659700000	301.413229540692
398	3	0.475875000000	0.334707000000	0.026659700000	301.720151507228
399	0	0.494554000000	0.334087000000	0.084979700000	301.956122076771
399	1	0.395729000000	0.342712000000	0.081510400000	300.667744036806
399	2	0.468506000000	0.307349000000	0.040108800000	301.629523561733
399	3	0.420087000000	0.286941000000	0.083631000000	301.005319619091
400	0	0.511842000000	0.315078000000	0.126816000000	302.156740560767
400	1	0.437374000000	0.267932000000	0.125467000000	301.239384460057
400	2	0.474959000000	0.241933000000	0.168989000000	301.716188540060
400	3	0.479794000000	0.308595000000	0.171687000000	301.792788074754
401	0	0.393191000000	0.279889000000	0.224960000000	300.644425558123
401	1	0.409365000000	0.259625000000	0.148636000000	300.863976704943
401	2	0.451784000000	0.300288000000	0.194855000000	301.444720251445
401	3	0.446950000000	0.233626000000	0.192158000000	301.369806016658
402	0	0.385846000000	0.283038000000	0.146652000000	300.533880062826
402	1	0.428266000000	0.323701000000	0.192871000000	301.136524856115
402	2	0.347324000000	0.332808000000	0.183754000000	299.967523852690
402	3	0.369673000000	0.303302000000	0.222976000000	300.308085894015
403	0	0.425737000000	0.334673000000	0.168631000000	301.094468295001
403	1	0.383317000000	0.294010000000	0.122411000000	300.497014434061
403	2	0.344795000000	0.343780000000	0.159513000000	299.919871835337
403	3	0.358959000000	0.349781000000	0.120290000000	300.137494279113
404	0	0.422297000000	0.361108000000	0.180769000000	301.050267747226
404	1	0.355520000000	0.376216000000	0.132429000000	300.086813760033
404	2	0.341355000000	0.370214000000	0.171651000000	299.873077372340
404	3	0.368747000000	0.405988000000	0.173831000000	300.289597955530
405	0	0.493312000000	0.375935000000	0.112056000000	301.949353925897
405	1	0.420821000000	0.443959000000	0.108587000000	301.028772441158
405	2	0.394486000000	0.384560000000	0.108587000000	300.652675613030
405	3	0.461263000000	0.369452000000	0.156927000000	301.563537789412
406	0	0.492700000000	0.340346000000	0.112711000000	301.938909566352
406	1	0.393875000000	0.348971000000	0.109242000000	300.651880778439
406	2	0.418233000000	0.293200000000	0.111363000000	300.984778681776
406	3	0.460652000000	0.333863000000	0.157582000000	301.553088596391
407	0	0.434812000000	0.381318000000	0.168649000000	301.220021674710
407	1	0.394370000000	0.455824000000	0.120309000000	300.659726877307
407	2	0.368035000000	0.396425000000	0.120309000000	300.264658884472
407	3	0.381262000000	0.426198000000	0.161710000000	300.477098545652
408	0	0.604349000000	0.213819000000	0.132088000000	303.100718132335
408	1	0.565504000000	0.275803000000	0.096919400000	302.723543163416
408	2	0.578407000000	0.183237000000	0.052048500000	302.832070402199
408	3	0.544010000000	0.176483000000	0.095570700000	302.490880528336
409	0	0.509975000000	0.237348000000	0.180274000000	302.143507951096
409	1	0.585703000000	0.248509000000	0.173269000000	302.929471997722
409	2	0.546857000000	0.310493000000	0.138100000000	302.542056482599
409	3	0.514809000000	0.304010000000	0.182971000000	302.196392934178
410	0	0.601053000000	0.290440000000	0.095837100000	303.071285036690
410	1	0.613957000000	0.197875000000	0.050966200000	303.169104415132
410	2	0.694602000000	0.238488000000	0.090985900000	303.819803192113
410	3	0.639899000000	0.228456000000	0.131006000000	303.401393977077
411	0	0.633917000000	0.164020000000	0.051873500000	303.334383757995
411	1	0.714561000000	0.204634000000	0.091893300000	303.951357035730
411	2	0.659859000000	0.194602000000	0.131913000000	303.569582954439
411	3	0.685605000000	0.147031000000	0.099680600000	303.747506206927
412	0	0.588964000000	0.219820000000	0.158986000000	302.958495667180
412	1	0.550119000000	0.281804000000	0.123818000000	302.571596845066
412	2	0.528625000000	0.182484000000	0.122469000000	302.333105722133
412	3	0.513236000000	0.208660000000	0.165991000000	302.173628245631
413	0	0.563970000000	0.142628000000	0.096478100000	302.697804567436
413	1	0.624309000000	0.179965000000	0.132995000000	303.266148039593
413	2	0.650055000000	0.132394000000	0.100763000000	303.469679359776
413	3	0.598367000000	0.149383000000	0.052955900000	303.020018161949
414	0	0.525488000000	0.172061000000	0.181672000000	302.302864457634
414	1	0.602017000000	0.126767000000	0.190241000000	303.072318434438
414	2	0.540877000000	0.145885000000	0.138149000000	302.457613201564
414	3	0.601216000000	0.183221000000	0.174667000000	303.070967074422
415	0	0.572234000000	0.134633000000	0.126024000000	302.783744303330
415	1	0.658319000000	0.124399000000	0.130309000000	303.542502935040
415	2	0.632573000000	0.171970000000	0.162542000000	303.344431145759
415	3	0.633374000000	0.115516000000	0.178116000000	303.347020274113
416	0	0.406573000000	0.259733000000	0.265101000000	300.833407808872
416	1	0.453417000000	0.204548000000	0.288466000000	301.459073430900
416	2	0.460332000000	0.213471000000	0.232299000000	301.538640918190
416	3	0.477802000000	0.249828000000	0.265208000000	301.763166693843
417	0	0.579704000000	0.237141000000	0.196470000000	302.873844603729
417	1	0.508811000000	0.292642000000	0.206173000000	302.135294220404
417	2	0.503976000000	0.225980000000	0.203475000000	302.075715790039
417	3	0.521446000000	0.262337000000	0.236384000000	302.279584094278
418	0	0.410204000000	0.283090000000	0.248578000000	300.885830734809
418	1	0.463963000000	0.236827000000	0.215776000000	301.592882732484
418	2	0.468797000000	0.303489000000	0.218474000000	301.658196963820
418	3	0.481433000000	0.273184000000	0.248685000000	301.810530365434
419	0	0.397763000000	0.268778000000	0.293072000000	300.710220701431
419	1	0.468991000000	0.258873000000	0.293178000000	301.659323693084
419	2	0.423009000000	0.251786000000	0.350785000000	301.069030750541
419	3	0.444606000000	0.213593000000	0.316437000000	301.351481502682
420	0	0.674155000000	0.012357200000	0.246770000000	303.660081178703
420	1	0.707473000000	0.012357200000	0.168192000000	303.883270359795
420	2	0.628273000000	0.012357200000	0.175248000000	303.283123733689
420	3	0.656911000000	0.052346000000	0.205591000000	303.531389982005
421	0	0.552634000000	0.012357200000	0.267925000000	302.575942289596
421	1	0.637603000000	0.012357200000	0.270313000000	303.367952298331
421	2	0.591721000000	0.012357200000	0.198791000000	302.953372162706
421	3	0.620358000000	0.052346000000	0.229135000000	303.234447718536
422	0	0.491336000000	0.154859000000	0.245231000000	301.919810969556
422	1	0.500141000000	0.069576500000	0.292590000000	302.004028913190
422	2	0.546573000000	0.133089000000	0.305428000000	302.535374446648
422	3	0.484420000000	0.145936000000	0.301398000000	301.838531257459
423	0	0.494013000000	0.192447000000	0.240765000000	301.958105479310
423	1	0.549251000000	0.170677000000	0.300962000000	302.573190152128
423	2	0.511484000000	0.228804000000	0.273673000000	302.161832335478
423	3	0.487098000000	0.183525000000	0.296932000000	301.872507149297
424	0	0.593039000000	0.151652000000	0.273920000000	303.005445337782
424	1	0.537802000000	0.173422000000	0.213723000000	302.443817125315
424	2	0.613530000000	0.184582000000	0.206718000000	303.182865199176
424	3	0.614331000000	0.128128000000	0.222292000000	303.190687030175
425	0	0.639873000000	0.031983600000	0.295644000000	303.396259990457
425	1	0.554904000000	0.031983600000	0.293255000000	302.605181328101
425	2	0.601337000000	0.095495800000	0.306092000000	303.076639151598
425	3	0.622628000000	0.071972300000	0.254465000000	303.261152487345
426	0	0.517121000000	0.143620000000	0.230522000000	302.212726544084
426	1	0.525927000000	0.058337300000	0.277882000000	302.303231427535
426	2	0.593651000000	0.098326000000	0.239092000000	302.996961809120
426	3	0.572359000000	0.121850000000	0.290719000000	302.803049807148
427	0	0.574789000000	0.176883000000	0.281441000000	302.833310615538
427	1	0.595279000000	0.209814000000	0.214239000000	303.027849452039
427	2	0.519551000000	0.198654000000	0.221244000000	302.244992441755
427	3	0.537022000000	0.235010000000	0.254152000000	302.445018865921
428	0	0.504482000000	0.055020900000	0.318558000000	302.055988483286
428	1	0.550915000000	0.118533000000	0.331396000000	302.580692836590
428	2	0.488762000000	0.131380000000	0.327365000000	301.892021978248
428	3	0.509727000000	0.093200700000	0.355232000000	302.125613834733
429	0	0.535597000000	0.031424600000	0.316575000000	302.400887963195
429	1	0.620566000000	0.031424600000	0.318963000000	303.237452690217
429	2	0.582029000000	0.094936800000	0.329412000000	302.894015010981
429	3	0.540842000000	0.069604300000	0.353249000000	302.474582282301
430	0	0.657217000000	0.191709000000	0.272182000000	303.558493954163
430	1	0.569520000000	0.233371000000	0.266177000000	302.788661225997
430	2	0.627778000000	0.208175000000	0.226264000000	303.320177623531
430	3	0.607287000000	0.175244000000	0.293466000000	303.143353286458
431	0	0.646028000000	0.182943000000	0.218743000000	303.470119176783
431	1	0.625538000000	0.150013000000	0.285945000000	303.302328430671
431	2	0.646829000000	0.126489000000	0.234317000000	303.465188141737
431	3	0.675467000000	0.166478000000	0.264661000000	303.699704599395
432	0	0.681043000000	0.136675000000	0.282198000000	303.743352906258
432	1	0.669650000000	0.056698000000	0.293033000000	303.648173445532
432	2	0.631114000000	0.120210000000	0.303482000000	303.347109404131
432	3	0.652406000000	0.096686700000	0.251855000000	303.505060269935
433	0	0.686062000000	0.130849000000	0.155783000000	303.758980469162
433	1	0.689755000000	0.161954000000	0.233934000000	303.792640993112
433	2	0.660316000000	0.178419000000	0.188016000000	303.578837499914
433	3	0.661117000000	0.121965000000	0.203590000000	303.574779587485
434	0	0.706031000000	0.113403000000	0.167237000000	303.896509178000
434	1	0.744904000000	0.104520000000	0.236534000000	304.148656950210
434	2	0.709723000000	0.144509000000	0.245387000000	303.935503115848
434	3	0.681086000000	0.104520000000	0.215044000000	303.726035826778
435	0	0.695951000000	0.049428800000	0.283720000000	303.832766082520
435	1	0.707344000000	0.129406000000	0.272885000000	303.919053979725
435	2	0.742524000000	0.089417600000	0.264032000000	304.131751828516
435	3	0.678706000000	0.089417600000	0.242542000000	303.711001683226
436	0	0.736043000000	0.024714400000	0.184209000000	304.073335583099
436	1	0.702726000000	0.024714400000	0.262787000000	303.868072033990
436	2	0.749299000000	0.064703200000	0.243098000000	304.157095404910
436	3	0.685481000000	0.064703200000	0.221608000000	303.745812759173
437	0	0.751679000000	0.079805500000	0.215600000000	304.175836191392
437	1	0.738423000000	0.039816700000	0.156711000000	304.085050261055
437	2	0.687861000000	0.079805500000	0.194110000000	303.763080539206
437	3	0.712806000000	0.088688900000	0.146303000000	303.925547427443
438	0	0.841816000000	0.116919000000	0.061618700000	304.556000139806
438	1	0.832833000000	0.053064900000	0.014546200000	304.500379809259
438	2	0.798411000000	0.110820000000	0.014546200000	304.375691334483
438	3	0.856654000000	0.103177000000	0.014546200000	304.596231423732
439	0	0.835164000000	0.211111000000	0.026913000000	304.542806259745
439	1	0.786159000000	0.161435000000	0.026913000000	304.333497253137
439	2	0.829564000000	0.167534000000	0.073985500000	304.532945419663
439	3	0.790171000000	0.210154000000	0.066932700000	304.374597628209
440	0	0.860003000000	0.099071800000	0.077053400000	304.619792388472
440	1	0.875454000000	0.035217500000	0.079928400000	304.656291485376
440	2	0.851021000000	0.035217500000	0.029980800000	304.566690703125
440	3	0.874841000000	0.085329400000	0.029980800000	304.650910794820
441	0	0.781294000000	0.037579500000	0.090750900000	304.298859517974
441	1	0.824026000000	0.101434000000	0.079608200000	304.497378304166
441	2	0.815043000000	0.037579500000	0.032535700000	304.438414788571
441	3	0.780621000000	0.095335000000	0.032535700000	304.291638493190
442	0	0.806712000000	0.149439000000	0.088758700000	304.439763458646
442	1	0.738363000000	0.134456000000	0.089493200000	304.083501129708
442	2	0.767319000000	0.192059000000	0.081705900000	304.259470411346
442	3	0.763308000000	0.143340000000	0.041686200000	304.223802872870
443	0	0.762948000000	0.052681800000	0.105524000000	304.210580903619
443	1	0.805680000000	0.116536000000	0.094381400000	304.428127685166
443	2	0.762276000000	0.110437000000	0.047308900000	304.208762959028
443	3	0.737331000000	0.101554000000	0.095115900000	304.075912543514
444	0	0.802918000000	0.144018000000	0.014546200000	304.398505596067
444	1	0.851923000000	0.193694000000	0.014546200000	304.598827260523
444	2	0.846322000000	0.150117000000	0.061618700000	304.586172002330
444	3	0.861160000000	0.136375000000	0.014546200000	304.617675914472
445	0	0.842213000000	0.083586300000	0.095042800000	304.566112673571
445	1	0.799481000000	0.019732100000	0.106186000000	304.383226252495
445	2	0.833230000000	0.019732100000	0.047970300000	304.503122759099
445	3	0.857664000000	0.019732100000	0.097917800000	304.597980867089
446	0	0.766636000000	0.012357200000	0.188114000000	304.231245916206
446	1	0.733318000000	0.012357200000	0.266692000000	304.060205664185
446	2	0.815072000000	0.012357200000	0.238150000000	304.474262954328
446	3	0.779892000000	0.052346000000	0.247003000000	304.322115024912
447	0	0.846751000000	0.083586300000	0.128494000000	304.586801501792
447	1	0.852456000000	0.019732100000	0.189672000000	304.600189315091
447	2	0.804020000000	0.019732100000	0.139637000000	304.408400567772
447	3	0.862203000000	0.019732100000	0.131369000000	304.620205636199
448	0	0.984518000000	0.016215600000	0.054071600000	304.787176671662
448	1	0.984518000000	0.068690500000	0.104568000000	304.813696651688
448	2	0.934416000000	0.016215600000	0.104019000000	304.765457629043
448	3	0.984518000000	0.016215600000	0.128607000000	304.804109368456
449	0	0.966023000000	0.068690500000	0.138019000000	304.812841101061
449	1	0.906175000000	0.016215600000	0.195773000000	304.734743586804
449	2	0.915922000000	0.016215600000	0.137470000000	304.742447421299
449	3	0.966023000000	0.016215600000	0.162058000000	304.802256951446
450	0	0.968846000000	0.084175900000	0.081534900000	304.807564304105
450	1	0.968846000000	0.031701000000	0.031038800000	304.780043602621
450	2	0.918744000000	0.031701000000	0.080986300000	304.737869631514
450	3	0.918131000000	0.081813000000	0.031038800000	304.739960337500
451	0	0.898487000000	0.051433100000	0.095532500000	304.713477619027
451	1	0.948589000000	0.103908000000	0.096081200000	304.805112536467
451	2	0.897874000000	0.101545000000	0.045585000000	304.713496144816
451	3	0.883036000000	0.115287000000	0.092657500000	304.696060664284
452	0	0.945766000000	0.088422500000	0.129532000000	304.807413787182
452	1	0.885918000000	0.035947700000	0.187287000000	304.696854301701
452	2	0.880213000000	0.099802000000	0.126109000000	304.688971023373
452	3	0.895665000000	0.035947700000	0.128984000000	304.712371800096
453	0	0.984328000000	0.107209000000	0.066100300000	304.814342564189
453	1	0.984328000000	0.054733800000	0.015604200000	304.786749816800
453	2	0.933613000000	0.104846000000	0.015604200000	304.771557776175
453	3	0.984328000000	0.129269000000	0.015604200000	304.806392127948
454	0	0.945545000000	0.165984000000	0.014546200000	304.786045516034
454	1	0.879992000000	0.155303000000	0.061618700000	304.689483686687
454	2	0.885592000000	0.198879000000	0.014546200000	304.693118623895
454	3	0.894830000000	0.141560000000	0.014546200000	304.703936792282
455	0	0.964071000000	0.126941000000	0.080646500000	304.807362916689
455	1	0.898518000000	0.138320000000	0.077222900000	304.726371589700
455	2	0.964071000000	0.149001000000	0.030150400000	304.802201410554
455	3	0.913356000000	0.124578000000	0.030150400000	304.745996523548
456	0	0.816798000000	0.348820000000	0.012366800000	304.483777539036
456	1	0.745739000000	0.303623000000	0.012366800000	304.137402273891
456	2	0.825007000000	0.272889000000	0.012366800000	304.506769757441
456	3	0.780013000000	0.271932000000	0.052386500000	304.331333684660
457	0	0.680184000000	0.396001000000	0.066252400000	303.725846777222
457	1	0.659838000000	0.346907000000	0.026232600000	303.564612782840
457	2	0.600565000000	0.367169000000	0.071103500000	303.065135816741
457	3	0.605388000000	0.400398000000	0.026232600000	303.103983691143
458	0	0.678898000000	0.365726000000	0.012366800000	303.701599160750
458	1	0.624447000000	0.419216000000	0.012366800000	303.264894433059
458	2	0.699244000000	0.414819000000	0.052386500000	303.864767191136
458	3	0.681304000000	0.446885000000	0.012366800000	303.719409713514
459	0	0.721531000000	0.288895000000	0.078619200000	303.998811546806
459	1	0.627982000000	0.340847000000	0.083470300000	303.313785617537
459	2	0.707602000000	0.369679000000	0.078619200000	303.920199317875
459	3	0.687256000000	0.320585000000	0.038599400000	303.760299277575
460	0	0.717683000000	0.363163000000	0.012366800000	303.970410864319
460	1	0.788742000000	0.408360000000	0.012366800000	304.377297949828
460	2	0.720088000000	0.444322000000	0.012366800000	303.991615474784
460	3	0.738029000000	0.412257000000	0.052386500000	304.104479633844
461	0	0.798590000000	0.373488000000	0.024733600000	304.421894865825
461	1	0.761806000000	0.296600000000	0.064753300000	304.238412608099
461	2	0.747877000000	0.377384000000	0.064753300000	304.170784021802
461	3	0.727531000000	0.328291000000	0.024733600000	304.030435847504
462	0	0.733967000000	0.156130000000	0.244933000000	304.095996334834
462	1	0.730275000000	0.125025000000	0.166783000000	304.049754623712
462	2	0.783786000000	0.153749000000	0.213121000000	304.359796281403
462	3	0.769148000000	0.116141000000	0.236080000000	304.284703106953
463	0	0.800701000000	0.169312000000	0.164924000000	304.436089243877
463	1	0.747190000000	0.140588000000	0.118586000000	304.147251459196
463	2	0.776147000000	0.198190000000	0.110798000000	304.314574841383
463	3	0.815540000000	0.155570000000	0.117851000000	304.484778868547
464	0	0.813445000000	0.113933000000	0.210865000000	304.482696833718
464	1	0.785551000000	0.036335900000	0.174935000000	304.335438871353
464	2	0.833988000000	0.036335900000	0.224971000000	304.553192337795
464	3	0.798807000000	0.076324600000	0.233824000000	304.416904274674
465	0	0.710306000000	0.142470000000	0.155329000000	303.923144991251
465	1	0.763817000000	0.171195000000	0.201667000000	304.255128911475
465	2	0.684560000000	0.190041000000	0.187562000000	303.758071306672
465	3	0.713999000000	0.173575000000	0.233480000000	303.962165600811
466	0	0.692367000000	0.198229000000	0.161005000000	303.814588297636
466	1	0.771624000000	0.179383000000	0.175111000000	304.299601613870
466	2	0.718113000000	0.150658000000	0.128773000000	303.975537117306
466	3	0.747070000000	0.208260000000	0.120986000000	304.155808122338
467	0	0.843096000000	0.043710700000	0.203330000000	304.581480159469
467	1	0.794660000000	0.043710700000	0.153295000000	304.377972673768
467	2	0.822553000000	0.121307000000	0.189224000000	304.521177777683
467	3	0.837392000000	0.107565000000	0.142152000000	304.558277080384
468	0	0.762667000000	0.051438200000	0.156257000000	304.216065920754
468	1	0.790561000000	0.129035000000	0.192187000000	304.379754216760
468	2	0.737050000000	0.100310000000	0.145849000000	304.085031912451
468	3	0.775923000000	0.091427000000	0.215146000000	304.307775531159
469	0	0.799669000000	0.136410000000	0.170546000000	304.424100288248
469	1	0.771776000000	0.058813100000	0.134616000000	304.259980770840
469	2	0.746158000000	0.107685000000	0.124208000000	304.135410502579
469	3	0.814508000000	0.122667000000	0.123474000000	304.475750162884
470	0	0.852619000000	0.226631000000	0.042076400000	304.611157742817
470	1	0.807626000000	0.225674000000	0.082096200000	304.454349589517
470	2	0.847019000000	0.183054000000	0.089148900000	304.600719080930
470	3	0.860099000000	0.227179000000	0.091146300000	304.648703275641
471	0	0.825864000000	0.187577000000	0.165314000000	304.538488607817
471	1	0.801310000000	0.216455000000	0.111189000000	304.430122121975
471	2	0.853783000000	0.217959000000	0.120239000000	304.636364229415
471	3	0.840703000000	0.173835000000	0.118241000000	304.586160982935
472	0	0.879449000000	0.173184000000	0.076782200000	304.693988226812
472	1	0.945002000000	0.183866000000	0.029709600000	304.799098854741
472	2	0.885049000000	0.216761000000	0.029709600000	304.700441993767
472	3	0.892529000000	0.217309000000	0.078779600000	304.730768315539
473	0	0.911055000000	0.200327000000	0.094383700000	304.765806280508
473	1	0.963528000000	0.166883000000	0.045313800000	304.815142732618
473	2	0.963528000000	0.144823000000	0.095810000000	304.822004933034
473	3	0.897975000000	0.156202000000	0.092386300000	304.725721884997
474	0	0.841490000000	0.357401000000	0.029417900000	304.583164747308
474	1	0.804706000000	0.280513000000	0.069437600000	304.446502323014
474	2	0.849699000000	0.281470000000	0.029417900000	304.608659945931
474	3	0.850337000000	0.339972000000	0.084596300000	304.627470139700
475	0	0.854547000000	0.258175000000	0.044581300000	304.620907141626
475	1	0.855185000000	0.316678000000	0.099759700000	304.646193974977
475	2	0.809554000000	0.257218000000	0.084601000000	304.467859920772
475	3	0.862027000000	0.258723000000	0.093651200000	304.660340822158
476	0	0.786498000000	0.305181000000	0.081804400000	304.370733916683
476	1	0.823282000000	0.382069000000	0.041784600000	304.526693248018
476	2	0.772569000000	0.385965000000	0.081804400000	304.309281520224
476	3	0.832129000000	0.364640000000	0.096963100000	304.572323546500
477	0	0.946930000000	0.312978000000	0.032214500000	304.818579406840
477	1	0.887615000000	0.329841000000	0.087392900000	304.735725227314
477	2	0.886977000000	0.271338000000	0.032214500000	304.716629372317
477	3	0.894457000000	0.271886000000	0.081284400000	304.741557180336
478	0	0.942081000000	0.336273000000	0.017051100000	304.813872034215
478	1	0.882129000000	0.294633000000	0.017051100000	304.700032723981
478	2	0.882767000000	0.353136000000	0.072229500000	304.722670337701
478	3	0.873920000000	0.370564000000	0.017051100000	304.687701727588
479	0	0.965259000000	0.284735000000	0.015163400000	304.820432430400
479	1	0.965259000000	0.210199000000	0.015163400000	304.811239287466
479	2	0.912786000000	0.243642000000	0.064233300000	304.772331340250
479	3	0.905306000000	0.243095000000	0.015163400000	304.742977511433
480	0	0.062669000000	0.819767000000	0.397313000000	294.596060810235
480	1	0.139019000000	0.753902000000	0.391584000000	296.228743435455
480	2	0.124826000000	0.810613000000	0.343590000000	295.938056441241
480	3	0.126963000000	0.804758000000	0.415678000000	295.977206799973
481	0	0.041471500000	0.953236000000	0.469187000000	294.598988200062
481	1	0.111382000000	0.953236000000	0.431600000000	295.644191366541
481	2	0.105766000000	0.870066000000	0.447307000000	295.536358170464
481	3	0.041471500000	0.885074000000	0.428943000000	294.303114900806
482	0	0.019868000000	0.931553000000	0.491480000000	294.095519818005
482	1	0.084162300000	0.848383000000	0.469600000000	295.072242665621
482	2	0.019868000000	0.861387000000	0.526033000000	294.549386722476
482	3	0.019868000000	0.863392000000	0.451235000000	294.500858383844
483	0	0.084162300000	0.806105000000	0.468276000000	295.068780560485
483	1	0.019868000000	0.752460000000	0.485873000000	294.447865847498
483	2	0.019868000000	0.819109000000	0.524709000000	294.427245084050
483	3	0.019868000000	0.821114000000	0.449912000000	294.345680081301
484	0	0.043461400000	0.801380000000	0.425027000000	294.319555343914
484	1	0.043461400000	0.732727000000	0.460989000000	294.417727042607
484	2	0.119811000000	0.735516000000	0.419298000000	295.840000321052
484	3	0.107756000000	0.786372000000	0.443392000000	295.584806757051
485	0	0.266192000000	0.667834000000	0.175043000000	298.643556257056
485	1	0.240882000000	0.590480000000	0.164334000000	298.196146424278
485	2	0.203670000000	0.639044000000	0.175753000000	297.505397134684
485	3	0.239426000000	0.626402000000	0.125038000000	298.166039148971
486	0	0.291855000000	0.760178000000	0.167455000000	299.070891442930
486	1	0.237055000000	0.824568000000	0.151454000000	298.112050419010
486	2	0.309625000000	0.830124000000	0.147087000000	299.352504101702
486	3	0.297329000000	0.777097000000	0.119267000000	299.155161740044
487	0	0.199009000000	0.801836000000	0.173615000000	297.404430291064
487	1	0.221605000000	0.738797000000	0.233576000000	297.836660030376
487	2	0.186137000000	0.749400000000	0.148815000000	297.162856181420
487	3	0.253809000000	0.737447000000	0.189616000000	298.420003063264
488	0	0.219219000000	0.710003000000	0.238740000000	297.796576994832
488	1	0.183751000000	0.720606000000	0.153979000000	297.120022667252
488	2	0.251422000000	0.708653000000	0.194780000000	298.379512526856
488	3	0.188900000000	0.679862000000	0.195490000000	297.222118734629
489	0	0.286225000000	0.780529000000	0.192985000000	298.980001812865
489	1	0.231426000000	0.844919000000	0.176984000000	298.007943055561
489	2	0.273483000000	0.863306000000	0.227413000000	298.752114620674
489	3	0.303996000000	0.850475000000	0.172617000000	299.262502226148
490	0	0.303403000000	0.695069000000	0.153027000000	299.256468255426
490	1	0.276636000000	0.653637000000	0.103022000000	298.809785505546
490	2	0.308877000000	0.711988000000	0.104839000000	299.346417732581
490	3	0.330510000000	0.660140000000	0.119970000000	299.695170342851
491	0	0.210652000000	0.806647000000	0.145140000000	297.621776202770
491	1	0.265452000000	0.742257000000	0.161141000000	298.618123754523
491	2	0.197780000000	0.754211000000	0.120340000000	297.387817732041
491	3	0.270926000000	0.759176000000	0.112953000000	298.704912374655
492	0	0.272529000000	0.663887000000	0.200259000000	298.758449993829
492	1	0.210007000000	0.635096000000	0.200968000000	297.620545781362
492	2	0.247219000000	0.586532000000	0.189549000000	298.310670216951
492	3	0.266268000000	0.609679000000	0.231854000000	298.643946505451
493	0	0.207877000000	0.659418000000	0.217862000000	297.586248533227
493	1	0.264138000000	0.634000000000	0.248747000000	298.609341847372
493	2	0.270399000000	0.688208000000	0.217152000000	298.719066282390
493	3	0.238196000000	0.689558000000	0.261112000000	298.148257030896
494	0	0.274916000000	0.584635000000	0.179115000000	298.791067815645
494	1	0.327334000000	0.627060000000	0.156767000000	299.654495058620
494	2	0.300226000000	0.661990000000	0.189824000000	299.212569052652
494	3	0.293965000000	0.607782000000	0.221419000000	299.115626213227
495	0	0.268579000000	0.588583000000	0.153899000000	298.683828423643
495	1	0.293890000000	0.665937000000	0.164608000000	299.109081942752
495	2	0.320997000000	0.631008000000	0.131552000000	299.547710175458
495	3	0.267123000000	0.624505000000	0.114604000000	298.646681084685
496	0	0.253102000000	0.695432000000	0.165744000000	298.406332208649
496	1	0.185430000000	0.707385000000	0.124942000000	297.149314411530
496	2	0.226335000000	0.653999000000	0.115739000000	297.923251340289
496	3	0.190580000000	0.666642000000	0.166454000000	297.251518236094
497	0	0.247347000000	0.668124000000	0.100629000000	298.300209112290
497	1	0.206443000000	0.721510000000	0.109832000000	297.552554487443
497	2	0.274114000000	0.709557000000	0.150634000000	298.771278836783
497	3	0.279589000000	0.726475000000	0.102446000000	298.854030017306
498	0	0.216899000000	0.809699000000	0.205487000000	297.750602234513
498	1	0.271698000000	0.745310000000	0.221488000000	298.731591364098
498	2	0.261919000000	0.782709000000	0.283826000000	298.562403680617
498	3	0.239495000000	0.746660000000	0.265447000000	298.166042420634
499	0	0.245460000000	0.823581000000	0.294188000000	298.275816709151
499	1	0.200439000000	0.850572000000	0.215850000000	297.432118401757
499	2	0.182514000000	0.837022000000	0.274916000000	297.097034186600
499	3	0.242497000000	0.868959000000	0.266279000000	298.215208795189
500	0	0.163485000000	0.803632000000	0.332944000000	296.724200930552
500	1	0.226431000000	0.790191000000	0.352217000000	297.931341712778
500	2	0.165622000000	0.797776000000	0.405032000000	296.771798545055
500	3	0.177678000000	0.746921000000	0.380938000000	297.005895595971
501	0	0.239446000000	0.798419000000	0.297133000000	298.166276000562
501	1	0.194425000000	0.825410000000	0.218795000000	297.321464008911
501	2	0.217022000000	0.762371000000	0.278755000000	297.760105800392
501	3	0.176500000000	0.811860000000	0.277861000000	296.982657623344
502	0	0.189539000000	0.733437000000	0.358938000000	297.237291517599
502	1	0.175346000000	0.790148000000	0.310944000000	296.957841417963
502	2	0.238293000000	0.776708000000	0.330217000000	298.144632972314
502	3	0.215869000000	0.740659000000	0.311839000000	297.743067582540
503	0	0.277712000000	0.770472000000	0.218543000000	298.837741823739
503	1	0.222912000000	0.834862000000	0.202542000000	297.857922796383
503	2	0.267933000000	0.807871000000	0.280880000000	298.669121501864
503	3	0.264970000000	0.853249000000	0.252971000000	298.608361280178
504	0	0.414907000000	0.938233000000	0.129132000000	300.916544648390
504	1	0.407953000000	0.871682000000	0.058928200000	300.814992644706
504	2	0.440214000000	0.863109000000	0.113215000000	301.254398387823
504	3	0.379675000000	0.880024000000	0.125133000000	300.422931434955
505	0	0.472555000000	0.956220000000	0.038469600000	301.644412055367
505	1	0.436833000000	0.956220000000	0.108674000000	301.202456991224
505	2	0.429879000000	0.889670000000	0.038469600000	301.107635862604
505	3	0.462140000000	0.881097000000	0.092756000000	301.539075743180
506	0	0.485205000000	0.757645000000	0.016775400000	301.823799968338
506	1	0.528733000000	0.825706000000	0.016775400000	302.316536907226
506	2	0.449846000000	0.826819000000	0.016775400000	301.372682423001
506	3	0.482107000000	0.818246000000	0.071061700000	301.784479939265
507	0	0.484368000000	0.860188000000	0.071061700000	301.806365925589
507	1	0.494783000000	0.935311000000	0.016775400000	301.914115796983
507	2	0.530994000000	0.867648000000	0.016775400000	302.336658179658
507	3	0.452107000000	0.868760000000	0.016775400000	301.401340910005
508	0	0.409026000000	0.835048000000	0.056902500000	300.829049687617
508	1	0.380748000000	0.843390000000	0.123108000000	300.448546659964
508	2	0.419452000000	0.783047000000	0.120551000000	300.992088302733
508	3	0.441287000000	0.826475000000	0.111189000000	301.273240077424
509	0	0.344011000000	0.813194000000	0.144947000000	299.896121734452
509	1	0.382715000000	0.752852000000	0.142391000000	300.483191792087
509	2	0.326240000000	0.743248000000	0.165316000000	299.626575949343
509	3	0.331715000000	0.760167000000	0.117128000000	299.704427819267
510	0	0.329126000000	0.710840000000	0.161395000000	299.673313509353
510	1	0.385601000000	0.720443000000	0.138470000000	300.529113033973
510	2	0.356233000000	0.675911000000	0.128338000000	300.093561510404
510	3	0.334600000000	0.727759000000	0.113207000000	299.760178392264
511	0	0.386518000000	0.823888000000	0.051989000000	300.525899507234
511	1	0.396945000000	0.771888000000	0.115638000000	300.687215517018
511	2	0.358241000000	0.832230000000	0.118194000000	300.110544012896
511	3	0.345944000000	0.779203000000	0.090374800000	299.930576142877
512	0	0.435690000000	0.700930000000	0.048068100000	301.207503176587
512	1	0.359756000000	0.725419000000	0.086454000000	300.137252365505
512	2	0.381390000000	0.673571000000	0.101585000000	300.460281003535
512	3	0.410757000000	0.718104000000	0.111717000000	300.877468973076
513	0	0.441542000000	0.730761000000	0.031530400000	301.278055533070
513	1	0.406183000000	0.799935000000	0.031530400000	300.796765156945
513	2	0.365609000000	0.755249000000	0.069916300000	300.218499453320
513	3	0.416610000000	0.747934000000	0.095179200000	300.955751285531
514	0	0.464050000000	0.741920000000	0.036443900000	301.573014975967
514	1	0.428690000000	0.811094000000	0.036443900000	301.103974011352
514	2	0.439117000000	0.759094000000	0.100093000000	301.251330031630
514	3	0.460952000000	0.802521000000	0.090730300000	301.537588051235
515	0	0.294200000000	0.844317000000	0.265020000000	299.110175197231
515	1	0.306942000000	0.761540000000	0.230592000000	299.324155417635
515	2	0.346732000000	0.797024000000	0.253584000000	299.949812617412
515	3	0.297163000000	0.798939000000	0.292930000000	299.157889012170
516	0	0.400834000000	0.800857000000	0.200326000000	300.743309164812
516	1	0.378814000000	0.835318000000	0.156965000000	300.420928790405
516	2	0.439353000000	0.818404000000	0.145046000000	301.259147790502
516	3	0.417519000000	0.774976000000	0.154409000000	300.974628829659
517	0	0.354615000000	0.818931000000	0.166943000000	300.055870036058
517	1	0.336845000000	0.748985000000	0.187311000000	299.796304270905
517	2	0.393320000000	0.758589000000	0.164386000000	300.640081042950
517	3	0.376635000000	0.784469000000	0.210303000000	300.401334129398
518	0	0.302713000000	0.854374000000	0.239463000000	299.249448091249
518	1	0.315455000000	0.771597000000	0.205034000000	299.458845620957
518	2	0.333226000000	0.841543000000	0.184666000000	299.729613349990
518	3	0.355246000000	0.807081000000	0.228026000000	300.080094453105
519	0	0.387022000000	0.747904000000	0.224608000000	300.555448539066
519	1	0.398614000000	0.664039000000	0.227542000000	300.727497612865
519	2	0.347231000000	0.712420000000	0.201617000000	299.968277576814
519	3	0.403706000000	0.722024000000	0.178692000000	300.790545086460
520	0	0.378050000000	0.549716000000	0.142014000000	300.428416744699
520	1	0.330442000000	0.588118000000	0.218781000000	299.710826811884
520	2	0.388086000000	0.593944000000	0.213111000000	300.581023174668
520	3	0.363811000000	0.607396000000	0.154129000000	300.209275544452
521	0	0.330792000000	0.561139000000	0.227831000000	299.713818430182
521	1	0.378400000000	0.522737000000	0.151063000000	300.435509280712
521	2	0.388436000000	0.566965000000	0.222161000000	300.587811117289
521	3	0.365292000000	0.493111000000	0.192465000000	300.246016707034
522	0	0.394695000000	0.642280000000	0.210222000000	300.673234760624
522	1	0.343312000000	0.690661000000	0.184297000000	299.903922650228
522	2	0.399787000000	0.700265000000	0.161372000000	300.737764340747
522	3	0.370420000000	0.655732000000	0.151240000000	300.309716821910
523	0	0.317665000000	0.616735000000	0.232740000000	299.499787283424
523	1	0.375309000000	0.622562000000	0.227070000000	300.390034217131
523	2	0.351033000000	0.636014000000	0.168088000000	300.019950243210
523	3	0.323926000000	0.670943000000	0.201145000000	299.592663382600
524	0	0.407711000000	0.551320000000	0.126848000000	300.844599646866
524	1	0.417746000000	0.595548000000	0.197946000000	300.993385380551
524	2	0.456085000000	0.594911000000	0.154541000000	301.495021134997
524	3	0.393471000000	0.609000000000	0.138964000000	300.646498945147
525	0	0.495106000000	0.605597000000	0.090445300000	301.966304942347
525	1	0.486792000000	0.647044000000	0.021351200000	301.850704653841
525	2	0.515636000000	0.583829000000	0.021351200000	302.188894626164
525	3	0.459840000000	0.591632000000	0.021351200000	301.519004206210
526	0	0.482727000000	0.579319000000	0.103239000000	301.815892094779
526	1	0.503256000000	0.557551000000	0.034145000000	302.048389607423
526	2	0.434353000000	0.535727000000	0.075546600000	301.193373165483
526	3	0.447461000000	0.565353000000	0.034145000000	301.359769790754
527	0	0.461099000000	0.658125000000	0.037889000000	301.534197491557
527	1	0.469414000000	0.616677000000	0.106983000000	301.652811473952
527	2	0.406800000000	0.630766000000	0.091406200000	300.820328309633
527	3	0.434147000000	0.602712000000	0.037889000000	301.191058667579
528	0	0.421768000000	0.576434000000	0.050682800000	301.029955642818
528	1	0.457035000000	0.590399000000	0.119777000000	301.503981949089
528	2	0.394420000000	0.604487000000	0.104200000000	300.647445788120
528	3	0.408660000000	0.546808000000	0.092084400000	300.849039740406
529	0	0.422421000000	0.627133000000	0.204821000000	301.058023823760
529	1	0.427513000000	0.685117000000	0.155970000000	301.113473404176
529	2	0.460760000000	0.626497000000	0.161416000000	301.554206905474
529	3	0.398146000000	0.640585000000	0.145839000000	300.713470933374
530	0	0.470038000000	0.639108000000	0.126652000000	301.663999247890
530	1	0.461723000000	0.680555000000	0.057557500000	301.547661933001
530	2	0.407424000000	0.653196000000	0.111075000000	300.839259799993
530	3	0.436791000000	0.697729000000	0.121206000000	301.232964446589
531	0	0.151327000000	0.340532000000	0.399606000000	296.485403161331
531	1	0.183632000000	0.347129000000	0.331262000000	297.122425800980
531	2	0.142453000000	0.404836000000	0.360807000000	296.309073038627
531	3	0.189642000000	0.388829000000	0.387114000000	297.243343527322
532	0	0.199330000000	0.364833000000	0.308266000000	297.423910551952
532	1	0.158151000000	0.422540000000	0.337811000000	296.626477492633
532	2	0.205341000000	0.406532000000	0.364118000000	297.542107888147
532	3	0.217827000000	0.415523000000	0.302195000000	297.776753940321
533	0	0.197630000000	0.518260000000	0.340770000000	297.401346993442
533	1	0.217425000000	0.451743000000	0.309868000000	297.771174236123
533	2	0.204939000000	0.442752000000	0.371792000000	297.532179899661
533	3	0.157750000000	0.458759000000	0.345484000000	296.619232524163
534	0	0.226741000000	0.386427000000	0.367321000000	297.940559347940
534	1	0.239227000000	0.395418000000	0.305397000000	298.171725387708
534	2	0.248804000000	0.337372000000	0.351375000000	298.341979872436
534	3	0.220730000000	0.344727000000	0.311469000000	297.834639898131
535	0	0.172727000000	0.320427000000	0.402808000000	296.909053654428
535	1	0.205032000000	0.327024000000	0.334464000000	297.532604904546
535	2	0.211043000000	0.368724000000	0.390316000000	297.653727416703
535	3	0.233106000000	0.319669000000	0.374371000000	298.062717536792
536	0	0.064152100000	0.239003000000	0.650758000000	294.630157298493
536	1	0.024836900000	0.192770000000	0.721978000000	294.725180719152
536	2	0.065895700000	0.272260000000	0.714917000000	294.669656637187
536	3	0.024836900000	0.273314000000	0.690933000000	294.291676039312
537	0	0.039287600000	0.396451000000	0.465875000000	294.502793930185
537	1	0.107283000000	0.377326000000	0.508221000000	295.572678812141
537	2	0.039287600000	0.327349000000	0.489850000000	294.144365312911
537	3	0.098429900000	0.334171000000	0.461306000000	295.385458882923
538	0	0.119432000000	0.348229000000	0.528912000000	295.823569475291
538	1	0.090751800000	0.273193000000	0.553520000000	295.212656301678
538	2	0.051436700000	0.298252000000	0.510540000000	294.343112205802
538	3	0.110579000000	0.305074000000	0.481996000000	295.645082876029
539	0	0.021011700000	0.343888000000	0.508649000000	294.110060120899
539	1	0.089006900000	0.393865000000	0.527020000000	295.184811088980
539	2	0.021011700000	0.412990000000	0.484674000000	294.722649054265
539	3	0.021011700000	0.404229000000	0.540938000000	294.755605189608
540	0	0.101156000000	0.364768000000	0.547710000000	295.440614053257
540	1	0.072475900000	0.289732000000	0.572319000000	294.809273958846
540	2	0.033160700000	0.375132000000	0.561629000000	294.515407356844
540	3	0.033160700000	0.314790000000	0.529339000000	294.095803835568
541	0	0.413972000000	0.055367100000	0.426260000000	300.920028623456
541	1	0.434320000000	0.115512000000	0.436248000000	301.205090384799
541	2	0.379489000000	0.112013000000	0.395091000000	300.443701973374
541	3	0.370817000000	0.117749000000	0.443564000000	300.316034919405
542	0	0.418244000000	0.209638000000	0.388284000000	301.002315386342
542	1	0.448318000000	0.155230000000	0.411877000000	301.397944073683
542	2	0.393487000000	0.151731000000	0.370720000000	300.647651290960
542	3	0.439841000000	0.171445000000	0.353936000000	301.281476384387
543	0	0.461470000000	0.131630000000	0.409875000000	301.556635470915
543	1	0.406640000000	0.128130000000	0.368718000000	300.833224737117
543	2	0.452993000000	0.147844000000	0.351933000000	301.443561817087
543	3	0.473958000000	0.109665000000	0.379800000000	301.709278248106
544	0	0.437454000000	0.047888400000	0.414706000000	301.239760509093
544	1	0.402972000000	0.104534000000	0.383536000000	300.778868530406
544	2	0.457802000000	0.108033000000	0.424693000000	301.510370223074
544	3	0.470290000000	0.086068200000	0.394619000000	301.661605296860
545	0	0.431314000000	0.150911000000	0.432043000000	301.167965738646
545	1	0.401240000000	0.205318000000	0.408450000000	300.762850539024
545	2	0.376483000000	0.147411000000	0.390886000000	300.402968794125
545	3	0.367811000000	0.153147000000	0.439360000000	300.277718501135
546	0	0.614316000000	0.011798200000	0.334941000000	303.168081373255
546	1	0.529348000000	0.011798200000	0.332552000000	302.327072613456
546	2	0.555557000000	0.011798200000	0.397093000000	302.611790540069
546	3	0.534592000000	0.049977900000	0.369226000000	302.399451574000
547	0	0.518536000000	0.030384000000	0.434521000000	302.222969218180
547	1	0.464735000000	0.030384000000	0.426742000000	301.586025127884
547	2	0.485083000000	0.090528900000	0.436729000000	301.843266978822
547	3	0.497571000000	0.068563700000	0.406655000000	301.989505970514
548	0	0.520774000000	0.011798200000	0.413895000000	302.243554915061
548	1	0.494565000000	0.011798200000	0.349354000000	301.941354317442
548	2	0.466974000000	0.011798200000	0.406115000000	301.612168756295
548	3	0.499809000000	0.049977900000	0.386028000000	302.009452229344
549	0	0.273069000000	0.386110000000	0.302587000000	298.768529599693
549	1	0.321204000000	0.324549000000	0.301606000000	299.567412568096
549	2	0.303465000000	0.357868000000	0.362467000000	299.285581035561
549	3	0.282646000000	0.328064000000	0.348565000000	298.923337239377
550	0	0.263913000000	0.344309000000	0.368003000000	298.605532040805
550	1	0.254336000000	0.402355000000	0.322025000000	298.442474956953
550	2	0.241850000000	0.393364000000	0.383948000000	298.218878680825
550	3	0.284732000000	0.374114000000	0.381905000000	298.966211120133
551	0	0.343880000000	0.300275000000	0.319137000000	299.918618246022
551	1	0.369126000000	0.283283000000	0.376850000000	300.309701075607
551	2	0.326141000000	0.333594000000	0.379998000000	299.644761302936
551	3	0.305322000000	0.303790000000	0.366096000000	299.307213543759
552	0	0.038188700000	0.435510000000	0.538454000000	294.727053836194
552	1	0.106184000000	0.425146000000	0.524536000000	295.556190682194
552	2	0.038188700000	0.444271000000	0.482190000000	294.524388814161
552	3	0.093774700000	0.476394000000	0.498126000000	295.279832321239
553	0	0.144978000000	0.639687000000	0.405305000000	296.363069703291
553	1	0.068627700000	0.580042000000	0.419328000000	294.732867673320
553	2	0.158776000000	0.586122000000	0.379402000000	296.642057567647
553	3	0.124214000000	0.556721000000	0.443421000000	295.934667626957
554	0	0.146270000000	0.500328000000	0.434122000000	296.382397168666
554	1	0.180832000000	0.529729000000	0.370103000000	297.077763285974
554	2	0.188142000000	0.454221000000	0.401124000000	297.214404916327
554	3	0.140952000000	0.470228000000	0.374816000000	296.284736458268
555	0	0.017177000000	0.531590000000	0.512634000000	294.428725529478
555	1	0.072763000000	0.516679000000	0.480109000000	294.825975612405
555	2	0.017177000000	0.484556000000	0.464172000000	294.511872528182
555	3	0.017177000000	0.540000000000	0.456016000000	294.848764491885
556	0	0.150716000000	0.551183000000	0.372854000000	296.478222896418
556	1	0.060568000000	0.545103000000	0.412780000000	294.555602332138
556	2	0.110836000000	0.491682000000	0.377568000000	295.646905141235
556	3	0.116154000000	0.521782000000	0.436873000000	295.762134183167
557	0	0.017177000000	0.455954000000	0.540344000000	294.344440099125
557	1	0.072763000000	0.496839000000	0.500016000000	294.822790758591
557	2	0.017177000000	0.464715000000	0.484080000000	294.424910152721
557	3	0.017177000000	0.511750000000	0.532541000000	294.286899019675
558	0	0.032710700000	0.526091000000	0.427639000000	294.562319490053
558	1	0.082978800000	0.472670000000	0.392426000000	295.052902010831
558	2	0.088296700000	0.502770000000	0.451732000000	295.160287221344
558	3	0.032710700000	0.470646000000	0.435795000000	294.483457176133
559	0	0.056464600000	0.427732000000	0.463391000000	294.515689277652
559	1	0.115607000000	0.365451000000	0.458822000000	295.749867939824
559	2	0.112051000000	0.459856000000	0.479328000000	295.673862319060
559	3	0.124460000000	0.408607000000	0.505737000000	295.938436830558
560	0	0.106573000000	0.466391000000	0.452840000000	295.555135708591
560	1	0.110129000000	0.371987000000	0.432335000000	295.635726426386
560	2	0.050986700000	0.434267000000	0.436904000000	294.333817899223
560	3	0.101255000000	0.436291000000	0.393535000000	295.441280864883
561	0	0.136689000000	0.462070000000	0.447568000000	296.193842710865
561	1	0.140245000000	0.367666000000	0.427062000000	296.263313723672
561	2	0.131371000000	0.431970000000	0.388263000000	296.083742003200
561	3	0.178561000000	0.415963000000	0.414570000000	297.031482491803
562	0	0.142167000000	0.455535000000	0.474055000000	296.307041980392
562	1	0.145723000000	0.361130000000	0.453550000000	296.375989525396
562	2	0.184039000000	0.409428000000	0.441058000000	297.136938865453
562	3	0.154576000000	0.404286000000	0.500465000000	296.549500051945
563	0	0.055365700000	0.453286000000	0.561114000000	294.721103691247
563	1	0.110952000000	0.519570000000	0.578178000000	295.654745159092
563	2	0.123361000000	0.442921000000	0.547196000000	295.912803742996
563	3	0.110952000000	0.494170000000	0.520786000000	295.656961562522
564	0	0.034354000000	0.473730000000	0.563004000000	294.401851993481
564	1	0.089940000000	0.540014000000	0.580068000000	295.196981410758
564	2	0.089940000000	0.514614000000	0.522676000000	295.197032443097
564	3	0.034354000000	0.529526000000	0.555201000000	294.441917565699
565	0	0.108334000000	0.504512000000	0.605452000000	295.594980026177
565	1	0.052748000000	0.438228000000	0.588388000000	294.847051099368
565	2	0.120743000000	0.427864000000	0.574469000000	295.859912924253
565	3	0.099862800000	0.430386000000	0.636318000000	295.417739736958
566	0	0.078711400000	0.277257000000	0.640257000000	294.946736517687
566	1	0.086511000000	0.354815000000	0.677498000000	295.114753230910
566	2	0.039396200000	0.311568000000	0.680433000000	294.444435812016
566	3	0.080454900000	0.310514000000	0.704416000000	294.982822267480
567	0	0.026708300000	0.378770000000	0.606437000000	294.498234963922
567	1	0.066023500000	0.293370000000	0.617128000000	294.670723841476
567	2	0.073823200000	0.370928000000	0.654368000000	294.838510701895
567	3	0.026708300000	0.327681000000	0.657303000000	294.542710206786
568	0	0.047720000000	0.391355000000	0.586418000000	294.579789220048
568	1	0.087035200000	0.305955000000	0.597108000000	295.131644593032
568	2	0.115715000000	0.380991000000	0.572500000000	295.751042198124
568	3	0.094834900000	0.383512000000	0.634349000000	295.304204915599
569	0	0.014559300000	0.362400000000	0.671123000000	294.704638028666
569	1	0.014559300000	0.413489000000	0.620257000000	294.414282327278
569	2	0.014559300000	0.440441000000	0.675670000000	294.334399541435
569	3	0.061674100000	0.405647000000	0.668188000000	294.574822150196
570	0	0.017177000000	0.496377000000	0.648002000000	294.738139477754
570	1	0.072763000000	0.535709000000	0.609654000000	294.822674270885
570	2	0.017177000000	0.469425000000	0.592589000000	294.565720829270
570	3	0.017177000000	0.525220000000	0.584787000000	294.466963963837
571	0	0.087322300000	0.516044000000	0.626876000000	295.137632285920
571	1	0.031736300000	0.449760000000	0.609812000000	294.760912064293
571	2	0.078851100000	0.441917000000	0.657743000000	294.949606877199
571	3	0.031736300000	0.476712000000	0.665224000000	294.540275709582
572	0	0.012687900000	0.243594000000	0.808547000000	294.361257206415
572	1	0.012687900000	0.193854000000	0.759227000000	294.851444850493
572	2	0.012687900000	0.274398000000	0.728182000000	294.469189521654
572	3	0.053746600000	0.273344000000	0.752166000000	294.408903590017
573	0	0.118823000000	0.076543900000	0.830728000000	295.801659127984
573	1	0.053556900000	0.018069600000	0.830002000000	294.610037492233
573	2	0.111477000000	0.018069600000	0.794693000000	295.650191792141
573	3	0.103684000000	0.018069600000	0.853804000000	295.481407584499
574	0	0.059439100000	0.113339000000	0.755694000000	294.521089271342
574	1	0.117360000000	0.055635500000	0.755077000000	295.777567186194
574	2	0.128602000000	0.119498000000	0.720676000000	296.008978339865
574	3	0.124705000000	0.114110000000	0.791111000000	295.932723334419
575	0	0.038066700000	0.093604700000	0.777235000000	294.321286853339
575	1	0.103333000000	0.094375300000	0.812652000000	295.481940975292
575	2	0.038066700000	0.035901000000	0.811927000000	294.603499760848
575	3	0.095987200000	0.035901000000	0.776618000000	295.320857494129
576	0	0.020168300000	0.051240600000	0.830290000000	294.216433828093
576	1	0.085434200000	0.109715000000	0.831016000000	295.092425060618
576	2	0.020168300000	0.108944000000	0.795599000000	294.220129672066
576	3	0.020168300000	0.100880000000	0.854408000000	294.094009836979
577	0	0.035658500000	0.033409100000	0.848366000000	294.298419597745
577	1	0.100924000000	0.091883500000	0.849092000000	295.426567990631
577	2	0.035658500000	0.083049000000	0.872484000000	294.094365902549
577	3	0.085785900000	0.033409100000	0.872168000000	295.098161845814
578	0	0.085434200000	0.142917000000	0.835537000000	295.091285960026
578	1	0.020168300000	0.191887000000	0.849439000000	294.384640806364
578	2	0.020168300000	0.142146000000	0.800120000000	294.336336818390
578	3	0.020168300000	0.134082000000	0.858929000000	294.289191040324
579	0	0.195496000000	0.018069600000	0.848982000000	297.329873002518
579	1	0.152330000000	0.076543900000	0.835208000000	296.491681623697
579	2	0.144985000000	0.018069600000	0.799174000000	296.342626242251
579	3	0.137192000000	0.018069600000	0.858285000000	296.176276775818
580	0	0.084180700000	0.081439900000	0.968743000000	295.061854406933
580	1	0.031705800000	0.030943700000	0.968743000000	294.166923753305
580	2	0.031705800000	0.080583600000	0.918325000000	294.425439834259
580	3	0.081833300000	0.030943700000	0.918009000000	295.005210365976
581	0	0.068690500000	0.137675000000	0.965908000000	294.716105842484
581	1	0.016215600000	0.194623000000	0.906001000000	294.079931808939
581	2	0.016215600000	0.136818000000	0.915490000000	294.315320105506
581	3	0.016215600000	0.161714000000	0.965908000000	293.912116850748
582	0	0.104349000000	0.099509400000	0.945934000000	295.498387620015
582	1	0.051874100000	0.098653100000	0.895516000000	294.348904423300
582	2	0.117140000000	0.107488000000	0.872124000000	295.763213674364
582	3	0.102002000000	0.049013300000	0.895201000000	295.443025379715
583	0	0.088858700000	0.132711000000	0.943099000000	295.167676010538
583	1	0.036383900000	0.189659000000	0.883192000000	294.156929882909
583	2	0.101650000000	0.140690000000	0.869290000000	295.433912490312
583	3	0.036383900000	0.131855000000	0.892682000000	294.083073588994
584	0	0.016215600000	0.053976500000	0.984420000000	293.961389987706
584	1	0.068690500000	0.104473000000	0.984420000000	294.722153856899
584	2	0.016215600000	0.103616000000	0.934002000000	294.533357038338
584	3	0.016215600000	0.128512000000	0.984420000000	294.133331634106
585	0	0.193813000000	0.033673700000	0.882926000000	297.294980939082
585	1	0.137856000000	0.084169900000	0.942962000000	296.184641476250
585	2	0.150647000000	0.092148100000	0.869152000000	296.456778943167
585	3	0.135509000000	0.033673700000	0.892228000000	296.144954006123
586	0	0.107213000000	0.066100300000	0.984322000000	295.552677061190
586	1	0.054738600000	0.015604200000	0.984322000000	294.448163298751
586	2	0.104866000000	0.015604200000	0.933589000000	295.503854490039
586	3	0.129274000000	0.015604200000	0.984322000000	296.006105792716
587	0	0.196677000000	0.015604200000	0.905734000000	297.349743131989
587	1	0.140721000000	0.066100300000	0.965770000000	296.246332489035
587	2	0.138373000000	0.015604200000	0.915037000000	296.195088724295
587	3	0.162781000000	0.015604200000	0.965770000000	296.685485089158
588	0	0.014559300000	0.402484000000	0.783343000000	294.715257668015
588	1	0.014559300000	0.359802000000	0.709622000000	294.938069709076
588	2	0.014559300000	0.437843000000	0.714169000000	294.563042303414
588	3	0.061674100000	0.403049000000	0.706687000000	294.644970190768
589	0	0.074362000000	0.378607000000	0.712694000000	294.859524380339
589	1	0.027247100000	0.378042000000	0.789349000000	294.540557351952
589	2	0.027247100000	0.335360000000	0.715629000000	294.670143935555
589	3	0.068305900000	0.334306000000	0.739612000000	294.720637651707
590	0	0.012687900000	0.355159000000	0.815090000000	294.147079621472
590	1	0.012687900000	0.281673000000	0.821734000000	294.254348675338
590	2	0.012687900000	0.312477000000	0.741370000000	294.093389548645
590	3	0.053746600000	0.311423000000	0.765353000000	294.394449329242
591	0	0.017177000000	0.531915000000	0.663565000000	294.638618731997
591	1	0.017177000000	0.619968000000	0.658516000000	294.844842130019
591	2	0.072763000000	0.571248000000	0.625217000000	294.821388050406
591	3	0.017177000000	0.560759000000	0.600350000000	294.380463223538
592	0	0.632626000000	0.819665000000	0.019545300000	303.322480234851
592	1	0.677152000000	0.746555000000	0.019545300000	303.685420144281
592	2	0.709447000000	0.825842000000	0.019545300000	303.899165249783
592	3	0.678448000000	0.792642000000	0.082795100000	303.699697873309
593	0	0.618836000000	0.958866000000	0.021030100000	303.175105842643
593	1	0.576915000000	0.893416000000	0.089085100000	302.816249623376
593	2	0.544301000000	0.958866000000	0.021030100000	302.458182435714
593	3	0.580511000000	0.891202000000	0.021030100000	302.833682024378
594	0	0.460099000000	0.956560000000	0.129704000000	301.503318708899
594	1	0.495821000000	0.956560000000	0.059499800000	301.928001521971
594	2	0.528436000000	0.891111000000	0.127555000000	302.321514555297
594	3	0.485406000000	0.881437000000	0.113786000000	301.824811758425
595	0	0.518050000000	0.935651000000	0.037805500000	302.179563687085
595	1	0.554260000000	0.867988000000	0.037805500000	302.584355506398
595	2	0.550664000000	0.870202000000	0.105860000000	302.553198251544
595	3	0.507635000000	0.860528000000	0.092091900000	302.084673092018
596	0	0.539109000000	0.503209000000	0.140962000000	302.467671956390
596	1	0.524891000000	0.542880000000	0.059361200000	302.300298193615
596	2	0.455988000000	0.521057000000	0.100763000000	301.489769891029
596	3	0.504362000000	0.564649000000	0.128455000000	302.081691531891
597	0	0.640560000000	0.487506000000	0.025216100000	303.414043523054
597	1	0.589512000000	0.476784000000	0.106817000000	302.972246801392
597	2	0.575294000000	0.516455000000	0.025216100000	302.820812068778
597	3	0.583704000000	0.459837000000	0.025216100000	302.907787700856
598	0	0.516701000000	0.521178000000	0.038009900000	302.208011676887
598	1	0.530918000000	0.481507000000	0.119611000000	302.383169346855
598	2	0.447797000000	0.499355000000	0.079411500000	301.382027403363
598	3	0.469666000000	0.472716000000	0.038009900000	301.652843094375
599	0	0.665153000000	0.417767000000	0.091468500000	303.622207811282
599	1	0.596164000000	0.439111000000	0.133050000000	303.038563032562
599	2	0.590356000000	0.422164000000	0.051448800000	302.972845349101
599	3	0.585533000000	0.388936000000	0.096319700000	302.928874168118
600	0	0.494665000000	0.434200000000	0.039082000000	301.951365837232
600	1	0.555917000000	0.442990000000	0.120683000000	302.640696277018
600	2	0.545287000000	0.392815000000	0.083952900000	302.522300981279
600	3	0.550109000000	0.426043000000	0.039082000000	302.566530472252
601	0	0.609416000000	0.440982000000	0.037582900000	303.141822106410
601	1	0.615224000000	0.457929000000	0.119184000000	303.210525691391
601	2	0.684213000000	0.436586000000	0.077602600000	303.762153544717
601	3	0.666272000000	0.468651000000	0.037582900000	303.614122642346
602	0	0.554809000000	0.470754000000	0.106817000000	302.622956513780
602	1	0.493557000000	0.461964000000	0.025216100000	301.937897032060
602	2	0.540592000000	0.510426000000	0.025216100000	302.464680546434
602	3	0.549001000000	0.453807000000	0.025216100000	302.546664100538
603	0	0.448906000000	0.471591000000	0.093277400000	301.396433459156
603	1	0.532026000000	0.453743000000	0.133477000000	302.395351131145
603	2	0.521396000000	0.403567000000	0.096746700000	302.259319982686
603	3	0.470774000000	0.444952000000	0.051875800000	301.664631029622
604	0	0.601878000000	0.497202000000	0.128632000000	303.094572958283
604	1	0.652926000000	0.507923000000	0.047030800000	303.519679580676
604	2	0.587661000000	0.536873000000	0.047030800000	302.941806130509
604	3	0.636088000000	0.546327000000	0.117624000000	303.398250024334
605	0	0.649991000000	0.576560000000	0.092408400000	303.498575255053
605	1	0.660773000000	0.625272000000	0.021814700000	303.569168442089
605	2	0.666830000000	0.538156000000	0.021814700000	303.622919395787
605	3	0.601564000000	0.567106000000	0.021814700000	303.073209107072
606	0	0.561149000000	0.552546000000	0.068382000000	302.687279656208
606	1	0.575366000000	0.512874000000	0.149983000000	302.840881238282
606	2	0.609576000000	0.562000000000	0.138976000000	303.165231816321
606	3	0.540620000000	0.574314000000	0.137476000000	302.486931457798
607	0	0.627590000000	0.478347000000	0.140999000000	303.326414545657
607	1	0.678638000000	0.489068000000	0.059397600000	303.714900080636
607	2	0.661800000000	0.527472000000	0.129991000000	303.603230939270
607	3	0.696579000000	0.457003000000	0.099417300000	303.849250423316
608	0	0.036096800000	0.645956000000	0.639026000000	294.884272652746
608	1	0.036096800000	0.586746000000	0.580860000000	294.269354284053
608	2	0.097322400000	0.642000000000	0.581004000000	295.356329324491
608	3	0.091682700000	0.597235000000	0.605727000000	295.233318363062
609	0	0.097322400000	0.618453000000	0.527798000000	295.357918123667
609	1	0.036096800000	0.571609000000	0.471036000000	295.023302433162
609	2	0.091682700000	0.548288000000	0.495129000000	295.240175302327
609	3	0.036096800000	0.563199000000	0.527654000000	294.339662390689
610	0	0.080145300000	0.643229000000	0.528903000000	294.987370709709
610	1	0.018919700000	0.596385000000	0.472141000000	295.025254845966
610	2	0.018919700000	0.587975000000	0.528759000000	294.303542011463
610	3	0.018919700000	0.653241000000	0.499809000000	294.386682804512
611	0	0.018919700000	0.703646000000	0.625450000000	295.366422558448
611	1	0.018919700000	0.776351000000	0.577170000000	294.585067790258
611	2	0.080145300000	0.699691000000	0.567429000000	294.985771922586
611	3	0.018919700000	0.709703000000	0.538335000000	294.661580776445
612	0	0.018919700000	0.603673000000	0.564229000000	294.242360433567
612	1	0.018919700000	0.662883000000	0.622395000000	294.859458679632
612	2	0.080145300000	0.658927000000	0.564374000000	294.987496956457
612	3	0.018919700000	0.668939000000	0.535280000000	294.505197890658
613	0	0.062381200000	0.708418000000	0.481092000000	294.593310281108
613	1	0.126675000000	0.762063000000	0.463495000000	295.983313377086
613	2	0.123607000000	0.698406000000	0.510186000000	295.921023871139
613	3	0.138731000000	0.711207000000	0.439401000000	296.233281604738
614	0	0.114499000000	0.619095000000	0.552979000000	295.726043724217
614	1	0.053273800000	0.563842000000	0.552834000000	294.390707339017
614	2	0.108860000000	0.548931000000	0.520309000000	295.608532924009
614	3	0.108860000000	0.574330000000	0.577702000000	295.611279292393
615	0	0.059690200000	0.592639000000	0.449206000000	294.826956274619
615	1	0.136040000000	0.652284000000	0.435184000000	296.178639907910
615	2	0.120916000000	0.639483000000	0.505969000000	295.859963861778
615	3	0.115276000000	0.569318000000	0.473300000000	295.743840334491
616	0	0.118863000000	0.677060000000	0.436289000000	295.816875333727
616	1	0.042513100000	0.617415000000	0.450311000000	294.658619743180
616	2	0.103739000000	0.664259000000	0.507074000000	295.498600384956
616	3	0.042513100000	0.674271000000	0.477980000000	294.441425925205
617	0	0.038787800000	0.794800000000	0.544812000000	294.296809487192
617	1	0.103082000000	0.781796000000	0.488380000000	295.478557101455
617	2	0.100013000000	0.718139000000	0.535071000000	295.408466462906
617	3	0.038787800000	0.728151000000	0.505977000000	294.690200421919
618	0	0.291906000000	0.421763000000	0.253673000000	299.085982086178
618	1	0.362011000000	0.417624000000	0.278489000000	300.193132972515
618	2	0.317693000000	0.389707000000	0.213470000000	299.500882400640
618	3	0.345085000000	0.425481000000	0.215649000000	299.933145623026
619	0	0.394992000000	0.404904000000	0.268883000000	300.687555692490
619	1	0.431615000000	0.367880000000	0.212982000000	301.180540824889
619	2	0.350673000000	0.376987000000	0.203864000000	300.022022799873
619	3	0.378065000000	0.412761000000	0.206043000000	300.435953666690
620	0	0.430057000000	0.347708000000	0.224429000000	301.160497467797
620	1	0.393434000000	0.384732000000	0.280330000000	300.664263185741
620	2	0.349115000000	0.356814000000	0.215311000000	300.002550260312
620	3	0.371464000000	0.327309000000	0.254533000000	300.340355583173
621	0	0.387830000000	0.299941000000	0.370310000000	300.581639084755
621	1	0.384554000000	0.374356000000	0.338395000000	300.532715226343
621	2	0.362584000000	0.316933000000	0.312598000000	300.203322583164
621	3	0.344845000000	0.350253000000	0.373459000000	299.939545499881
622	0	0.290348000000	0.401590000000	0.265120000000	299.055184781065
622	1	0.360453000000	0.397452000000	0.289936000000	300.176389983432
622	2	0.338483000000	0.340029000000	0.264139000000	299.830191759750
622	3	0.316134000000	0.369534000000	0.224917000000	299.477798969963
623	0	0.400381000000	0.315130000000	0.266687000000	300.749133459973
623	1	0.422351000000	0.372553000000	0.292484000000	301.064212250438
623	2	0.471610000000	0.305225000000	0.266793000000	301.691561399696
623	3	0.458974000000	0.335529000000	0.236582000000	301.539891665363
624	0	0.412046000000	0.360999000000	0.319621000000	300.927899439588
624	1	0.461305000000	0.293670000000	0.293930000000	301.571786833184
624	2	0.415322000000	0.286584000000	0.351536000000	300.967975572088
624	3	0.390076000000	0.303576000000	0.293824000000	300.605919673157
625	0	0.331972000000	0.549556000000	0.260044000000	299.738233233841
625	1	0.383399000000	0.473672000000	0.287518000000	300.521071158124
625	2	0.366472000000	0.481528000000	0.224678000000	300.266169704440
625	3	0.389616000000	0.555382000000	0.254373000000	300.611057873034
626	0	0.359814000000	0.449701000000	0.290091000000	300.164632454024
626	1	0.308387000000	0.525585000000	0.262617000000	299.356948013414
626	2	0.342888000000	0.457557000000	0.227251000000	299.905876381604
626	3	0.289710000000	0.453839000000	0.265275000000	299.047210726710
627	0	0.339908000000	0.341208000000	0.295067000000	299.857558580699
627	1	0.291773000000	0.402769000000	0.296047000000	299.085363447565
627	2	0.322169000000	0.374527000000	0.355927000000	299.581468297271
627	3	0.361878000000	0.398630000000	0.320864000000	300.199183673906
628	0	0.469014000000	0.497281000000	0.217643000000	301.658805292720
628	1	0.425544000000	0.524947000000	0.145422000000	301.094180273646
628	2	0.435579000000	0.569175000000	0.216519000000	301.234872807221
628	3	0.473918000000	0.568538000000	0.173114000000	301.721042349623
629	0	0.394617000000	0.461113000000	0.223272000000	300.673964410982
629	1	0.417760000000	0.534966000000	0.252968000000	300.997556930302
629	2	0.411544000000	0.453256000000	0.286113000000	300.919030931140
629	3	0.451195000000	0.463073000000	0.254092000000	301.451205413661
630	0	0.457563000000	0.379541000000	0.223179000000	301.524019988950
630	1	0.404013000000	0.424422000000	0.216240000000	300.807752187217
630	2	0.420940000000	0.416565000000	0.279080000000	301.050775124973
630	3	0.460591000000	0.426382000000	0.247059000000	301.566852525111
631	0	0.415941000000	0.465630000000	0.142626000000	300.965788968175
631	1	0.456383000000	0.391124000000	0.190966000000	301.505562647925
631	2	0.459411000000	0.437965000000	0.214847000000	301.538445780638
631	3	0.402833000000	0.436004000000	0.184028000000	300.787001837801
632	0	0.450015000000	0.474656000000	0.221879000000	301.418040121748
632	1	0.416580000000	0.546549000000	0.220756000000	300.979382999344
632	2	0.406545000000	0.502321000000	0.149658000000	300.837198075915
632	3	0.393437000000	0.472695000000	0.191060000000	300.658376412543
633	0	0.448129000000	0.505764000000	0.135874000000	301.389841150432
633	1	0.496503000000	0.549356000000	0.163566000000	301.984531231125
633	2	0.491598000000	0.478099000000	0.208095000000	301.944143318792
633	3	0.531249000000	0.487916000000	0.176074000000	302.389940828373
634	0	0.442392000000	0.453765000000	0.130904000000	301.311093838320
634	1	0.514882000000	0.385741000000	0.134374000000	302.191880028819
634	2	0.485862000000	0.426100000000	0.203125000000	301.872948169833
634	3	0.482834000000	0.379258000000	0.179244000000	301.822698523757
635	0	0.528071000000	0.403250000000	0.131858000000	302.334078864590
635	1	0.455581000000	0.471273000000	0.128389000000	301.486559399579
635	2	0.499051000000	0.443608000000	0.200609000000	302.033475721077
635	3	0.538702000000	0.453425000000	0.168588000000	302.466113420624
636	0	0.244009000000	0.461512000000	0.314565000000	298.253264917471
636	1	0.224214000000	0.528029000000	0.345467000000	297.895479069162
636	2	0.231523000000	0.452521000000	0.376488000000	298.035698049313
636	3	0.270361000000	0.500144000000	0.365380000000	298.725669716934
637	0	0.285871000000	0.470862000000	0.374335000000	298.994026407912
637	1	0.259519000000	0.432230000000	0.323520000000	298.530272269204
637	2	0.289916000000	0.403988000000	0.383400000000	299.059320280458
637	3	0.247034000000	0.423239000000	0.385443000000	298.311052890146
638	0	0.207416000000	0.539499000000	0.374799000000	297.583366900148
638	1	0.172854000000	0.510097000000	0.438818000000	296.920218100398
638	2	0.214726000000	0.463991000000	0.405821000000	297.715186607202
638	3	0.253563000000	0.511613000000	0.394712000000	298.426840315780
639	0	0.253639000000	0.486461000000	0.294608000000	298.429497018001
639	1	0.279991000000	0.525093000000	0.345423000000	298.883344631546
639	2	0.272316000000	0.558207000000	0.291950000000	298.757753540385
639	3	0.233843000000	0.552978000000	0.325510000000	298.069646054056
640	0	0.375109000000	0.484461000000	0.314971000000	300.397450242366
640	1	0.381326000000	0.566171000000	0.281826000000	300.492066701320
640	2	0.323682000000	0.560345000000	0.287496000000	299.604657999003
640	3	0.331356000000	0.527230000000	0.340969000000	299.735825561910
641	0	0.351525000000	0.460489000000	0.317544000000	300.046691674376
641	1	0.300097000000	0.536374000000	0.290070000000	299.213909046263
641	2	0.281420000000	0.464628000000	0.292728000000	298.909579765441
641	3	0.307771000000	0.503259000000	0.343543000000	299.351106451088
642	0	0.311393000000	0.472361000000	0.362868000000	299.408853231205
642	1	0.285041000000	0.433730000000	0.312053000000	298.975520629016
642	2	0.355146000000	0.429592000000	0.336869000000	300.094967510858
642	3	0.315438000000	0.405488000000	0.371933000000	299.472453647883
643	0	0.292584000000	0.715814000000	0.249269000000	299.089332670602
643	1	0.305372000000	0.684754000000	0.323169000000	299.307169412593
643	2	0.282805000000	0.753213000000	0.311607000000	298.932776453643
643	3	0.260381000000	0.717165000000	0.293228000000	298.541778502987
644	0	0.319501000000	0.672138000000	0.234196000000	299.527554169793
644	1	0.370884000000	0.623757000000	0.260121000000	300.331955078098
644	2	0.332289000000	0.641078000000	0.308096000000	299.742714182151
644	3	0.313240000000	0.617931000000	0.265792000000	299.430763876952
645	0	0.303024000000	0.610678000000	0.346506000000	299.258775043381
645	1	0.291649000000	0.554416000000	0.357675000000	299.081648174677
645	2	0.245502000000	0.582302000000	0.337762000000	298.281885430410
645	3	0.283975000000	0.587531000000	0.304202000000	298.952613211678
646	0	0.235114000000	0.609703000000	0.325059000000	298.092318962102
646	1	0.247644000000	0.670490000000	0.303863000000	298.317568030646
646	2	0.292636000000	0.638079000000	0.333803000000	299.093424998136
646	3	0.273587000000	0.614932000000	0.291499000000	298.775117731917
647	0	0.205163000000	0.678205000000	0.369337000000	297.542642428567
647	1	0.276483000000	0.653016000000	0.352178000000	298.820242089393
647	2	0.218961000000	0.624640000000	0.343434000000	297.793740029840
647	3	0.231492000000	0.685426000000	0.322238000000	298.027709087054
648	0	0.293671000000	0.687506000000	0.239769000000	299.111170502803
648	1	0.306459000000	0.656446000000	0.313669000000	299.323397194582
648	2	0.261468000000	0.688857000000	0.283728000000	298.555808662612
648	3	0.287410000000	0.633299000000	0.271364000000	299.008689337995
649	0	0.287285000000	0.682939000000	0.351308000000	299.003656328671
649	1	0.215964000000	0.708128000000	0.368466000000	297.744661404379
649	2	0.264718000000	0.751399000000	0.339745000000	298.615435913452
649	3	0.242294000000	0.715350000000	0.321367000000	298.216952955128
650	0	0.371320000000	0.596773000000	0.286409000000	300.337824829309
650	1	0.321351000000	0.557832000000	0.345552000000	299.572873482114
650	2	0.332725000000	0.614094000000	0.334384000000	299.751504148486
650	3	0.313676000000	0.590947000000	0.292079000000	299.439905210741
651	0	0.246052000000	0.651578000000	0.437724000000	298.295332878102
651	1	0.279920000000	0.645025000000	0.379441000000	298.881835892054
651	2	0.222398000000	0.616649000000	0.370696000000	297.861594723390
651	3	0.208600000000	0.670214000000	0.396600000000	297.607464729489
652	0	0.158774000000	0.693509000000	0.510011000000	296.629050493969
652	1	0.161842000000	0.757166000000	0.463320000000	296.691999412697
652	2	0.211350000000	0.687674000000	0.480351000000	297.660391693718
652	3	0.173898000000	0.706310000000	0.439226000000	296.925951118245
653	0	0.242390000000	0.766908000000	0.379756000000	298.222433602647
653	1	0.231089000000	0.705001000000	0.449602000000	298.028385467799
653	2	0.181582000000	0.774493000000	0.432571000000	297.089096149000
653	3	0.193637000000	0.723637000000	0.408477000000	297.321034929398
654	0	0.177905000000	0.544224000000	0.449945000000	297.022091708250
654	1	0.236121000000	0.608555000000	0.452954000000	298.116581993747
654	2	0.258614000000	0.545740000000	0.405839000000	298.515024135974
654	3	0.212467000000	0.573626000000	0.385926000000	297.678907963456
655	0	0.150443000000	0.581991000000	0.481675000000	296.465388743338
655	1	0.171207000000	0.664957000000	0.443559000000	296.884956066567
655	2	0.156083000000	0.652156000000	0.514344000000	296.574266202334
655	3	0.208659000000	0.646321000000	0.484684000000	297.611402690545
656	0	0.159380000000	0.569394000000	0.451796000000	296.648327492716
656	1	0.217597000000	0.633724000000	0.454805000000	297.779688779416
656	2	0.193943000000	0.598795000000	0.387777000000	297.329734972012
656	3	0.180144000000	0.652360000000	0.413680000000	297.061845485154
657	0	0.256854000000	0.681502000000	0.436854000000	298.479940692283
657	1	0.268155000000	0.743409000000	0.367008000000	298.680091596062
657	2	0.290722000000	0.674949000000	0.378570000000	299.066152377265
657	3	0.219402000000	0.700138000000	0.395729000000	297.808927347415
658	0	0.240922000000	0.591480000000	0.368845000000	298.204114733735
658	1	0.264576000000	0.626409000000	0.435873000000	298.623435936508
658	2	0.287070000000	0.563594000000	0.388758000000	299.000938682748
658	3	0.298444000000	0.619856000000	0.377590000000	299.190769919293
659	0	0.656088000000	0.725534000000	0.039198300000	303.528103795746
659	1	0.611563000000	0.798644000000	0.039198300000	303.142545998081
659	2	0.620220000000	0.736795000000	0.102797000000	303.240677092469
659	3	0.657385000000	0.771621000000	0.102448000000	303.549039682996
660	0	0.512258000000	0.738189000000	0.036428500000	302.143678146437
660	1	0.564442000000	0.744400000000	0.100027000000	302.714180830679
660	2	0.555785000000	0.806250000000	0.036428500000	302.602636510054
660	3	0.509160000000	0.798790000000	0.090714800000	302.103785701960
661	0	0.576782000000	0.766117000000	0.121057000000	302.834860793003
661	1	0.568125000000	0.827966000000	0.057458600000	302.726067174598
661	2	0.521499000000	0.820506000000	0.111745000000	302.251210739794
661	3	0.564529000000	0.830180000000	0.125514000000	302.712233203709
662	0	0.540090000000	0.602872000000	0.041004300000	302.456007496286
662	1	0.563431000000	0.672299000000	0.104603000000	302.709360892033
662	2	0.511247000000	0.666087000000	0.041004300000	302.135810448127
662	3	0.519561000000	0.624640000000	0.110098000000	302.245867213064
663	0	0.583952000000	0.785963000000	0.019653100000	302.887275352379
663	1	0.540425000000	0.717901000000	0.019653100000	302.448574894691
663	2	0.628478000000	0.712852000000	0.019653100000	303.296548637048
663	3	0.592610000000	0.724113000000	0.083251700000	302.990561717884
664	0	0.491102000000	0.722463000000	0.056097000000	301.899476396227
664	1	0.543287000000	0.728675000000	0.119696000000	302.496951421572
664	2	0.488004000000	0.783065000000	0.110383000000	301.863543662783
664	3	0.466170000000	0.739637000000	0.119746000000	301.609487482155
665	0	0.647818000000	0.655672000000	0.041467700000	303.458407354866
665	1	0.588609000000	0.597506000000	0.041467700000	302.953185408471
665	2	0.637036000000	0.606961000000	0.112061000000	303.392937737945
665	3	0.611950000000	0.666933000000	0.105066000000	303.176345876118
666	0	0.564731000000	0.614119000000	0.019653100000	302.702623245805
666	1	0.588072000000	0.683547000000	0.083251700000	302.945647856172
666	2	0.623940000000	0.672285000000	0.019653100000	303.256044189540
666	3	0.535887000000	0.677335000000	0.019653100000	302.403285760058
667	0	0.596693000000	0.821921000000	0.060228500000	303.007931281599
667	1	0.605350000000	0.760071000000	0.123827000000	303.113128555759
667	2	0.642515000000	0.794897000000	0.123478000000	303.425779978066
667	3	0.593097000000	0.824134000000	0.128283000000	302.988129915404
668	0	0.587309000000	0.655686000000	0.126418000000	302.951262295613
668	1	0.563968000000	0.586259000000	0.062819000000	302.713537922292
668	2	0.612395000000	0.595713000000	0.133413000000	303.194838247612
668	3	0.543439000000	0.608027000000	0.131913000000	302.512648390561
669	0	0.494629000000	0.690929000000	0.060672800000	301.936189001671
669	1	0.546814000000	0.697141000000	0.124271000000	302.540389601072
669	2	0.469696000000	0.708103000000	0.124322000000	301.655839899567
669	3	0.502943000000	0.649482000000	0.129767000000	302.056835741683
670	0	0.359578000000	0.081658300000	0.476639000000	300.142812323044
670	1	0.411182000000	0.019276900000	0.516316000000	300.880682568205
670	2	0.343778000000	0.019276900000	0.488205000000	299.899130884264
670	3	0.402733000000	0.019276900000	0.459335000000	300.762241030422
671	0	0.465648000000	0.018585800000	0.507538000000	301.595430806763
671	1	0.477547000000	0.078730700000	0.460545000000	301.753022910076
671	2	0.511000000000	0.018585800000	0.458337000000	302.137854923873
671	3	0.457200000000	0.018585800000	0.450557000000	301.486318659285
672	0	0.435687000000	0.037862700000	0.510481000000	301.211807251658
672	1	0.384084000000	0.100244000000	0.470805000000	300.512448517826
672	2	0.447586000000	0.098007600000	0.463488000000	301.380548524692
672	3	0.427239000000	0.037862700000	0.453500000000	301.097190981606
673	0	0.244047000000	0.019734500000	0.678172000000	298.226295817023
673	1	0.172867000000	0.083596800000	0.675335000000	296.903033602935
673	2	0.171876000000	0.019734500000	0.631228000000	296.877253264168
673	3	0.161625000000	0.019734500000	0.709736000000	296.674613483546
674	0	0.383054000000	0.126055000000	0.484416000000	300.500875114059
674	1	0.434658000000	0.063673600000	0.524093000000	301.206797053315
674	2	0.446556000000	0.123819000000	0.477099000000	301.374422024571
674	3	0.422876000000	0.147200000000	0.511159000000	301.060754476775
675	0	0.410866000000	0.213625000000	0.431693000000	300.902195309345
675	1	0.377437000000	0.161454000000	0.462603000000	300.419852474964
675	2	0.440940000000	0.159217000000	0.455287000000	301.301163114144
675	3	0.417260000000	0.182598000000	0.489346000000	300.988158632733
676	0	0.198100000000	0.207163000000	0.489404000000	297.405904939383
676	1	0.181177000000	0.271142000000	0.454122000000	297.078674016365
676	2	0.259670000000	0.265862000000	0.483843000000	298.534502147111
676	3	0.244103000000	0.235047000000	0.445904000000	298.259387633398
677	0	0.357162000000	0.262842000000	0.411284000000	300.128831542445
677	1	0.311473000000	0.278827000000	0.458688000000	299.412534743894
677	2	0.293358000000	0.283349000000	0.400531000000	299.096478629167
677	3	0.295906000000	0.248012000000	0.420749000000	299.145593035344
678	0	0.179931000000	0.373482000000	0.503313000000	297.059169676502
678	1	0.249571000000	0.325047000000	0.486117000000	298.360035873959
678	2	0.171078000000	0.330326000000	0.456397000000	296.880847900583
678	3	0.209393000000	0.378624000000	0.443905000000	297.622451387395
679	0	0.265493000000	0.311477000000	0.462832000000	298.636093031173
679	1	0.187000000000	0.316757000000	0.433112000000	297.192580055371
679	2	0.225316000000	0.365054000000	0.420620000000	297.916677246007
679	3	0.247379000000	0.315999000000	0.404674000000	298.324074145647
680	0	0.387454000000	0.235378000000	0.439051000000	300.568666465507
680	1	0.341764000000	0.251363000000	0.486454000000	299.889576445453
680	2	0.354025000000	0.183206000000	0.469961000000	300.072449551132
680	3	0.393847000000	0.204351000000	0.496704000000	300.663753006213
681	0	0.250407000000	0.374030000000	0.416128000000	298.376655833088
681	1	0.290585000000	0.320453000000	0.458340000000	299.062697325454
681	2	0.272470000000	0.324975000000	0.400183000000	298.753187863350
681	3	0.293290000000	0.354779000000	0.414085000000	299.111176737649
682	0	0.226144000000	0.184470000000	0.493491000000	297.927550665678
682	1	0.287714000000	0.243169000000	0.487930000000	299.017075338002
682	2	0.299975000000	0.175012000000	0.471437000000	299.214550956758
682	3	0.272147000000	0.212354000000	0.449991000000	298.746864682319
683	0	0.273098000000	0.285398000000	0.464153000000	298.760964096389
683	1	0.194605000000	0.290678000000	0.434432000000	297.338289613547
683	2	0.254984000000	0.289920000000	0.405995000000	298.449841076392
683	3	0.257531000000	0.254584000000	0.426214000000	298.493324892473
684	0	0.366549000000	0.240383000000	0.424159000000	300.261797258172
684	1	0.333120000000	0.188212000000	0.455070000000	299.743694229266
684	2	0.320859000000	0.256368000000	0.471563000000	299.561997755524
684	3	0.305292000000	0.225554000000	0.433624000000	299.305003119893
685	0	0.317119000000	0.298957000000	0.456736000000	299.507280325021
685	1	0.362808000000	0.282971000000	0.409333000000	300.213202952349
685	2	0.299004000000	0.303479000000	0.398579000000	299.194772440013
685	3	0.319824000000	0.333283000000	0.412481000000	299.546290896958
686	0	0.291785000000	0.139179000000	0.546518000000	299.072106076379
686	1	0.224728000000	0.146760000000	0.510612000000	297.897835538951
686	2	0.298559000000	0.137302000000	0.488557000000	299.184681666471
686	3	0.260661000000	0.118889000000	0.481048000000	298.540548402172
687	0	0.309718000000	0.116980000000	0.543277000000	299.368933230977
687	1	0.300692000000	0.052720900000	0.496882000000	299.209746384635
687	2	0.278594000000	0.096689100000	0.477807000000	298.847899531592
687	3	0.316491000000	0.115102000000	0.485316000000	299.481410363769
688	0	0.392800000000	0.019857100000	0.569653000000	300.620876692003
688	1	0.331642000000	0.019857100000	0.627312000000	299.705379812912
688	2	0.334423000000	0.084116100000	0.587937000000	299.751797011058
688	3	0.325397000000	0.019857100000	0.541542000000	299.608043662513
689	0	0.191579000000	0.055643500000	0.554521000000	297.269534435573
689	1	0.266531000000	0.119903000000	0.562090000000	298.636992509700
689	2	0.235407000000	0.099611700000	0.496620000000	298.086581064880
689	3	0.199474000000	0.127483000000	0.526184000000	297.422628825355
690	0	0.198205000000	0.039591700000	0.609307000000	297.392174170402
690	1	0.270376000000	0.039591700000	0.656251000000	298.695533948976
690	2	0.273156000000	0.103851000000	0.616876000000	298.753273911826
690	3	0.199196000000	0.103454000000	0.653414000000	297.408193153146
691	0	0.253294000000	0.126050000000	0.593613000000	298.400716863342
691	1	0.178342000000	0.061791200000	0.586043000000	297.008111516658
691	2	0.179334000000	0.125653000000	0.630151000000	297.032037228224
691	3	0.186237000000	0.133630000000	0.557706000000	297.171431932734
692	0	0.337375000000	0.103393000000	0.557858000000	299.805350927672
692	1	0.395753000000	0.039134000000	0.539574000000	300.666684566822
692	2	0.328350000000	0.039134000000	0.511463000000	299.656579043405
692	3	0.344149000000	0.101515000000	0.499898000000	299.909276124129
693	0	0.218270000000	0.019857100000	0.583679000000	297.766546460803
693	1	0.293222000000	0.084116100000	0.591248000000	299.090722125721
693	2	0.290441000000	0.019857100000	0.630623000000	299.035262026493
693	3	0.284196000000	0.019857100000	0.544853000000	298.930710600165
694	0	0.354563000000	0.129204000000	0.562549000000	300.078987560809
694	1	0.412941000000	0.064945000000	0.544265000000	300.910688470130
694	2	0.361337000000	0.127326000000	0.504588000000	300.173941955024
694	3	0.401159000000	0.148471000000	0.531331000000	300.757179828318
695	0	0.284463000000	0.097703000000	0.558849000000	298.947758196161
695	1	0.209512000000	0.033444000000	0.551280000000	297.607316227894
695	2	0.253339000000	0.077412200000	0.493379000000	298.403591542496
695	3	0.275438000000	0.033444000000	0.512453000000	298.782591846984
696	0	0.232650000000	0.173511000000	0.518029000000	298.046351362198
696	1	0.294220000000	0.232210000000	0.512468000000	299.123037343640
696	2	0.299707000000	0.165931000000	0.553936000000	299.202067656726
696	3	0.306481000000	0.164053000000	0.495975000000	299.316928451074
697	0	0.334828000000	0.169542000000	0.555384000000	299.777545198124
697	1	0.329341000000	0.235821000000	0.513917000000	299.694966530065
697	2	0.381424000000	0.188809000000	0.524167000000	300.484730064099
697	3	0.341602000000	0.167665000000	0.497424000000	299.879716692569
698	0	0.250802000000	0.274356000000	0.511371000000	298.376532143396
698	1	0.172309000000	0.279635000000	0.481651000000	296.907435189353
698	2	0.189232000000	0.215657000000	0.516933000000	297.234121360111
698	3	0.206537000000	0.271026000000	0.562518000000	297.561741943406
699	0	0.261081000000	0.165360000000	0.598942000000	298.544467347348
699	1	0.187121000000	0.164963000000	0.635481000000	297.183628736747
699	2	0.211329000000	0.228309000000	0.608621000000	297.657529542862
699	3	0.194024000000	0.172940000000	0.563036000000	297.318396100271
700	0	0.161946000000	0.185201000000	0.563140000000	296.696450795511
700	1	0.155043000000	0.177224000000	0.635585000000	296.559187091307
700	2	0.179251000000	0.240570000000	0.608725000000	297.041812956724
700	3	0.125195000000	0.217299000000	0.599383000000	295.940341389546
701	0	0.215183000000	0.193544000000	0.538931000000	297.723942139813
701	1	0.282240000000	0.185964000000	0.574837000000	298.911426566956
701	2	0.276753000000	0.252243000000	0.533370000000	298.826607764828
701	3	0.232489000000	0.248913000000	0.584516000000	298.044322030924
702	0	0.176155000000	0.262806000000	0.575436000000	296.980374745913
702	1	0.141926000000	0.271415000000	0.494569000000	296.294790338813
702	2	0.158849000000	0.207437000000	0.529851000000	296.634516206362
702	3	0.122099000000	0.239535000000	0.566093000000	295.882671126430
703	0	0.248308000000	0.307462000000	0.514967000000	298.331278649310
703	1	0.169815000000	0.312741000000	0.485246000000	296.860241565712
703	2	0.204043000000	0.304132000000	0.566113000000	297.519788209958
703	3	0.178668000000	0.355897000000	0.532162000000	297.032710619891
704	0	0.119605000000	0.272641000000	0.569689000000	295.836269370484
704	1	0.139432000000	0.304521000000	0.498165000000	296.241025897217
704	2	0.148285000000	0.347677000000	0.545080000000	296.430278813026
704	3	0.173661000000	0.295912000000	0.579031000000	296.935604633148
705	0	0.115364000000	0.351403000000	0.667970000000	295.737301799315
705	1	0.107565000000	0.273845000000	0.630729000000	295.574880624353
705	2	0.161620000000	0.297117000000	0.640072000000	296.690818370881
705	3	0.109308000000	0.307102000000	0.694888000000	295.612789911880
706	0	0.123688000000	0.364314000000	0.640539000000	295.915406595939
706	1	0.115888000000	0.286756000000	0.603299000000	295.757584519472
706	2	0.144568000000	0.361792000000	0.578690000000	296.351719455138
706	3	0.169944000000	0.310027000000	0.612641000000	296.859415545782
707	0	0.215583000000	0.123090000000	0.673839000000	297.722393842616
707	1	0.286762000000	0.059228000000	0.676676000000	298.973445296438
707	2	0.289543000000	0.123487000000	0.637300000000	299.029170012307
707	3	0.267620000000	0.122772000000	0.695826000000	298.659688956619
708	0	0.218091000000	0.120985000000	0.738637000000	297.768713451488
708	1	0.154812000000	0.057440400000	0.751050000000	296.540744807688
708	2	0.162158000000	0.115915000000	0.787084000000	296.693309311309
708	3	0.166054000000	0.121303000000	0.716649000000	296.767240569043
709	0	0.178012000000	0.039370800000	0.730161000000	297.000975157073
709	1	0.260433000000	0.039370800000	0.698597000000	298.525232774897
709	2	0.189254000000	0.103233000000	0.695760000000	297.223268133612
709	3	0.241291000000	0.102915000000	0.717748000000	298.190410857828
710	0	0.275028000000	0.162797000000	0.628124000000	298.791895258076
710	1	0.225276000000	0.225746000000	0.637802000000	297.909348824129
710	2	0.201068000000	0.162400000000	0.664662000000	297.454091291815
710	3	0.253105000000	0.162082000000	0.686649000000	298.407836392687
711	0	0.190147000000	0.019636300000	0.756183000000	297.233469325716
711	1	0.253426000000	0.083180800000	0.743770000000	298.401193211624
711	2	0.240658000000	0.019636300000	0.805991000000	298.154180589728
711	3	0.272568000000	0.019636300000	0.724619000000	298.734371946781
712	0	0.217458000000	0.037705900000	0.826880000000	297.742085078408
712	1	0.230226000000	0.101250000000	0.764659000000	297.988734261812
712	2	0.166947000000	0.037705900000	0.777072000000	296.784232999484
712	3	0.174292000000	0.096180200000	0.813106000000	296.928693626465
713	0	0.037481900000	0.187405000000	0.769000000000	294.700389570786
713	1	0.037481900000	0.237146000000	0.818319000000	294.410781946675
713	2	0.117717000000	0.247083000000	0.769581000000	295.786379126002
713	3	0.078540600000	0.266896000000	0.761939000000	294.945537990280
714	0	0.169053000000	0.152188000000	0.787455000000	296.827928000725
714	1	0.184023000000	0.211095000000	0.752619000000	297.122989538365
714	2	0.224987000000	0.157258000000	0.739007000000	297.897602484680
714	3	0.172950000000	0.157576000000	0.717019000000	296.906006057288
715	0	0.066334700000	0.149612000000	0.756064000000	294.674939442215
715	1	0.146570000000	0.209290000000	0.756646000000	296.392756630997
715	2	0.131601000000	0.150383000000	0.791481000000	296.071723468385
715	3	0.135497000000	0.155771000000	0.721046000000	296.151588206247
716	0	0.138551000000	0.223339000000	0.723693000000	296.221985669426
716	1	0.058315500000	0.163661000000	0.723112000000	294.497997282876
716	2	0.097630600000	0.209894000000	0.651891000000	295.362067119090
716	3	0.127478000000	0.169819000000	0.688093000000	295.984284559397
717	0	0.126484000000	0.231373000000	0.632770000000	295.972035579069
717	1	0.167404000000	0.244817000000	0.704571000000	296.806644176832
717	2	0.156331000000	0.191298000000	0.668972000000	296.585053089704
717	3	0.180540000000	0.254644000000	0.642113000000	297.064222622181
718	0	0.117799000000	0.254033000000	0.641409000000	295.795323751937
718	1	0.171855000000	0.277304000000	0.650752000000	296.898724212732
718	2	0.119543000000	0.287290000000	0.705568000000	295.831962226991
718	3	0.158719000000	0.267478000000	0.713211000000	296.637977725055
719	0	0.125198000000	0.222757000000	0.782707000000	295.941608335589
719	1	0.044962300000	0.212820000000	0.831446000000	294.346373155665
719	2	0.044962300000	0.163080000000	0.782126000000	294.451056310825
719	3	0.110228000000	0.163850000000	0.817543000000	295.623722103675
720	0	0.205843000000	0.242162000000	0.660094000000	297.548826872367
720	1	0.233672000000	0.178498000000	0.708941000000	298.064034181171
720	2	0.192707000000	0.232335000000	0.722553000000	297.294911866631
720	3	0.181635000000	0.178816000000	0.686954000000	297.073579806055
721	0	0.088946100000	0.232555000000	0.660531000000	295.171444589841
721	1	0.049630900000	0.186322000000	0.731751000000	294.534928791254
721	2	0.129866000000	0.246000000000	0.732332000000	296.036527846542
721	3	0.090689700000	0.265812000000	0.724690000000	295.214576096370
722	0	0.050084800000	0.391425000000	0.802468000000	294.498502523510
722	1	0.097199600000	0.391989000000	0.725812000000	295.353431991799
722	2	0.123989000000	0.392050000000	0.771199000000	295.912950742442
722	3	0.091143500000	0.347689000000	0.752731000000	295.223110753388
723	0	0.062859300000	0.238981000000	0.847673000000	294.595719274740
723	1	0.128125000000	0.190011000000	0.833770000000	295.999561947082
723	2	0.143095000000	0.248918000000	0.798934000000	296.318328346980
723	3	0.120775000000	0.273898000000	0.850863000000	295.857258352300
724	0	0.075813000000	0.321532000000	0.886680000000	294.880929272298
724	1	0.017897000000	0.328241000000	0.943396000000	294.290947559166
724	2	0.017897000000	0.360100000000	0.876845000000	294.214822158368
724	3	0.017897000000	0.286614000000	0.883489000000	294.308586827848
725	0	0.135614000000	0.273244000000	0.785807000000	296.165448693153
725	1	0.055378900000	0.263307000000	0.834546000000	294.430913432634
725	2	0.113295000000	0.298224000000	0.837737000000	295.698248041798
725	3	0.096437700000	0.293056000000	0.778165000000	295.333786980084
726	0	0.136132000000	0.321126000000	0.826021000000	296.174751827803
726	1	0.152121000000	0.360319000000	0.784918000000	296.503955601399
726	2	0.158452000000	0.296146000000	0.774092000000	296.628479072508
726	3	0.119275000000	0.315958000000	0.766450000000	295.825277587695
727	0	0.053422500000	0.379332000000	0.829195000000	294.392257937430
727	1	0.094481200000	0.335596000000	0.779458000000	295.292008313959
727	2	0.127327000000	0.379957000000	0.797926000000	295.991728845854
727	3	0.111338000000	0.340763000000	0.839029000000	295.650858252053
728	0	0.030584900000	0.356430000000	0.840910000000	294.262876341795
728	1	0.030584900000	0.282944000000	0.847554000000	294.294825913941
728	2	0.071643600000	0.312694000000	0.791173000000	294.790305176410
728	3	0.088500800000	0.317862000000	0.850745000000	295.158305562248
729	0	0.570467000000	0.553541000000	0.239607000000	302.806488390249
729	1	0.542819000000	0.574549000000	0.177897000000	302.515088564893
729	2	0.611776000000	0.562235000000	0.179397000000	303.195573054048
729	3	0.577566000000	0.513109000000	0.190404000000	302.865521323534
730	0	0.515090000000	0.485078000000	0.235722000000	302.213764454505
730	1	0.519995000000	0.556334000000	0.191193000000	302.268038654151
730	2	0.547642000000	0.535326000000	0.252904000000	302.574863010625
730	3	0.554741000000	0.494895000000	0.203701000000	302.643526962864
731	0	0.492506000000	0.504260000000	0.245270000000	301.958394313917
731	1	0.497410000000	0.575517000000	0.200741000000	302.006810296349
731	2	0.459071000000	0.576153000000	0.244146000000	301.544011591424
731	3	0.525058000000	0.554509000000	0.262452000000	302.332998146973
732	0	0.398658000000	0.310622000000	0.396643000000	300.735822708708
732	1	0.395382000000	0.385037000000	0.364728000000	300.691920354810
732	2	0.355673000000	0.360934000000	0.399792000000	300.111819629961
732	3	0.408452000000	0.362180000000	0.424146000000	300.878695927089
733	0	0.385551000000	0.292567000000	0.421154000000	300.544471615758
733	1	0.339862000000	0.308552000000	0.468558000000	299.861571801148
733	2	0.395346000000	0.344124000000	0.448657000000	300.694184035299
733	3	0.342567000000	0.342878000000	0.424303000000	299.906399467519
734	0	0.393919000000	0.398392000000	0.422318000000	300.672215295313
734	1	0.337095000000	0.464019000000	0.388898000000	299.830088665224
734	2	0.380849000000	0.421249000000	0.362899000000	300.478905662454
734	3	0.341141000000	0.397146000000	0.397963000000	299.886487030381
735	0	0.407670000000	0.253621000000	0.442902000000	300.850938461981
735	1	0.361980000000	0.269607000000	0.490305000000	300.200142363356
735	2	0.414063000000	0.222595000000	0.500555000000	300.947861591434
735	3	0.439662000000	0.260488000000	0.486274000000	301.290684047036
736	0	0.363031000000	0.295127000000	0.480988000000	300.219773241716
736	1	0.440712000000	0.286008000000	0.476957000000	301.311134651254
736	2	0.408720000000	0.279141000000	0.433585000000	300.873118794413
736	3	0.418514000000	0.330699000000	0.461087000000	301.014321596975
737	0	0.431082000000	0.231869000000	0.435544000000	301.180584160471
737	1	0.461156000000	0.177461000000	0.459138000000	301.566516363381
737	2	0.463074000000	0.238735000000	0.478917000000	301.593495868473
737	3	0.437476000000	0.200842000000	0.493197000000	301.257791518082
738	0	0.546547000000	0.212267000000	0.424012000000	302.557987980776
738	1	0.454376000000	0.223928000000	0.400864000000	301.480411992836
738	2	0.475974000000	0.185735000000	0.366516000000	301.745280883439
738	3	0.484451000000	0.169521000000	0.424458000000	301.849937876882
739	0	0.559700000000	0.188666000000	0.422009000000	302.691578779695
739	1	0.489126000000	0.162135000000	0.364513000000	301.906606579544
739	2	0.510091000000	0.123955000000	0.392380000000	302.147532544939
739	3	0.497603000000	0.145920000000	0.422455000000	302.003946829975
740	0	0.549760000000	0.226191000000	0.448029000000	302.595638411978
740	1	0.457589000000	0.237853000000	0.424881000000	301.527851628042
740	2	0.487663000000	0.183445000000	0.448475000000	301.890328036236
740	3	0.489580000000	0.244719000000	0.468254000000	301.923764695320
741	0	0.531155000000	0.234246000000	0.308797000000	302.381705340665
741	1	0.577344000000	0.215497000000	0.389551000000	302.870189674262
741	2	0.506770000000	0.188966000000	0.332055000000	302.110555255376
741	3	0.568923000000	0.176119000000	0.336086000000	302.779923064051
742	0	0.505713000000	0.163175000000	0.347854000000	302.096102138257
742	1	0.576287000000	0.189707000000	0.405349000000	302.852312543148
742	2	0.526678000000	0.124996000000	0.375721000000	302.330451801255
742	3	0.567866000000	0.150328000000	0.351884000000	302.769876899509
743	0	0.551463000000	0.231269000000	0.398919000000	302.606285825418
743	1	0.459292000000	0.242931000000	0.375772000000	301.544268569381
743	2	0.505275000000	0.250018000000	0.318166000000	302.097926166825
743	3	0.480890000000	0.204738000000	0.341424000000	301.801218655863
744	0	0.637279000000	0.027695700000	0.359211000000	303.383020961155
744	1	0.626621000000	0.079141100000	0.435364000000	303.305253216819
744	2	0.557555000000	0.065875400000	0.393497000000	302.646400817300
744	3	0.578520000000	0.027695700000	0.421364000000	302.854672871744
745	0	0.632870000000	0.098767400000	0.419387000000	303.360929418509
745	1	0.643529000000	0.047322000000	0.343234000000	303.433133169591
745	2	0.563805000000	0.085501800000	0.377519000000	302.717280372150
745	3	0.604993000000	0.110834000000	0.353683000000	303.114115728999
746	0	0.606977000000	0.129522000000	0.455797000000	303.143474981695
746	1	0.587521000000	0.180967000000	0.443558000000	302.960202786387
746	2	0.537912000000	0.116256000000	0.413929000000	302.447297808455
746	3	0.525424000000	0.138221000000	0.444004000000	302.314874339530
747	0	0.623564000000	0.130562000000	0.439138000000	303.288815185050
747	1	0.554499000000	0.117297000000	0.397270000000	302.625162471288
747	2	0.604108000000	0.182008000000	0.426898000000	303.121162785383
747	3	0.595686000000	0.142629000000	0.373433000000	303.034609054927
748	0	0.598126000000	0.097726800000	0.455253000000	303.052336292815
748	1	0.550025000000	0.046281500000	0.441252000000	302.563964050478
748	2	0.516572000000	0.106426000000	0.443460000000	302.214810688856
748	3	0.529060000000	0.084461200000	0.413385000000	302.347454957190
749	0	0.590701000000	0.015897500000	0.474993000000	302.968058663389
749	1	0.638802000000	0.067342900000	0.488994000000	303.405590671016
749	2	0.600358000000	0.015897500000	0.532284000000	303.055021984800
749	3	0.658259000000	0.015897500000	0.501234000000	303.554911011874
750	0	0.605875000000	0.015897500000	0.438084000000	303.100694603113
750	1	0.664634000000	0.015897500000	0.375931000000	303.595035742304
750	2	0.653976000000	0.067342900000	0.452084000000	303.526875116373
750	3	0.673432000000	0.015897500000	0.464324000000	303.666768431785
751	0	0.745818000000	0.012357200000	0.305460000000	304.135693220130
751	1	0.819585000000	0.012357200000	0.352339000000	304.498590964622
751	2	0.827572000000	0.012357200000	0.276918000000	304.522038284566
751	3	0.792391000000	0.052346000000	0.285771000000	304.394544211674
752	0	0.318923000000	0.059031500000	0.690265000000	299.499830337026
752	1	0.351817000000	0.122258000000	0.731403000000	300.026450551421
752	2	0.321703000000	0.123291000000	0.650890000000	299.556867899736
752	3	0.299780000000	0.122576000000	0.709415000000	299.201901033780
753	0	0.304238000000	0.033895400000	0.737919000000	299.257906881830
753	1	0.272327000000	0.033895400000	0.819291000000	298.721676360501
753	2	0.324300000000	0.080038700000	0.812524000000	299.581572029766
753	3	0.285095000000	0.097439800000	0.757070000000	298.952848398188
754	0	0.344326000000	0.099576800000	0.800091000000	299.897000319510
754	1	0.324263000000	0.053433500000	0.725486000000	299.577878969081
754	2	0.305121000000	0.116978000000	0.744637000000	299.281995282245
754	3	0.357158000000	0.116660000000	0.766625000000	300.097562061447
755	0	0.301101000000	0.098108300000	0.833413000000	299.205924258730
755	1	0.205962000000	0.110439000000	0.826407000000	297.532636153950
755	2	0.261895000000	0.115509000000	0.777959000000	298.552222742178
755	3	0.249127000000	0.051964900000	0.840180000000	298.314484284610
756	0	0.344184000000	0.033797200000	0.742662000000	299.889856454006
756	1	0.389506000000	0.033797200000	0.817396000000	300.561182627103
756	2	0.377078000000	0.097023800000	0.783801000000	300.395024852750
756	3	0.364247000000	0.079940500000	0.817267000000	300.193239779509
757	0	0.364890000000	0.019538100000	0.722402000000	300.203077736721
757	1	0.451959000000	0.019538100000	0.731443000000	301.414567546762
757	2	0.397784000000	0.082764700000	0.763540000000	300.695096966547
757	3	0.410212000000	0.019538100000	0.797135000000	300.851110126999
758	0	0.324158000000	0.014259100000	0.755095000000	299.575836371503
758	1	0.292248000000	0.014259100000	0.836467000000	299.049909975272
758	2	0.369480000000	0.014259100000	0.829829000000	300.267364656400
758	3	0.344221000000	0.060402400000	0.829700000000	299.886065062831
759	0	0.294945000000	0.014259100000	0.880165000000	299.091175480870
759	1	0.335585000000	0.014259100000	0.940201000000	299.736624112942
759	2	0.372177000000	0.014259100000	0.873526000000	300.303446204489
759	3	0.346919000000	0.060402400000	0.873397000000	299.932869948266
760	0	0.421809000000	0.942239000000	0.163888000000	301.014313108206
760	1	0.447116000000	0.867115000000	0.147970000000	301.356294300671
760	2	0.437189000000	0.888651000000	0.206156000000	301.224558125643
760	3	0.386577000000	0.884030000000	0.159889000000	300.527825456857
761	0	0.382494000000	0.855393000000	0.172053000000	300.475889187429
761	1	0.443033000000	0.838479000000	0.160134000000	301.307203567047
761	2	0.433106000000	0.860015000000	0.218319000000	301.174882489453
761	3	0.404513000000	0.820932000000	0.215413000000	300.800860371333
762	0	0.453813000000	0.940001000000	0.164460000000	301.430089311689
762	1	0.522150000000	0.874551000000	0.162311000000	302.257378851966
762	2	0.469193000000	0.886414000000	0.206728000000	301.642127919625
762	3	0.479120000000	0.864878000000	0.148542000000	301.757358471459
763	0	0.404969000000	0.869206000000	0.238936000000	300.799633322138
763	1	0.323845000000	0.877416000000	0.247466000000	299.578317228180
763	2	0.354357000000	0.864585000000	0.192669000000	300.054917378979
763	3	0.376377000000	0.830124000000	0.236029000000	300.389952793446
764	0	0.195500000000	0.985978000000	0.241777000000	297.326985869858
764	1	0.243898000000	0.985978000000	0.190966000000	298.215016757266
764	2	0.276848000000	0.985978000000	0.274982000000	298.795397325672
764	3	0.256581000000	0.940600000000	0.253895000000	298.456042083769
765	0	0.292518000000	0.982013000000	0.162080000000	299.060872211735
765	1	0.325469000000	0.982013000000	0.246096000000	299.598826734704
765	2	0.335715000000	0.923804000000	0.170212000000	299.757480972622
765	3	0.370947000000	0.982013000000	0.174211000000	300.284587523257
766	0	0.305152000000	0.967990000000	0.261794000000	299.273945702047
766	1	0.272202000000	0.967990000000	0.177777000000	298.721894727530
766	2	0.315398000000	0.909781000000	0.185909000000	299.438578373036
766	3	0.284886000000	0.922612000000	0.240706000000	298.935690962436
767	0	0.394998000000	0.897843000000	0.248986000000	300.655428350665
767	1	0.334141000000	0.951431000000	0.278604000000	299.738229553354
767	2	0.344387000000	0.893222000000	0.202719000000	299.904574354222
767	3	0.313874000000	0.906053000000	0.257516000000	299.425417852781
768	0	0.364703000000	0.907244000000	0.187022000000	300.205559043491
768	1	0.354457000000	0.965453000000	0.262906000000	300.047514138952
768	2	0.415315000000	0.911866000000	0.233289000000	300.936644432674
768	3	0.399935000000	0.965453000000	0.191021000000	300.705308585268
769	0	0.175667000000	0.985978000000	0.295672000000	296.941410739091
769	1	0.257015000000	0.985978000000	0.328878000000	298.462145387015
769	2	0.184519000000	0.985978000000	0.372808000000	297.121101425536
769	3	0.212116000000	0.940600000000	0.354254000000	297.656613116035
770	0	0.141513000000	0.939214000000	0.414251000000	296.274939208475
770	1	0.071602700000	0.871052000000	0.411594000000	294.798162480125
770	2	0.169109000000	0.893836000000	0.395697000000	296.827136300849
770	3	0.135897000000	0.856044000000	0.429959000000	296.163468600623
771	0	0.172160000000	0.825170000000	0.401890000000	296.895510383435
771	1	0.232969000000	0.817585000000	0.349075000000	298.051478572235
771	2	0.170023000000	0.831025000000	0.329803000000	296.851041654239
771	3	0.205373000000	0.862963000000	0.367629000000	297.530685998478
772	0	0.166714000000	0.869944000000	0.378275000000	296.779182228666
772	1	0.069206800000	0.847160000000	0.394172000000	294.744269612826
772	2	0.131364000000	0.838007000000	0.340449000000	296.069539016970
772	3	0.133501000000	0.832152000000	0.412536000000	296.113546046152
773	0	0.151967000000	0.884771000000	0.312580000000	296.493043393360
773	1	0.150869000000	0.962086000000	0.291825000000	296.463674492841
773	2	0.159721000000	0.962086000000	0.368960000000	296.630841446762
773	3	0.187317000000	0.916708000000	0.350406000000	297.187006803685
774	0	0.187898000000	0.842704000000	0.304857000000	297.200730919730
774	1	0.250844000000	0.829263000000	0.324130000000	298.368295843045
774	2	0.247881000000	0.874641000000	0.296220000000	298.313791825222
774	3	0.223248000000	0.874641000000	0.342684000000	297.863729627477
775	0	0.140852000000	0.941023000000	0.391975000000	296.262176825811
775	1	0.070942200000	0.872861000000	0.389318000000	294.793243724464
775	2	0.133099000000	0.863708000000	0.335595000000	296.106881089942
775	3	0.168449000000	0.895645000000	0.373421000000	296.818648273277
776	0	0.191807000000	0.971955000000	0.275581000000	297.257213388834
776	1	0.273155000000	0.971955000000	0.308786000000	298.742075545728
776	2	0.228255000000	0.926578000000	0.334162000000	297.950890234048
776	3	0.252889000000	0.926578000000	0.287699000000	298.394967451275
777	0	0.167009000000	0.948064000000	0.271734000000	296.783035709725
777	1	0.168107000000	0.870749000000	0.292488000000	296.810163531296
777	2	0.228090000000	0.902686000000	0.283851000000	297.950903112713
777	3	0.203457000000	0.902686000000	0.330315000000	297.487521418001
778	0	0.320380000000	0.912555000000	0.356675000000	299.532037146120
778	1	0.258607000000	0.912555000000	0.353306000000	298.501142544931
778	2	0.303507000000	0.957933000000	0.327930000000	299.254745974246
778	3	0.283241000000	0.912555000000	0.306842000000	298.917948976863
779	0	0.253260000000	0.884510000000	0.355414000000	298.407416387816
779	1	0.315033000000	0.884510000000	0.358783000000	299.449854571960
779	2	0.280857000000	0.839133000000	0.336860000000	298.890801812622
779	3	0.277894000000	0.884510000000	0.308950000000	298.831645921970
780	0	0.315922000000	0.910018000000	0.289848000000	299.459351587359
780	1	0.397046000000	0.901808000000	0.281319000000	300.680195284812
780	2	0.336188000000	0.955396000000	0.310936000000	299.771445289752
780	3	0.353061000000	0.910018000000	0.339681000000	300.040144399350
781	0	0.354271000000	0.822603000000	0.279622000000	300.068864477405
781	1	0.338879000000	0.869896000000	0.340891000000	299.823006231051
781	2	0.301739000000	0.869896000000	0.291058000000	299.236875735644
781	3	0.304702000000	0.824518000000	0.318968000000	299.284603728597
782	0	0.363032000000	0.881381000000	0.329631000000	300.198656417966
782	1	0.325892000000	0.881381000000	0.279798000000	299.614675799376
782	2	0.407017000000	0.873172000000	0.271268000000	300.825708390728
782	3	0.378425000000	0.834089000000	0.268361000000	300.420014390277
783	0	0.945808000000	0.983762000000	0.015520200000	304.755016894887
783	1	0.895100000000	0.931213000000	0.015520200000	304.688942726081
783	2	0.895683000000	0.983762000000	0.065744700000	304.695079949461
783	3	0.871272000000	0.983762000000	0.015520200000	304.612898416009
784	0	0.608002000000	0.848941000000	0.061158600000	303.103253112045
784	1	0.653824000000	0.821917000000	0.124408000000	303.506630621861
784	2	0.653258000000	0.874530000000	0.127767000000	303.497721621371
784	3	0.604407000000	0.851154000000	0.129214000000	303.086326880755
785	0	0.632852000000	0.850165000000	0.040128400000	303.325799436208
785	1	0.709672000000	0.856342000000	0.040128400000	303.899500104607
785	2	0.678108000000	0.875755000000	0.106737000000	303.683229694635
785	3	0.678674000000	0.823142000000	0.103378000000	303.700999023209
786	0	0.675792000000	0.905015000000	0.087191700000	303.659672175183
786	1	0.630536000000	0.879425000000	0.020583200000	303.293677722280
786	2	0.668861000000	0.947089000000	0.020583200000	303.585432439531
786	3	0.707356000000	0.885602000000	0.020583200000	303.872315347013
787	0	0.605686000000	0.878201000000	0.041613300000	303.076850678056
787	1	0.644011000000	0.945864000000	0.041613300000	303.391986176752
787	2	0.602090000000	0.880414000000	0.109668000000	303.053984392194
787	3	0.650942000000	0.903790000000	0.108222000000	303.464141798526
788	0	0.754173000000	0.980999000000	0.077803000000	304.143383100714
788	1	0.752502000000	0.919512000000	0.018366800000	304.135690891726
788	2	0.714007000000	0.980999000000	0.018366800000	303.897316016142
788	3	0.788543000000	0.980999000000	0.018366800000	304.311485538113
789	0	0.693116000000	0.967998000000	0.038950000000	303.763467289364
789	1	0.731611000000	0.906511000000	0.038950000000	304.028083775459
789	2	0.733282000000	0.967998000000	0.098386200000	304.034696232996
789	3	0.700047000000	0.925924000000	0.105559000000	303.833275878744
790	0	0.577385000000	0.914325000000	0.110478000000	302.820031765828
790	1	0.619306000000	0.979775000000	0.042422900000	303.177875723858
790	2	0.544770000000	0.979775000000	0.042422900000	302.460274836649
790	3	0.582499000000	0.979775000000	0.111651000000	302.852544300643
791	0	0.633040000000	0.986998000000	0.129571000000	303.308217773711
791	1	0.669846000000	0.986998000000	0.060342800000	303.591770770346
791	2	0.710012000000	0.986998000000	0.119779000000	303.884431549817
791	3	0.676777000000	0.944925000000	0.126951000000	303.666101231431
792	0	0.537027000000	0.897766000000	0.166928000000	302.414260127502
792	1	0.468691000000	0.963215000000	0.169077000000	301.617172541559
792	2	0.484070000000	0.909628000000	0.211345000000	301.818322667285
792	3	0.542142000000	0.963215000000	0.168101000000	302.460041760755
793	0	0.543313000000	0.914325000000	0.132172000000	302.475484684668
793	1	0.510699000000	0.979775000000	0.064117100000	302.095762629902
793	2	0.474977000000	0.979775000000	0.134321000000	301.686815872704
793	3	0.548428000000	0.979775000000	0.133346000000	302.515818360147
794	0	0.602559000000	0.901324000000	0.131061000000	303.062918938267
794	1	0.644480000000	0.966773000000	0.063006100000	303.401364504397
794	2	0.607674000000	0.966773000000	0.132235000000	303.101335541695
794	3	0.651411000000	0.924700000000	0.129615000000	303.473814660320
795	0	0.448845000000	0.969418000000	0.306294000000	301.380017502543
795	1	0.367567000000	0.969418000000	0.314818000000	300.252545434263
795	2	0.428425000000	0.915831000000	0.285201000000	301.116132794705
795	3	0.384440000000	0.924041000000	0.343563000000	300.507136372108
796	0	0.421885000000	0.983441000000	0.211836000000	301.011798676302
796	1	0.376407000000	0.983441000000	0.283722000000	300.383329307026
796	2	0.437265000000	0.929853000000	0.254104000000	301.224761562084
796	3	0.457685000000	0.983441000000	0.275197000000	301.489102365244
797	0	0.474016000000	0.929853000000	0.231589000000	301.697863899400
797	1	0.532087000000	0.983441000000	0.188345000000	302.337828882040
797	2	0.458636000000	0.983441000000	0.189321000000	301.481939871354
797	3	0.494436000000	0.983441000000	0.252682000000	301.923982472540
798	0	0.299436000000	0.971955000000	0.440902000000	299.186721209497
798	1	0.262431000000	0.926578000000	0.384953000000	298.565871729526
798	2	0.307331000000	0.971955000000	0.359577000000	299.313180765527
798	3	0.324203000000	0.926578000000	0.388322000000	299.594077813838
799	0	0.279714000000	0.985978000000	0.364270000000	298.858419801052
799	1	0.271820000000	0.985978000000	0.445595000000	298.721104473213
799	2	0.207218000000	0.985978000000	0.408199000000	297.566936893110
799	3	0.234814000000	0.940600000000	0.389645000000	298.071848468583
800	0	0.103890000000	0.833894000000	0.626653000000	295.499013804976
800	1	0.024525100000	0.753876000000	0.667468000000	294.806179530136
800	2	0.024525100000	0.838504000000	0.699118000000	294.556672412467
800	3	0.024525100000	0.826580000000	0.619188000000	294.539468700665
801	0	0.103890000000	0.878044000000	0.624089000000	295.491467577117
801	1	0.024525100000	0.882653000000	0.696554000000	294.710839764918
801	2	0.024525100000	0.940897000000	0.656607000000	294.575040890807
801	3	0.024525100000	0.870730000000	0.616624000000	294.408796800763
802	0	0.125317000000	0.917724000000	0.589626000000	295.944232332153
802	1	0.045952500000	0.980577000000	0.547608000000	294.428587689022
802	2	0.045952500000	0.980577000000	0.622143000000	294.271388270405
802	3	0.115293000000	0.980577000000	0.585117000000	295.722078101509
803	0	0.043444800000	0.726502000000	0.639758000000	295.201340535699
803	1	0.122810000000	0.806520000000	0.598943000000	295.897047902640
803	2	0.104670000000	0.722546000000	0.581736000000	295.516131613006
803	3	0.043444800000	0.799206000000	0.591478000000	294.402551446361
804	0	0.212282000000	0.709668000000	0.507542000000	297.677734054398
804	1	0.177844000000	0.799476000000	0.554409000000	297.008576514414
804	2	0.162774000000	0.779160000000	0.490511000000	296.715714668394
804	3	0.159705000000	0.715503000000	0.537202000000	296.656750702068
805	0	0.179033000000	0.980577000000	0.475313000000	297.017716534122
805	1	0.188487000000	0.917724000000	0.554918000000	297.208728956687
805	2	0.243635000000	0.980577000000	0.512709000000	298.226354441980
805	3	0.178463000000	0.980577000000	0.550410000000	297.002839445993
806	0	0.124538000000	0.740995000000	0.549378000000	295.935278454796
806	1	0.063312900000	0.817655000000	0.559120000000	294.607594695604
806	2	0.142678000000	0.824969000000	0.566585000000	296.301774500343
806	3	0.127607000000	0.804652000000	0.502687000000	295.997163922246
807	0	0.175493000000	0.878001000000	0.519277000000	296.959031507727
807	1	0.166038000000	0.940854000000	0.439672000000	296.771791428391
807	2	0.193634000000	0.895476000000	0.421118000000	297.305100457037
807	3	0.160422000000	0.857684000000	0.455379000000	296.668542411682
808	0	0.024525100000	0.958895000000	0.546694000000	294.262509623343
808	1	0.103890000000	0.896042000000	0.588712000000	295.494558351173
808	2	0.024525100000	0.958895000000	0.621230000000	294.100160248810
808	3	0.024525100000	0.888728000000	0.581247000000	294.492822914565
809	0	0.044393100000	0.933194000000	0.516900000000	294.185557299613
809	1	0.108687000000	0.850024000000	0.495020000000	295.599658257562
809	2	0.123758000000	0.870341000000	0.558918000000	295.913716724448
809	3	0.044393100000	0.863027000000	0.551453000000	294.358716470173
810	0	0.197191000000	0.903702000000	0.525979000000	297.377723073023
810	1	0.252339000000	0.966555000000	0.483769000000	298.385799620328
810	2	0.215333000000	0.921177000000	0.427820000000	297.717056182915
810	3	0.187737000000	0.966555000000	0.446374000000	297.192407357207
811	0	0.145361000000	0.892023000000	0.536625000000	296.360420176676
811	1	0.065996600000	0.954876000000	0.494608000000	294.674249955918
811	2	0.135907000000	0.954876000000	0.457020000000	296.159209130345
811	3	0.130291000000	0.871707000000	0.472728000000	296.054657047546
812	0	0.067555900000	0.980577000000	0.512960000000	294.701241717265
812	1	0.146921000000	0.917724000000	0.554978000000	296.390035249506
812	2	0.137466000000	0.980577000000	0.475373000000	296.195664611667
812	3	0.136896000000	0.980577000000	0.550469000000	296.183075806855
813	0	0.045286900000	0.747344000000	0.689969000000	294.889883305727
813	1	0.124652000000	0.827362000000	0.649154000000	295.932132388292
813	2	0.045286900000	0.831972000000	0.721619000000	294.369867868257
813	3	0.112473000000	0.798912000000	0.714504000000	295.677543296032
814	0	0.018071000000	0.923759000000	0.754349000000	294.686932715965
814	1	0.076550000000	0.982002000000	0.754397000000	294.899780869946
814	2	0.018071000000	0.982002000000	0.714403000000	294.515401615455
814	3	0.018071000000	0.982002000000	0.788938000000	294.371769090854
815	0	0.142723000000	0.871512000000	0.658949000000	296.307222295858
815	1	0.121837000000	0.934365000000	0.731461000000	295.864607378796
815	2	0.063357900000	0.876122000000	0.731414000000	294.605597752439
815	3	0.130544000000	0.843062000000	0.724299000000	296.047838911455
816	0	0.018071000000	0.915624000000	0.840753000000	294.315650506318
816	1	0.076550000000	0.966332000000	0.784224000000	294.901267712333
816	2	0.018071000000	0.908089000000	0.784177000000	294.453830220683
816	3	0.018071000000	0.966332000000	0.818765000000	294.400541625023
817	0	0.121961000000	0.899726000000	0.648803000000	295.871008772762
817	1	0.042596100000	0.904336000000	0.721268000000	294.586518592872
817	2	0.101075000000	0.962579000000	0.721315000000	295.427118145986
817	3	0.042596100000	0.962579000000	0.681321000000	294.611127288044
818	0	0.143388000000	0.917724000000	0.625017000000	296.316146471171
818	1	0.064023500000	0.980577000000	0.657535000000	294.637904350290
818	2	0.122502000000	0.980577000000	0.697529000000	295.880901442615
818	3	0.133364000000	0.980577000000	0.620509000000	296.102615015983
819	0	0.901294000000	0.389036000000	0.072229500000	304.763825819829
819	1	0.960608000000	0.446709000000	0.017051100000	304.826839500730
819	2	0.960608000000	0.372173000000	0.017051100000	304.825638144006
819	3	0.892446000000	0.406464000000	0.017051100000	304.727450396528
820	0	0.516490000000	0.349756000000	0.309903000000	302.228790597992
820	1	0.449760000000	0.380727000000	0.302686000000	301.424117721036
820	2	0.486383000000	0.343703000000	0.246784000000	301.877702737123
820	3	0.499019000000	0.313399000000	0.276995000000	302.025168861348
821	0	0.446791000000	0.404567000000	0.300729000000	301.389746636329
821	1	0.513521000000	0.373595000000	0.307947000000	302.196878336366
821	2	0.483414000000	0.367542000000	0.244828000000	301.837465687419
821	3	0.486442000000	0.414384000000	0.268708000000	301.879027939823
822	0	0.560074000000	0.256429000000	0.433106000000	302.703792742326
822	1	0.531356000000	0.311534000000	0.385260000000	302.403404210139
822	2	0.467903000000	0.268090000000	0.409958000000	301.659795807603
822	3	0.499895000000	0.274957000000	0.453331000000	302.049578901304
823	0	0.505900000000	0.331070000000	0.386606000000	302.116859876175
823	1	0.442447000000	0.287626000000	0.411304000000	301.328583029720
823	2	0.474439000000	0.294493000000	0.454677000000	301.734238431887
823	3	0.452241000000	0.339184000000	0.438807000000	301.465013779026
824	0	0.431549000000	0.308500000000	0.388039000000	301.187378633786
824	1	0.495002000000	0.351943000000	0.363341000000	301.990061914493
824	2	0.428273000000	0.382915000000	0.356123000000	301.149879269412
824	3	0.441343000000	0.360058000000	0.415541000000	301.320627195488
825	0	0.472227000000	0.268158000000	0.378754000000	301.710959534174
825	1	0.564398000000	0.256497000000	0.401901000000	302.745534713356
825	2	0.518209000000	0.275245000000	0.321148000000	302.251455203642
825	3	0.535680000000	0.311602000000	0.354056000000	302.447368610406
826	0	0.439455000000	0.369173000000	0.329823000000	301.293515249575
826	1	0.442732000000	0.294758000000	0.361738000000	301.331634239949
826	2	0.488714000000	0.301844000000	0.304132000000	301.901220173203
826	3	0.506185000000	0.338201000000	0.337040000000	302.117875384456
827	0	0.734255000000	0.801732000000	0.032945700000	304.063157072381
827	1	0.703256000000	0.768532000000	0.096195500000	303.882017510416
827	2	0.701960000000	0.722445000000	0.032945700000	303.865636639998
827	3	0.737715000000	0.717534000000	0.076310300000	304.100623042169
828	0	0.812339000000	0.749633000000	0.013400400000	304.462465834474
828	1	0.760005000000	0.797270000000	0.013400400000	304.197000818775
828	2	0.727711000000	0.717983000000	0.013400400000	304.030238728556
828	3	0.763466000000	0.713073000000	0.056765000000	304.245637516935
829	0	0.812902000000	0.630283000000	0.013400400000	304.476864352752
829	1	0.824826000000	0.710213000000	0.013400400000	304.513546125689
829	2	0.740198000000	0.678563000000	0.013400400000	304.110103718346
829	3	0.775953000000	0.673653000000	0.056765000000	304.313825672010
830	0	0.721974000000	0.554747000000	0.013400400000	304.000764623858
830	1	0.788622000000	0.593583000000	0.013400400000	304.374469379655
830	2	0.715918000000	0.641863000000	0.013400400000	303.959622321083
830	3	0.751673000000	0.636952000000	0.056765000000	304.186442172183
831	0	0.679337000000	0.593017000000	0.105809000000	303.728703641350
831	1	0.696175000000	0.554613000000	0.035215100000	303.829390234133
831	2	0.690119000000	0.641729000000	0.035215100000	303.789338943182
831	3	0.725874000000	0.636819000000	0.078579600000	304.031746886396
832	0	0.666382000000	0.623418000000	0.125462000000	303.633269969998
832	1	0.677164000000	0.672129000000	0.054868100000	303.701433656035
832	2	0.641296000000	0.683390000000	0.118467000000	303.430810871629
832	3	0.712919000000	0.667219000000	0.098232700000	303.955459024058
833	0	0.680896000000	0.701424000000	0.052598700000	303.723855196697
833	1	0.645028000000	0.712685000000	0.116197000000	303.461522051356
833	2	0.716651000000	0.696513000000	0.095963300000	303.979287941839
833	3	0.682193000000	0.747511000000	0.115849000000	303.733760786095
834	0	0.718468000000	0.664665000000	0.125540000000	303.997122370681
834	1	0.646845000000	0.680836000000	0.145774000000	303.483431243038
834	2	0.671931000000	0.620863000000	0.152769000000	303.681523995717
834	3	0.700672000000	0.661309000000	0.170544000000	303.891627107921
835	0	0.650578000000	0.710131000000	0.143505000000	303.509038859038
835	1	0.722201000000	0.693959000000	0.123271000000	304.022521757354
835	2	0.687742000000	0.744956000000	0.143156000000	303.782372391237
835	3	0.704404000000	0.690604000000	0.168275000000	303.913900811043
836	0	0.796890000000	0.271978000000	0.109335000000	304.421973061401
836	1	0.800902000000	0.320697000000	0.149354000000	304.450408488186
836	2	0.849363000000	0.273482000000	0.118385000000	304.626535716905
836	3	0.842521000000	0.331437000000	0.124493000000	304.613712668827
837	0	0.774005000000	0.204050000000	0.211628000000	304.316894456061
837	1	0.753462000000	0.281646000000	0.197522000000	304.218044373478
837	2	0.694748000000	0.222896000000	0.197522000000	303.838362638147
837	3	0.724187000000	0.206430000000	0.243440000000	304.037452394597
838	0	0.781812000000	0.212238000000	0.185071000000	304.353876475421
838	1	0.702555000000	0.231084000000	0.170966000000	303.889678387486
838	2	0.761269000000	0.289834000000	0.170966000000	304.254154075424
838	3	0.757258000000	0.241115000000	0.130946000000	304.217580423927
839	0	0.724774000000	0.314812000000	0.155739000000	304.036641305902
839	1	0.627214000000	0.318046000000	0.120571000000	303.303172324551
839	2	0.720762000000	0.266093000000	0.115719000000	304.000530754328
839	3	0.666059000000	0.256062000000	0.155739000000	303.627756216168
840	0	0.814931000000	0.215802000000	0.175501000000	304.503288389850
840	1	0.794388000000	0.293399000000	0.161396000000	304.424722692431
840	2	0.842850000000	0.246185000000	0.130426000000	304.603593966937
840	3	0.790377000000	0.244680000000	0.121376000000	304.391472443550
841	0	0.762442000000	0.377261000000	0.106538000000	304.257478699917
841	1	0.776371000000	0.296477000000	0.106538000000	304.324909578072
841	2	0.822002000000	0.355936000000	0.121697000000	304.537768459164
841	3	0.780382000000	0.345196000000	0.146558000000	304.358526234271
842	0	0.733362000000	0.294157000000	0.103353000000	304.083282406185
842	1	0.639814000000	0.346109000000	0.108204000000	303.412797879017
842	2	0.737374000000	0.342876000000	0.143372000000	304.122485520703
842	3	0.719433000000	0.374941000000	0.103353000000	304.008486161640
843	0	0.711751000000	0.374435000000	0.156222000000	303.962478303942
843	1	0.614191000000	0.377668000000	0.121053000000	303.201565329802
843	2	0.624821000000	0.427844000000	0.157783000000	303.300234783388
843	3	0.693810000000	0.406500000000	0.116202000000	303.832967415303
844	0	0.558438000000	0.279099000000	0.315746000000	302.683599972231
844	1	0.604626000000	0.260351000000	0.396500000000	303.130469434479
844	2	0.642638000000	0.284484000000	0.355872000000	303.466448658442
844	3	0.575908000000	0.315456000000	0.348654000000	302.865478646246
845	0	0.564710000000	0.249902000000	0.314009000000	302.744934757163
845	1	0.648910000000	0.255287000000	0.354135000000	303.518301002988
845	2	0.610898000000	0.231153000000	0.394763000000	303.187219080417
845	3	0.602477000000	0.191775000000	0.341298000000	303.105102813481
846	0	0.661736000000	0.248207000000	0.331037000000	303.614505761250
846	1	0.577537000000	0.242821000000	0.290911000000	302.872976149347
846	2	0.665233000000	0.201160000000	0.296915000000	303.626612354867
846	3	0.615304000000	0.184694000000	0.318199000000	303.218303904403
847	0	0.666318000000	0.220473000000	0.262667000000	303.635860577881
847	1	0.578622000000	0.262135000000	0.256662000000	302.879712186220
847	2	0.645843000000	0.297091000000	0.253159000000	303.487320791661
847	3	0.636880000000	0.236939000000	0.216749000000	303.405077943889
848	0	0.710640000000	0.330300000000	0.179358000000	303.952003275114
848	1	0.613080000000	0.333534000000	0.144189000000	303.188814532531
848	2	0.651925000000	0.271550000000	0.179358000000	303.519020828171
848	3	0.660889000000	0.331702000000	0.215768000000	303.605793661796
849	0	0.552057000000	0.364155000000	0.157565000000	302.606663719013
849	1	0.599866000000	0.362323000000	0.229144000000	303.082133733737
849	2	0.523037000000	0.404513000000	0.226316000000	302.306094839251
849	3	0.520009000000	0.357672000000	0.202436000000	302.261467014330
850	0	0.731741000000	0.306058000000	0.204415000000	304.094414129520
850	1	0.702465000000	0.230842000000	0.250333000000	303.893140422056
850	2	0.681990000000	0.307459000000	0.240826000000	303.762762056490
850	3	0.673026000000	0.247307000000	0.204415000000	303.687427201184
851	0	0.620838000000	0.330697000000	0.218767000000	303.271890127244
851	1	0.611874000000	0.270545000000	0.182356000000	303.179885823771
851	2	0.540980000000	0.326046000000	0.192058000000	302.490907595227
851	3	0.573029000000	0.332529000000	0.147187000000	302.809118839137
852	0	0.564937000000	0.295694000000	0.289709000000	302.746483999506
852	1	0.649137000000	0.301080000000	0.329835000000	303.519391316698
852	2	0.632159000000	0.330650000000	0.286207000000	303.377704426004
852	3	0.582408000000	0.332051000000	0.322618000000	302.927980451749
853	0	0.522378000000	0.333699000000	0.237763000000	302.290329202784
853	1	0.602235000000	0.338350000000	0.264471000000	303.109427550477
853	2	0.552484000000	0.339752000000	0.300882000000	302.626032200870
853	3	0.535014000000	0.303395000000	0.267974000000	302.435495069725
854	0	0.605875000000	0.259177000000	0.205557000000	303.123909144902
854	1	0.614839000000	0.319329000000	0.241968000000	303.221186325404
854	2	0.534982000000	0.314678000000	0.215260000000	302.426879255964
854	3	0.547618000000	0.284374000000	0.245471000000	302.563426469930
855	0	0.613054000000	0.379831000000	0.226629000000	303.203393372836
855	1	0.565245000000	0.381663000000	0.155049000000	302.743753128121
855	2	0.536225000000	0.422021000000	0.223801000000	302.454153402582
855	3	0.575876000000	0.431839000000	0.191779000000	302.858538132075
856	0	0.739757000000	0.315508000000	0.229148000000	304.147114181507
856	1	0.710481000000	0.240292000000	0.275066000000	303.956168080268
856	2	0.706985000000	0.287339000000	0.309188000000	303.938662672491
856	3	0.690006000000	0.316910000000	0.265559000000	303.821363814209
857	0	0.604361000000	0.368193000000	0.144672000000	303.117165327697
857	1	0.701921000000	0.364959000000	0.179840000000	303.899834620791
857	2	0.614991000000	0.418368000000	0.181402000000	303.215900099503
857	3	0.652170000000	0.366361000000	0.216251000000	303.538012141528
858	0	0.519409000000	0.357539000000	0.235807000000	302.259136291310
858	1	0.599266000000	0.362190000000	0.262515000000	303.079722053755
858	2	0.522436000000	0.404380000000	0.259687000000	302.302558284157
858	3	0.549515000000	0.363591000000	0.298926000000	302.598283629232
859	0	0.586638000000	0.271585000000	0.281396000000	302.960897092615
859	1	0.674335000000	0.229924000000	0.287400000000	303.701425166861
859	2	0.653860000000	0.306541000000	0.277893000000	303.553716452241
859	3	0.670838000000	0.276971000000	0.321522000000	303.686120169439
860	0	0.718042000000	0.173813000000	0.381977000000	304.010482501765
860	1	0.638674000000	0.173813000000	0.357343000000	303.420376990327
860	2	0.647095000000	0.213191000000	0.410808000000	303.496058881055
860	3	0.685107000000	0.237325000000	0.370180000000	303.787287757400
861	0	0.754729000000	0.120210000000	0.342369000000	304.212094315506
861	1	0.713897000000	0.056698000000	0.307286000000	303.942166282778
861	2	0.725290000000	0.136675000000	0.296451000000	304.041243189249
861	3	0.760471000000	0.096686700000	0.287598000000	304.230468693436
862	0	0.632940000000	0.150457000000	0.373680000000	303.370530953361
862	1	0.712308000000	0.150457000000	0.398314000000	303.967692412135
862	2	0.641361000000	0.189836000000	0.427145000000	303.444065575104
862	3	0.660818000000	0.138391000000	0.439384000000	303.600606619492
863	0	0.728429000000	0.127479000000	0.351682000000	304.064371872871
863	1	0.687597000000	0.063967100000	0.316599000000	303.771918405137
863	2	0.649061000000	0.127479000000	0.327048000000	303.496892483773
863	3	0.698990000000	0.143945000000	0.305764000000	303.865421388364
864	0	0.730297000000	0.019626400000	0.446913000000	304.058035953387
864	1	0.721499000000	0.019626400000	0.358520000000	303.995614020336
864	2	0.762331000000	0.083138600000	0.393603000000	304.250646890506
864	3	0.795266000000	0.019626400000	0.405400000000	304.404027466813
865	0	0.730869000000	0.166732000000	0.358878000000	304.086101756174
865	1	0.651501000000	0.166732000000	0.334244000000	303.525269455475
865	2	0.697933000000	0.230244000000	0.347082000000	303.878203495163
865	3	0.701430000000	0.183197000000	0.312960000000	303.890431531631
866	0	0.736242000000	0.099036100000	0.402649000000	304.109258549457
866	1	0.695410000000	0.035523900000	0.367566000000	303.827715225202
866	2	0.704207000000	0.035523900000	0.455959000000	303.893153190618
866	3	0.684751000000	0.086969200000	0.443720000000	303.764911695812
867	0	0.721614000000	0.118662000000	0.378563000000	304.016798823068
867	1	0.680783000000	0.055150200000	0.343480000000	303.728971197128
867	2	0.670124000000	0.106596000000	0.419634000000	303.662655808095
867	3	0.642246000000	0.118662000000	0.353929000000	303.439172026341
868	0	0.806940000000	0.031983600000	0.372001000000	304.456185103171
868	1	0.733172000000	0.031983600000	0.325121000000	304.063358246857
868	2	0.774004000000	0.095495800000	0.360204000000	304.311209167675
868	3	0.779746000000	0.071972300000	0.305433000000	304.334553608743
869	0	0.850922000000	0.034934000000	0.353466000000	304.622928611000
869	1	0.878561000000	0.107994000000	0.310234000000	304.710699187642
869	2	0.858908000000	0.034934000000	0.278045000000	304.642618240780
869	3	0.823728000000	0.074922800000	0.286899000000	304.529671205164
870	0	0.838276000000	0.054560400000	0.373128000000	304.589868235238
870	1	0.865916000000	0.127620000000	0.329895000000	304.679143951645
870	2	0.811082000000	0.094549100000	0.306560000000	304.484407442998
870	3	0.805340000000	0.118073000000	0.361331000000	304.470986972562
871	0	0.880287000000	0.022576800000	0.363345000000	304.703290295782
871	1	0.907927000000	0.095636900000	0.320113000000	304.778375772656
871	2	0.948122000000	0.022576800000	0.328744000000	304.817126424204
871	3	0.888274000000	0.022576800000	0.287923000000	304.713693859962
872	0	0.855028000000	0.058912700000	0.250380000000	304.627344301327
872	1	0.874681000000	0.131973000000	0.282569000000	304.706662478734
872	2	0.834486000000	0.136509000000	0.236274000000	304.574965796547
872	3	0.819848000000	0.098901500000	0.259233000000	304.515634062603
873	0	0.726730000000	0.241533000000	0.348014000000	304.073707019844
873	1	0.759666000000	0.178021000000	0.359811000000	304.249093049732
873	2	0.730227000000	0.194486000000	0.313893000000	304.084631370853
873	3	0.773485000000	0.214551000000	0.338195000000	304.329159131967
874	0	0.819551000000	0.189870000000	0.305370000000	304.534897759217
874	1	0.866306000000	0.162888000000	0.295550000000	304.690160277907
874	2	0.811473000000	0.129816000000	0.272215000000	304.482928270984
874	3	0.826110000000	0.167424000000	0.249256000000	304.553429624164
875	0	0.791735000000	0.192007000000	0.300895000000	304.415984783749
875	1	0.783657000000	0.131954000000	0.267739000000	304.365529918293
875	2	0.748476000000	0.171943000000	0.276593000000	304.184275386432
875	3	0.798295000000	0.169562000000	0.244780000000	304.431820831296
876	0	0.777359000000	0.127601000000	0.291759000000	304.331066987594
876	1	0.785437000000	0.187655000000	0.324915000000	304.389534868593
876	2	0.742179000000	0.167590000000	0.300613000000	304.151229365215
876	3	0.771617000000	0.151125000000	0.346531000000	304.311929122102
877	0	0.860008000000	0.158535000000	0.319570000000	304.670868180158
877	1	0.805175000000	0.125464000000	0.296235000000	304.462529701725
877	2	0.799433000000	0.148987000000	0.351006000000	304.439253675247
877	3	0.813253000000	0.185517000000	0.329390000000	304.507538633673
878	0	0.730176000000	0.222817000000	0.285514000000	304.082573797686
878	1	0.759452000000	0.298033000000	0.239596000000	304.259464139199
878	2	0.726679000000	0.269864000000	0.319635000000	304.071202076913
878	3	0.773435000000	0.242882000000	0.309816000000	304.330085568778
879	0	0.746652000000	0.207543000000	0.265139000000	304.179453456818
879	1	0.775927000000	0.282759000000	0.219221000000	304.338378279376
879	2	0.789910000000	0.227608000000	0.289441000000	304.413738498634
879	3	0.796470000000	0.205162000000	0.233327000000	304.427751458467
880	0	0.886213000000	0.204043000000	0.141743000000	304.726398894503
880	1	0.938686000000	0.157503000000	0.202283000000	304.822278851826
880	2	0.858294000000	0.173660000000	0.186818000000	304.659060252276
880	3	0.873133000000	0.159918000000	0.139746000000	304.686529922706
881	0	0.921657000000	0.018985700000	0.244672000000	304.776713258737
881	1	0.981506000000	0.080424700000	0.246031000000	304.840208642795
881	2	0.981506000000	0.018985700000	0.285492000000	304.825553097238
881	3	0.981506000000	0.018985700000	0.210957000000	304.821138390898
882	0	0.863851000000	0.143138000000	0.233958000000	304.672110696194
882	1	0.884394000000	0.065541200000	0.248064000000	304.711440411609
882	2	0.944242000000	0.126980000000	0.249423000000	304.829134167934
882	3	0.904047000000	0.138601000000	0.280253000000	304.779451515911
883	0	0.981506000000	0.096640300000	0.215569000000	304.838979018950
883	1	0.921657000000	0.035201300000	0.214210000000	304.777029414041
883	2	0.981506000000	0.087676200000	0.156456000000	304.828254728407
883	3	0.981506000000	0.035201300000	0.180495000000	304.818627712526
884	0	0.911055000000	0.196280000000	0.128255000000	304.766171321806
884	1	0.963528000000	0.149740000000	0.188795000000	304.844610845187
884	2	0.897975000000	0.152155000000	0.126258000000	304.734093254509
884	3	0.963528000000	0.140776000000	0.129681000000	304.830580161826
885	0	0.969085000000	0.041562500000	0.305858000000	304.829942541990
885	1	0.909236000000	0.041562500000	0.265037000000	304.761167426118
885	2	0.928889000000	0.114623000000	0.297226000000	304.817335519939
885	3	0.969085000000	0.103001000000	0.266396000000	304.842627977174
886	0	0.901400000000	0.054933400000	0.205724000000	304.742022501412
886	1	0.895696000000	0.118788000000	0.144545000000	304.730782403320
886	2	0.961249000000	0.116372000000	0.207083000000	304.838527758544
886	3	0.961249000000	0.107408000000	0.147969000000	304.822446966327
887	0	0.876558000000	0.062696400000	0.219212000000	304.683157328714
887	1	0.936407000000	0.124135000000	0.220571000000	304.816019301098
887	2	0.870853000000	0.126551000000	0.158034000000	304.671228269288
887	3	0.856015000000	0.140293000000	0.205106000000	304.644188269803
888	0	0.906142000000	0.330475000000	0.105353000000	304.778212199111
888	1	0.965456000000	0.313613000000	0.050174600000	304.834065422341
888	2	0.965456000000	0.274025000000	0.108295000000	304.840676982383
888	3	0.912983000000	0.272520000000	0.099244500000	304.779861392742
889	0	0.983785000000	0.210833000000	0.033123500000	304.826576570467
889	1	0.983785000000	0.285369000000	0.033123500000	304.836970503763
889	2	0.931312000000	0.244277000000	0.082193400000	304.798776757732
889	3	0.983785000000	0.245781000000	0.091243600000	304.846637821330
890	0	0.983785000000	0.180983000000	0.048727700000	304.824750495772
890	1	0.931312000000	0.214427000000	0.097797600000	304.798857404684
890	2	0.983785000000	0.158923000000	0.099223800000	304.832964365866
890	3	0.983785000000	0.215931000000	0.106848000000	304.845527056536
891	0	0.931312000000	0.210380000000	0.131669000000	304.807670722658
891	1	0.983785000000	0.163840000000	0.192209000000	304.853836853357
891	2	0.983785000000	0.154876000000	0.133095000000	304.841223693646
891	3	0.983785000000	0.211884000000	0.140719000000	304.848948286852
892	0	0.832817000000	0.422668000000	0.046992200000	304.562989242122
892	1	0.826891000000	0.477162000000	0.103864000000	304.552317857548
892	2	0.782105000000	0.426565000000	0.087011900000	304.355820163010
892	3	0.841665000000	0.405240000000	0.102171000000	304.613934528897
893	0	0.860271000000	0.516894000000	0.074446000000	304.668950051068
893	1	0.934360000000	0.502644000000	0.017574300000	304.814226453026
893	2	0.866198000000	0.462400000000	0.017574300000	304.675644173430
893	3	0.864193000000	0.537197000000	0.017574300000	304.670515871469
894	0	0.743229000000	0.533553000000	0.030974700000	304.132869569686
894	1	0.772928000000	0.615759000000	0.074339300000	304.306643122745
894	2	0.805955000000	0.552086000000	0.087846400000	304.465273738920
894	3	0.809877000000	0.572389000000	0.030974700000	304.474202726919
895	0	0.776523000000	0.516641000000	0.108627000000	304.338708906231
895	1	0.696958000000	0.536512000000	0.122349000000	303.861764589141
895	2	0.713797000000	0.498108000000	0.051755800000	303.952855767182
895	3	0.731737000000	0.466043000000	0.091775500000	304.083406782605
896	0	0.863625000000	0.488394000000	0.091497100000	304.681732025687
896	1	0.937713000000	0.474145000000	0.034625400000	304.815275385959
896	2	0.878399000000	0.416472000000	0.089803800000	304.718026869120
896	3	0.869552000000	0.433900000000	0.034625400000	304.684633634416
897	0	0.717430000000	0.533420000000	0.052789400000	303.964853417130
897	1	0.780157000000	0.551952000000	0.109661000000	304.353169338762
897	2	0.747129000000	0.615625000000	0.096154000000	304.171228513220
897	3	0.700592000000	0.571824000000	0.123383000000	303.885237806912
898	0	0.704270000000	0.596190000000	0.150690000000	303.913558614813
898	1	0.783835000000	0.576318000000	0.136968000000	304.375834556541
898	2	0.750807000000	0.639991000000	0.123461000000	304.192722509406
898	3	0.733011000000	0.636636000000	0.168465000000	304.094056717813
899	0	0.808868000000	0.439167000000	0.029941100000	304.469705865578
899	1	0.802942000000	0.493661000000	0.086812800000	304.448441612416
899	2	0.740215000000	0.475128000000	0.029941100000	304.112528443816
899	3	0.758156000000	0.443063000000	0.069960800000	304.229227267394
900	0	0.823920000000	0.461076000000	0.017574300000	304.522748445028
900	1	0.755267000000	0.497038000000	0.017574300000	304.199295819588
900	2	0.817993000000	0.515570000000	0.074446000000	304.516236691626
900	3	0.821915000000	0.535874000000	0.017574300000	304.515023281899
901	0	0.781482000000	0.479604000000	0.172456000000	304.371866296515
901	1	0.829546000000	0.418680000000	0.131789000000	304.573723368350
901	2	0.769986000000	0.440005000000	0.116630000000	304.300738357581
901	3	0.814772000000	0.490603000000	0.133482000000	304.511670824184
902	0	0.723633000000	0.457770000000	0.211399000000	304.056448532998
902	1	0.643148000000	0.439514000000	0.197154000000	303.471372199824
902	2	0.730077000000	0.386106000000	0.195592000000	304.092255052082
902	3	0.680326000000	0.387507000000	0.232003000000	303.758837161629
903	0	0.821250000000	0.393136000000	0.138948000000	304.541198954720
903	1	0.773187000000	0.454060000000	0.179615000000	304.331490749293
903	2	0.761690000000	0.414461000000	0.123789000000	304.256552705772
903	3	0.779631000000	0.382396000000	0.163809000000	304.360593418106
904	0	0.705675000000	0.459331000000	0.129035000000	303.918215826869
904	1	0.636687000000	0.480675000000	0.170617000000	303.410690181134
904	2	0.717172000000	0.498930000000	0.184861000000	304.008347575623
904	3	0.670897000000	0.529800000000	0.159609000000	303.677546303026
905	0	0.739907000000	0.395581000000	0.171974000000	304.143424029039
905	1	0.652978000000	0.448990000000	0.173536000000	303.543592260480
905	2	0.733463000000	0.467245000000	0.187780000000	304.108711681300
905	3	0.721967000000	0.427646000000	0.131954000000	304.032676877099
906	0	0.706055000000	0.538840000000	0.151967000000	303.924170169865
906	1	0.740834000000	0.468371000000	0.121394000000	304.146551878744
906	2	0.785620000000	0.518969000000	0.138245000000	304.388202953707
906	3	0.752330000000	0.507970000000	0.177220000000	304.220679162862
907	0	0.783754000000	0.553243000000	0.153186000000	304.380599057790
907	1	0.732930000000	0.613561000000	0.184683000000	304.105841624170
907	2	0.704189000000	0.573115000000	0.166908000000	303.916155598289
907	3	0.750464000000	0.542245000000	0.192160000000	304.211493603149
908	0	0.947141000000	0.172871000000	0.250074000000	304.842782190668
908	1	0.896674000000	0.259937000000	0.250821000000	304.777649590338
908	2	0.866750000000	0.189028000000	0.234609000000	304.689687738028
908	3	0.906946000000	0.184492000000	0.280904000000	304.793483821318
909	0	0.943348000000	0.183661000000	0.221839000000	304.835448463279
909	1	0.892881000000	0.270727000000	0.222586000000	304.768060677487
909	2	0.890875000000	0.230201000000	0.161299000000	304.746327778074
909	3	0.862956000000	0.199819000000	0.206374000000	304.679565327572
910	0	0.949861000000	0.273850000000	0.142397000000	304.840964856464
910	1	0.899394000000	0.312871000000	0.194634000000	304.785878528259
910	2	0.890546000000	0.330300000000	0.139455000000	304.758101508710
910	3	0.897388000000	0.272345000000	0.133347000000	304.759625061293
911	0	0.869805000000	0.271866000000	0.263382000000	304.715708076826
911	1	0.839881000000	0.200958000000	0.247171000000	304.606563201860
911	2	0.880077000000	0.196421000000	0.293465000000	304.730353413865
911	3	0.833321000000	0.223403000000	0.303285000000	304.600039664345
912	0	0.800569000000	0.303935000000	0.214400000000	304.460903077222
912	1	0.814552000000	0.248784000000	0.284620000000	304.521957350363
912	2	0.821112000000	0.226338000000	0.228506000000	304.535450075152
912	3	0.851036000000	0.297246000000	0.244718000000	304.660616821026
913	0	0.917723000000	0.280581000000	0.211454000000	304.820623356977
913	1	0.968190000000	0.193515000000	0.210707000000	304.856544986996
913	2	0.915717000000	0.240055000000	0.150167000000	304.795965032419
913	3	0.968190000000	0.241559000000	0.159217000000	304.846538684725
914	0	0.831766000000	0.228791000000	0.197237000000	304.577829054526
914	1	0.811223000000	0.306387000000	0.183131000000	304.501084423266
914	2	0.861690000000	0.299699000000	0.213448000000	304.688503880283
914	3	0.859684000000	0.259173000000	0.152161000000	304.659376221992
915	0	0.868203000000	0.326997000000	0.201407000000	304.703204648549
915	1	0.866198000000	0.286470000000	0.140120000000	304.684200397682
915	2	0.817736000000	0.333685000000	0.171090000000	304.527157810866
915	3	0.859356000000	0.344425000000	0.146229000000	304.668815290237
916	0	0.798988000000	0.483649000000	0.191805000000	304.453994485671
916	1	0.847052000000	0.422725000000	0.151138000000	304.642952259020
916	2	0.832278000000	0.494647000000	0.152831000000	304.574105062198
916	3	0.844141000000	0.457138000000	0.198594000000	304.640758965145
917	0	0.807610000000	0.428708000000	0.224687000000	304.503338216069
917	1	0.719150000000	0.384956000000	0.238503000000	304.014505323630
917	2	0.762457000000	0.455219000000	0.217898000000	304.276886542630
917	3	0.768901000000	0.383555000000	0.202092000000	304.314658771922
918	0	0.838756000000	0.397181000000	0.158297000000	304.611845700712
918	1	0.790692000000	0.458104000000	0.198964000000	304.415280790112
918	2	0.797136000000	0.386440000000	0.183158000000	304.449317055341
918	3	0.835845000000	0.431594000000	0.205753000000	304.607514266391
919	0	0.814723000000	0.362228000000	0.187642000000	304.522035640858
919	1	0.853432000000	0.407382000000	0.210237000000	304.667302094642
919	2	0.865190000000	0.355540000000	0.217960000000	304.697178907026
919	3	0.856343000000	0.372969000000	0.162781000000	304.667289201684
920	0	0.981671000000	0.298973000000	0.114541000000	304.855243238281
920	1	0.981671000000	0.338561000000	0.056421200000	304.845125031193
920	2	0.922357000000	0.355424000000	0.111600000000	304.810207270654
920	3	0.981671000000	0.378204000000	0.125706000000	304.863912290864
921	0	0.981671000000	0.448363000000	0.038461100000	304.844022928792
921	1	0.922357000000	0.390690000000	0.093639600000	304.809184388738
921	2	0.981671000000	0.373827000000	0.038461100000	304.842486808944
921	3	0.981671000000	0.413471000000	0.107745000000	304.863323600755
922	0	0.946847000000	0.406108000000	0.173564000000	304.858634999970
922	1	0.896380000000	0.365899000000	0.214636000000	304.787844951558
922	2	0.884622000000	0.417741000000	0.206914000000	304.761586563352
922	3	0.887533000000	0.383327000000	0.159458000000	304.756382039961
923	0	0.966076000000	0.378030000000	0.159808000000	304.863006820650
923	1	0.966076000000	0.298798000000	0.148643000000	304.854998293331
923	2	0.915609000000	0.337820000000	0.200880000000	304.819381249222
923	3	0.906761000000	0.355249000000	0.145702000000	304.788673476719
924	0	0.958776000000	0.475799000000	0.056035400000	304.833325035466
924	1	0.884688000000	0.490048000000	0.112907000000	304.743695411878
924	2	0.899462000000	0.418126000000	0.111214000000	304.771573689541
924	3	0.958776000000	0.440907000000	0.125320000000	304.857215945877
925	0	0.939548000000	0.433719000000	0.157036000000	304.854275030397
925	1	0.865459000000	0.482861000000	0.144623000000	304.691867916325
925	2	0.880233000000	0.410938000000	0.142930000000	304.739799039307
925	3	0.877323000000	0.445352000000	0.190386000000	304.737807566599
926	0	0.272124000000	0.802689000000	0.464637000000	298.744366514711
926	1	0.200536000000	0.845385000000	0.525170000000	297.445701187549
926	2	0.218678000000	0.862860000000	0.427011000000	297.786067300024
926	3	0.185466000000	0.825068000000	0.461273000000	297.150814719818
927	0	0.286258000000	0.794067000000	0.428571000000	298.989720102683
927	1	0.199600000000	0.816446000000	0.425206000000	297.429274514602
927	2	0.232812000000	0.854238000000	0.390945000000	298.044524556460
927	3	0.260408000000	0.808860000000	0.372391000000	298.535444163953
928	0	0.291209000000	0.752209000000	0.375493000000	299.068494556067
928	1	0.279908000000	0.690302000000	0.445339000000	298.882529045665
928	2	0.313775000000	0.683749000000	0.387056000000	299.444363717979
928	3	0.317058000000	0.737415000000	0.431673000000	299.497665941278
929	0	0.204635000000	0.783293000000	0.441056000000	297.529272112558
929	1	0.254143000000	0.713801000000	0.458087000000	298.431069271447
929	2	0.265444000000	0.775708000000	0.388241000000	298.630098277531
929	3	0.291294000000	0.760915000000	0.444421000000	299.072284399301
930	0	0.315610000000	0.805746000000	0.419025000000	299.466006761323
930	1	0.262164000000	0.865916000000	0.381399000000	298.565728295825
930	2	0.323937000000	0.865916000000	0.384768000000	299.593831087800
930	3	0.289760000000	0.820539000000	0.362845000000	299.044573452862
931	0	0.240009000000	0.722424000000	0.494153000000	298.185322936590
931	1	0.205572000000	0.812232000000	0.541020000000	297.535560838648
931	2	0.277160000000	0.769537000000	0.480487000000	298.835365502999
931	3	0.190501000000	0.791915000000	0.477123000000	297.254750178666
932	0	0.396198000000	0.591533000000	0.301900000000	300.703794211884
932	1	0.346228000000	0.552592000000	0.361043000000	299.961565820105
932	2	0.419058000000	0.568747000000	0.357700000000	301.025894187932
932	3	0.357603000000	0.608853000000	0.349875000000	300.139083541064
933	0	0.431181000000	0.505832000000	0.381721000000	301.187827561042
933	1	0.415175000000	0.424049000000	0.418483000000	300.972576558152
933	2	0.358351000000	0.489676000000	0.385063000000	300.148223973931
933	3	0.402104000000	0.446907000000	0.359065000000	300.794726549628
934	0	0.406203000000	0.560930000000	0.297317000000	300.845852002336
934	1	0.356233000000	0.521990000000	0.356460000000	300.119867798581
934	2	0.399986000000	0.479220000000	0.330462000000	300.761655101017
934	3	0.429063000000	0.538145000000	0.353117000000	301.163218422422
935	0	0.487723000000	0.497416000000	0.275926000000	301.901419735208
935	1	0.454288000000	0.569309000000	0.274803000000	301.483333439263
935	2	0.477148000000	0.546524000000	0.330603000000	301.776262184076
935	3	0.520275000000	0.547665000000	0.293108000000	302.282340717530
936	0	0.425760000000	0.469037000000	0.312532000000	301.113196395950
936	1	0.431976000000	0.550747000000	0.279388000000	301.195443918410
936	2	0.454836000000	0.527962000000	0.335188000000	301.496192338052
936	3	0.465411000000	0.478854000000	0.280511000000	301.626802454605
937	0	0.336611000000	0.694560000000	0.368742000000	299.808809381248
937	1	0.314044000000	0.763020000000	0.357180000000	299.449282308623
937	2	0.339894000000	0.748227000000	0.413360000000	299.859337707148
937	3	0.376641000000	0.736100000000	0.367763000000	300.416490579940
938	0	0.387558000000	0.775258000000	0.341446000000	300.573760510043
938	1	0.359138000000	0.847555000000	0.352786000000	300.137664663927
938	2	0.374531000000	0.800262000000	0.291517000000	300.368828147209
938	3	0.324962000000	0.802177000000	0.330863000000	299.618379376224
939	0	0.411712000000	0.786743000000	0.330186000000	300.902618540097
939	1	0.383291000000	0.859040000000	0.341526000000	300.493859064808
939	2	0.427276000000	0.850830000000	0.283163000000	301.112913284838
939	3	0.398684000000	0.811748000000	0.280256000000	300.725086345092
940	0	0.380229000000	0.771278000000	0.370965000000	300.470753921505
940	1	0.351808000000	0.843575000000	0.382305000000	300.031711663356
940	2	0.317632000000	0.798198000000	0.360382000000	299.505077175873
940	3	0.343481000000	0.783404000000	0.416562000000	299.911221030338
941	0	0.434942000000	0.598970000000	0.353946000000	301.236683100058
941	1	0.413518000000	0.680616000000	0.345142000000	300.938896656725
941	2	0.412082000000	0.621755000000	0.298146000000	300.924153113039
941	3	0.373487000000	0.639076000000	0.346121000000	300.376886124369
942	0	0.318857000000	0.718635000000	0.258218000000	299.520962183052
942	1	0.371675000000	0.729115000000	0.331139000000	300.344336229081
942	2	0.309078000000	0.756034000000	0.320556000000	299.366339689337
942	3	0.331645000000	0.687575000000	0.332118000000	299.729527688687
943	0	0.380019000000	0.749678000000	0.315408000000	300.465115651438
943	1	0.327201000000	0.739199000000	0.242487000000	299.654644231757
943	2	0.317422000000	0.776598000000	0.304825000000	299.498399846675
943	3	0.366991000000	0.774683000000	0.265479000000	300.257583169361
944	0	0.397484000000	0.664310000000	0.257160000000	300.716572228332
944	1	0.346101000000	0.712691000000	0.231235000000	299.947035445652
944	2	0.398919000000	0.723171000000	0.304156000000	300.728057879608
944	3	0.385891000000	0.748175000000	0.254226000000	300.545193934295
945	0	0.390575000000	0.702607000000	0.319887000000	300.615219586236
945	1	0.337757000000	0.692128000000	0.246966000000	299.814230264001
945	2	0.389140000000	0.643746000000	0.272892000000	300.597541551233
945	3	0.350545000000	0.661067000000	0.320866000000	300.023551046005
946	0	0.636999000000	0.782236000000	0.157489000000	303.385917396293
946	1	0.573329000000	0.768286000000	0.204300000000	302.813313736039
946	2	0.587582000000	0.811473000000	0.162294000000	302.940917218376
946	3	0.599834000000	0.747410000000	0.157838000000	303.068896509988
947	0	0.491533000000	0.776233000000	0.261972000000	301.933708574332
947	1	0.437264000000	0.767195000000	0.311405000000	301.256235800311
947	2	0.452829000000	0.831282000000	0.264383000000	301.443294603002
947	3	0.424236000000	0.792200000000	0.261476000000	301.071356356035
948	0	0.502840000000	0.711857000000	0.219856000000	302.061347899360
948	1	0.447136000000	0.643958000000	0.222294000000	301.379212547497
948	2	0.452228000000	0.701942000000	0.173443000000	301.436768937874
948	3	0.485475000000	0.643322000000	0.178889000000	301.861804620896
949	0	0.571267000000	0.753455000000	0.155068000000	302.789448662636
949	1	0.515984000000	0.807845000000	0.145756000000	302.198003376168
949	2	0.544762000000	0.774331000000	0.201530000000	302.525838647544
949	3	0.559014000000	0.817518000000	0.159524000000	302.663045424610
950	0	0.495940000000	0.791436000000	0.144394000000	301.965067187953
950	1	0.551222000000	0.737046000000	0.153706000000	302.590468162918
950	2	0.524717000000	0.757922000000	0.200169000000	302.307237241065
950	3	0.474105000000	0.748008000000	0.153756000000	301.714998614885
951	0	0.495731000000	0.769307000000	0.214373000000	301.980379938268
951	1	0.428434000000	0.785274000000	0.213878000000	301.126523388515
951	2	0.466953000000	0.802821000000	0.158599000000	301.616471550491
951	3	0.445119000000	0.759393000000	0.167961000000	301.345502652670
952	0	0.485906000000	0.852843000000	0.219044000000	301.849189175584
952	1	0.524611000000	0.797794000000	0.216633000000	302.303716610365
952	2	0.495833000000	0.831307000000	0.160858000000	301.963088015986
952	3	0.538863000000	0.840981000000	0.174627000000	302.445803003844
953	0	0.487410000000	0.737969000000	0.232362000000	301.888086587316
953	1	0.431706000000	0.670070000000	0.234800000000	301.179807888101
953	2	0.420113000000	0.753936000000	0.231866000000	301.021175194875
953	3	0.436798000000	0.728055000000	0.185950000000	301.240943323808
954	0	0.499411000000	0.789382000000	0.229460000000	302.022677522281
954	1	0.470633000000	0.822895000000	0.173686000000	301.658744055171
954	2	0.432114000000	0.805349000000	0.228965000000	301.173863540728
954	3	0.460706000000	0.844431000000	0.231872000000	301.545469469619
955	0	0.430576000000	0.670341000000	0.264418000000	301.167911379214
955	1	0.486280000000	0.738240000000	0.261980000000	301.874798709773
955	2	0.418983000000	0.754206000000	0.261484000000	301.004143073219
955	3	0.432011000000	0.729202000000	0.311414000000	301.193969797078
956	0	0.510879000000	0.657852000000	0.163778000000	302.154533923907
956	1	0.477632000000	0.716473000000	0.158332000000	301.762154319811
956	2	0.528244000000	0.726387000000	0.204745000000	302.348759541237
956	3	0.554749000000	0.705511000000	0.158282000000	302.626241861058
957	0	0.455848000000	0.709651000000	0.316981000000	301.501541467777
957	1	0.454413000000	0.650790000000	0.269986000000	301.485496884205
957	2	0.510117000000	0.718689000000	0.267548000000	302.148904787706
957	3	0.519958000000	0.671387000000	0.285069000000	302.267268671636
958	0	0.487071000000	0.575104000000	0.334917000000	301.894294233791
958	1	0.464211000000	0.597890000000	0.279117000000	301.610970888272
958	2	0.529756000000	0.618486000000	0.294200000000	302.386690491887
958	3	0.530197000000	0.576245000000	0.297422000000	302.390283225294
959	0	0.529560000000	0.646299000000	0.183534000000	302.372588292831
959	1	0.573430000000	0.693958000000	0.178039000000	302.822298498996
959	2	0.546925000000	0.714834000000	0.224501000000	302.560906117343
959	3	0.556766000000	0.667532000000	0.242023000000	302.667939094030
960	0	0.619563000000	0.677667000000	0.171799000000	303.249170858937
960	1	0.602899000000	0.651241000000	0.235783000000	303.110005133636
960	2	0.644649000000	0.617694000000	0.178794000000	303.467933916395
960	3	0.673389000000	0.658140000000	0.196569000000	303.699899647032
961	0	0.507333000000	0.604098000000	0.205055000000	302.120276458400
961	1	0.468994000000	0.604734000000	0.248460000000	301.669677893196
961	2	0.534981000000	0.583090000000	0.266766000000	302.438087768749
961	3	0.534539000000	0.625331000000	0.263544000000	302.435300010128
962	0	0.572709000000	0.642548000000	0.229827000000	302.829380147342
962	1	0.614459000000	0.609001000000	0.172838000000	303.206744700837
962	2	0.545502000000	0.621315000000	0.171338000000	302.539773612322
962	3	0.589373000000	0.668974000000	0.165843000000	302.976916010373
963	0	0.540489000000	0.600096000000	0.192106000000	302.491883796905
963	1	0.609446000000	0.587782000000	0.193606000000	303.174036998577
963	2	0.567695000000	0.621329000000	0.250595000000	302.780602126846
963	3	0.568137000000	0.579088000000	0.253816000000	302.788856851173
964	0	0.521521000000	0.700303000000	0.239612000000	302.277168813298
964	1	0.465817000000	0.632404000000	0.242050000000	301.624980588218
964	2	0.504156000000	0.631768000000	0.198645000000	302.084021018905
964	3	0.531362000000	0.653001000000	0.257134000000	302.396266191932
965	0	0.445699000000	0.681628000000	0.334978000000	301.372082715968
965	1	0.509809000000	0.643364000000	0.303066000000	302.159822660850
965	2	0.467124000000	0.599982000000	0.343782000000	301.655783339853
965	3	0.444264000000	0.622767000000	0.287982000000	301.358229737715
966	0	0.495067000000	0.016115000000	0.590344000000	301.944734471383
966	1	0.558152000000	0.068264300000	0.630343000000	302.658260149139
966	2	0.520978000000	0.016115000000	0.657044000000	302.240713082168
966	3	0.550076000000	0.016115000000	0.598433000000	302.561768922512
967	0	0.179351000000	0.493806000000	0.466047000000	297.045649386411
967	1	0.260060000000	0.495321000000	0.421940000000	298.545528386466
967	2	0.234937000000	0.470485000000	0.490140000000	298.096115705924
967	3	0.221223000000	0.447699000000	0.433049000000	297.836257232541
968	0	0.158245000000	0.477500000000	0.487837000000	296.629090762292
968	1	0.200117000000	0.431394000000	0.454839000000	297.447206590446
968	2	0.213831000000	0.454180000000	0.511931000000	297.701674830171
968	3	0.170654000000	0.426252000000	0.514247000000	296.874339691028
969	0	0.145306000000	0.524997000000	0.573162000000	296.362423935277
969	1	0.200892000000	0.476276000000	0.539863000000	297.462230459779
969	2	0.157715000000	0.448349000000	0.542179000000	296.615529033562
969	3	0.145306000000	0.499597000000	0.515769000000	296.362019487532
970	0	0.265649000000	0.347013000000	0.499899000000	298.640355582177
970	1	0.225471000000	0.400590000000	0.457687000000	297.918618905486
970	2	0.196009000000	0.395448000000	0.517094000000	297.373077979219
970	3	0.239185000000	0.423376000000	0.514778000000	298.169640289604
971	0	0.264386000000	0.329428000000	0.528748000000	298.618675380098
971	1	0.220122000000	0.326098000000	0.579895000000	297.824535771178
971	2	0.237923000000	0.405791000000	0.543627000000	298.144873529853
971	3	0.194746000000	0.377863000000	0.545944000000	297.344768258788
972	0	0.261541000000	0.419016000000	0.495789000000	298.562280676617
972	1	0.288005000000	0.342653000000	0.480910000000	299.024155532552
972	2	0.247827000000	0.396230000000	0.438698000000	298.330453801909
972	3	0.290710000000	0.376979000000	0.436654000000	299.068893204670
973	0	0.265111000000	0.529448000000	0.433067000000	298.629784032709
973	1	0.242618000000	0.592263000000	0.480182000000	298.234140425163
973	2	0.184401000000	0.527932000000	0.477173000000	297.148492506747
973	3	0.239987000000	0.504612000000	0.501267000000	298.190110992351
974	0	0.261127000000	0.450288000000	0.479312000000	298.563723981082
974	1	0.286251000000	0.475125000000	0.411112000000	298.999959994455
974	2	0.290296000000	0.408251000000	0.420177000000	299.064861983760
974	3	0.247413000000	0.427502000000	0.422220000000	298.322689399240
975	0	0.372635000000	0.403934000000	0.451426000000	300.362446573969
975	1	0.290688000000	0.444724000000	0.486206000000	299.072320293747
975	2	0.315811000000	0.469561000000	0.418007000000	299.488987021434
975	3	0.319856000000	0.402688000000	0.427072000000	299.551654148789
976	0	0.180859000000	0.318342000000	0.652210000000	297.079475725355
976	1	0.128546000000	0.328328000000	0.707027000000	296.022778253479
976	2	0.189059000000	0.363760000000	0.682149000000	297.235372428789
976	3	0.134602000000	0.372629000000	0.680108000000	296.147539929440
977	0	0.183043000000	0.380554000000	0.704795000000	297.105172837430
977	1	0.122531000000	0.345122000000	0.729673000000	295.894901592666
977	2	0.155376000000	0.389484000000	0.748142000000	296.573159907106
977	3	0.128587000000	0.389423000000	0.702755000000	296.017584498663
978	0	0.189182000000	0.331253000000	0.624780000000	297.235067659750
978	1	0.163807000000	0.383018000000	0.590829000000	296.742530823947
978	2	0.142926000000	0.385539000000	0.652678000000	296.314489447464
978	3	0.197383000000	0.376670000000	0.654718000000	297.392336239293
979	0	0.226778000000	0.418796000000	0.568684000000	297.945328254755
979	1	0.208977000000	0.339104000000	0.604951000000	297.612578351918
979	2	0.217177000000	0.384521000000	0.634890000000	297.760141099699
979	3	0.183601000000	0.390869000000	0.571000000000	297.125284412920
980	0	0.171942000000	0.305498000000	0.747996000000	296.894003030740
980	1	0.193278000000	0.360742000000	0.715475000000	297.311115179327
980	2	0.132765000000	0.325310000000	0.740353000000	296.103025021327
980	3	0.165611000000	0.369671000000	0.758822000000	296.774475022496
981	0	0.191093000000	0.298530000000	0.662890000000	297.265784191266
981	1	0.199294000000	0.343948000000	0.692829000000	297.430512344056
981	2	0.138781000000	0.308516000000	0.717707000000	296.224332940850
981	3	0.177958000000	0.288704000000	0.725349000000	297.011192262653
982	0	0.143613000000	0.416022000000	0.697241000000	296.326336728025
982	1	0.186184000000	0.457795000000	0.706318000000	297.174744178192
982	2	0.170402000000	0.416082000000	0.742628000000	296.866001868830
982	3	0.198070000000	0.407152000000	0.699282000000	297.399593294664
983	0	0.136048000000	0.514998000000	0.623068000000	296.179574811278
983	1	0.148457000000	0.438349000000	0.592086000000	296.428852553894
983	2	0.170147000000	0.482645000000	0.663011000000	296.864262903511
983	3	0.127577000000	0.440871000000	0.653935000000	296.001490974333
984	0	0.162668000000	0.412702000000	0.602254000000	296.719953834051
984	1	0.184358000000	0.456997000000	0.673180000000	297.147352256460
984	2	0.141787000000	0.415224000000	0.664103000000	296.290622546109
984	3	0.196244000000	0.406354000000	0.666144000000	297.372175245702
985	0	0.155843000000	0.522849000000	0.603240000000	296.581146737055
985	1	0.189942000000	0.490495000000	0.643183000000	297.254847826956
985	2	0.168252000000	0.446200000000	0.572257000000	296.830658486465
985	3	0.211429000000	0.474128000000	0.569941000000	297.661556661719
986	0	0.204152000000	0.464848000000	0.653352000000	297.525772457448
986	1	0.182462000000	0.420553000000	0.582426000000	297.108317332900
986	2	0.225639000000	0.448481000000	0.580110000000	297.926006318828
986	3	0.216038000000	0.414205000000	0.646316000000	297.742820749795
987	0	0.480723000000	0.043105600000	0.524071000000	301.781249045096
987	1	0.521057000000	0.122453000000	0.520590000000	302.270030862655
987	2	0.526075000000	0.043105600000	0.474869000000	302.306899318524
987	3	0.492622000000	0.103250000000	0.477077000000	301.937868511847
988	0	0.563256000000	0.119765000000	0.526734000000	302.714522542043
988	1	0.568274000000	0.040417300000	0.481013000000	302.754475867920
988	2	0.616375000000	0.091862700000	0.495014000000	303.219814576984
988	3	0.577931000000	0.040417300000	0.538304000000	302.849345362677
989	0	0.539396000000	0.024519800000	0.491891000000	302.451729451364
989	1	0.534378000000	0.103868000000	0.537611000000	302.415324270222
989	2	0.494044000000	0.024519800000	0.541092000000	301.938244179679
989	3	0.549053000000	0.024519800000	0.549181000000	302.550659674631
990	0	0.499524000000	0.040634800000	0.568657000000	302.007929511937
990	1	0.539858000000	0.119983000000	0.565176000000	302.477990615785
990	2	0.562609000000	0.092784100000	0.608656000000	302.710454058932
990	3	0.554532000000	0.040634800000	0.576746000000	302.616553391740
991	0	0.503401000000	0.148264000000	0.531797000000	302.069798254545
991	1	0.463068000000	0.068916500000	0.535278000000	301.561446512322
991	2	0.451286000000	0.152442000000	0.522344000000	301.436878052278
991	3	0.474967000000	0.129061000000	0.488284000000	301.730300381723
992	0	0.505743000000	0.172566000000	0.469212000000	302.104627039840
992	1	0.567840000000	0.215312000000	0.468766000000	302.775638955087
992	2	0.507661000000	0.233840000000	0.488991000000	302.125445166055
992	3	0.534178000000	0.191769000000	0.512724000000	302.418578986968
993	0	0.583411000000	0.056532300000	0.565868000000	302.904098158642
993	1	0.621855000000	0.107978000000	0.522579000000	303.268717580874
993	2	0.568736000000	0.135880000000	0.554298000000	302.776561666075
993	3	0.591488000000	0.108682000000	0.597779000000	302.983552563676
994	0	0.603054000000	0.110448000000	0.477993000000	303.099190065549
994	1	0.554953000000	0.059003100000	0.463992000000	302.623664267591
994	2	0.549935000000	0.138351000000	0.509712000000	302.582983883100
994	3	0.521500000000	0.119148000000	0.466200000000	302.264118756527
995	0	0.530352000000	0.150943000000	0.466744000000	302.370497485197
995	1	0.611905000000	0.142243000000	0.478537000000	303.186911809400
995	2	0.592449000000	0.193689000000	0.466298000000	303.013963464106
995	3	0.558786000000	0.170146000000	0.510257000000	302.679289420294
996	0	0.481154000000	0.227856000000	0.499654000000	301.821220729191
996	1	0.479236000000	0.166582000000	0.479875000000	301.786470317294
996	2	0.507671000000	0.185785000000	0.523387000000	302.127240188236
996	3	0.455556000000	0.189963000000	0.513934000000	301.496318384158
997	0	0.333041000000	0.358116000000	0.448488000000	299.760602887685
997	1	0.385820000000	0.359362000000	0.472843000000	300.556782018328
997	2	0.345199000000	0.357116000000	0.523607000000	299.954675537448
997	3	0.330336000000	0.323790000000	0.492744000000	299.717593847367
998	0	0.307718000000	0.370721000000	0.459236000000	299.352266723792
998	1	0.278550000000	0.412758000000	0.518370000000	298.860303752362
998	2	0.305013000000	0.336395000000	0.503491000000	299.307453154969
998	3	0.319876000000	0.369721000000	0.534354000000	299.549477383379
999	0	0.252891000000	0.414127000000	0.572908000000	298.415185209206
999	1	0.235090000000	0.334435000000	0.609175000000	298.095806394904
999	2	0.294217000000	0.371090000000	0.588892000000	299.132783867707
999	3	0.243290000000	0.379852000000	0.639114000000	298.248236962694
1000	0	0.264035000000	0.401122000000	0.547851000000	298.606694216443
1000	1	0.246234000000	0.321429000000	0.584118000000	298.290480539396
1000	2	0.290499000000	0.324759000000	0.532972000000	299.058935870036
1000	3	0.305362000000	0.358084000000	0.563835000000	299.315169537652
1001	0	0.377642000000	0.382960000000	0.477441000000	300.435139659422
1001	1	0.295695000000	0.423750000000	0.512220000000	299.156731825035
1001	2	0.324863000000	0.381714000000	0.453086000000	299.628687587640
1001	3	0.337021000000	0.380713000000	0.528205000000	299.824934470384
1002	0	0.221521000000	0.557013000000	0.582009000000	297.852079261616
1002	1	0.160368000000	0.525249000000	0.525172000000	296.670495098119
1002	2	0.215954000000	0.501929000000	0.549265000000	297.742638710592
1002	3	0.160368000000	0.550649000000	0.582564000000	296.669742607662
1003	0	0.226491000000	0.499780000000	0.579343000000	297.944172535950
1003	1	0.170905000000	0.548501000000	0.612642000000	296.883756689201
1003	2	0.205005000000	0.516148000000	0.652585000000	297.534898179305
1003	3	0.232058000000	0.554864000000	0.612087000000	298.040600980440
1004	0	0.144934000000	0.554138000000	0.527822000000	296.358655988063
1004	1	0.206087000000	0.585902000000	0.584659000000	297.558838017040
1004	2	0.150574000000	0.624303000000	0.560491000000	296.463228595506
1004	3	0.144934000000	0.579538000000	0.585214000000	296.350043903260
1005	0	0.162924000000	0.566168000000	0.511017000000	296.720078502900
1005	1	0.224076000000	0.597932000000	0.567854000000	297.896917303320
1005	2	0.221140000000	0.630499000000	0.514026000000	297.843681649557
1005	3	0.168563000000	0.636333000000	0.543686000000	296.829678366114
1006	0	0.236574000000	0.601610000000	0.511375000000	298.125986685258
1006	1	0.178358000000	0.537280000000	0.508366000000	297.029594509550
1006	2	0.233944000000	0.513959000000	0.532460000000	298.083210822120
1006	3	0.239511000000	0.569043000000	0.565203000000	298.178979009540
1007	0	0.193116000000	0.654201000000	0.563769000000	297.309572731962
1007	1	0.245692000000	0.648367000000	0.534108000000	298.288137803530
1007	2	0.266930000000	0.641858000000	0.596088000000	298.665876191432
1007	3	0.248629000000	0.615800000000	0.587936000000	298.336478886036
1008	0	0.195269000000	0.612707000000	0.672897000000	297.348528427143
1008	1	0.197634000000	0.542806000000	0.674670000000	297.393030340137
1008	2	0.163535000000	0.575159000000	0.634727000000	296.731197774504
1008	3	0.224687000000	0.581523000000	0.634172000000	297.910413309987
1009	0	0.160380000000	0.643755000000	0.590022000000	296.663964466999
1009	1	0.215893000000	0.605354000000	0.614189000000	297.747174687127
1009	2	0.186474000000	0.636538000000	0.652914000000	297.183472743350
1009	3	0.154740000000	0.598990000000	0.614744000000	296.552222161908
1010	0	0.150400000000	0.649627000000	0.663376000000	296.469394498166
1010	1	0.063080100000	0.660800000000	0.658505000000	294.633282895787
1010	2	0.124306000000	0.656844000000	0.600483000000	295.927682504129
1010	3	0.118666000000	0.612079000000	0.625206000000	295.813153109948
1011	0	0.070428200000	0.700582000000	0.656182000000	294.809288463611
1011	1	0.149793000000	0.780601000000	0.615367000000	296.457795004587
1011	2	0.157748000000	0.689409000000	0.661053000000	296.612792062034
1011	3	0.131654000000	0.696627000000	0.598161000000	296.081592592251
1012	0	0.151635000000	0.797758000000	0.640879000000	296.491331833050
1012	1	0.072270200000	0.717740000000	0.681694000000	294.813592675183
1012	2	0.159590000000	0.706567000000	0.686564000000	296.648860737005
1012	3	0.139457000000	0.769308000000	0.706229000000	296.242819480537
1013	0	0.211027000000	0.646557000000	0.655261000000	297.650314571077
1013	1	0.184932000000	0.653774000000	0.592369000000	297.155192626586
1013	2	0.258746000000	0.641431000000	0.624688000000	298.515066753797
1013	3	0.240445000000	0.615373000000	0.616536000000	298.190378203915
1014	0	0.032629800000	0.622784000000	0.686642000000	294.701648636885
1014	1	0.032629800000	0.534731000000	0.691692000000	294.491508982458
1014	2	0.088215800000	0.574063000000	0.653343000000	295.157863247197
1014	3	0.082636000000	0.572687000000	0.719496000000	295.043612834401
1015	0	0.030012100000	0.438329000000	0.793340000000	294.584570512962
1015	1	0.080018300000	0.511644000000	0.751971000000	294.976974175182
1015	2	0.077126900000	0.438894000000	0.716685000000	294.912866681858
1015	3	0.030012100000	0.473688000000	0.724166000000	294.355164969346
1016	0	0.146933000000	0.635368000000	0.691458000000	296.396095723339
1016	1	0.059613100000	0.646541000000	0.686587000000	294.530373717315
1016	2	0.115199000000	0.597821000000	0.653288000000	295.738309133577
1016	3	0.109619000000	0.596444000000	0.719441000000	295.619789469244
1017	0	0.102856000000	0.500911000000	0.763684000000	295.477893865902
1017	1	0.052849700000	0.427596000000	0.805054000000	294.496632980374
1017	2	0.099964500000	0.428160000000	0.728398000000	295.414482665569
1017	3	0.126754000000	0.428221000000	0.773785000000	295.980810698830
1018	0	0.102775000000	0.536101000000	0.652592000000	295.475243571976
1018	1	0.094303900000	0.461975000000	0.683458000000	295.285231306762
1018	2	0.097195300000	0.534725000000	0.718745000000	295.354853206951
1018	3	0.047189100000	0.496769000000	0.690940000000	294.397366490464
1019	0	0.122018000000	0.464131000000	0.683951000000	295.891055133044
1019	1	0.130489000000	0.538258000000	0.653085000000	296.063568796020
1019	2	0.124910000000	0.536882000000	0.719237000000	295.942715311409
1019	3	0.164589000000	0.505905000000	0.693027000000	296.755547587964
1020	0	0.174647000000	0.610315000000	0.693511000000	296.943706069197
1020	1	0.142913000000	0.572767000000	0.655341000000	296.314796175994
1020	2	0.177013000000	0.540414000000	0.695284000000	297.000883947247
1020	3	0.137334000000	0.571391000000	0.721494000000	296.203851679864
1021	0	0.127679000000	0.441244000000	0.707515000000	296.003471050702
1021	1	0.130570000000	0.513994000000	0.742801000000	296.061652214944
1021	2	0.154468000000	0.441304000000	0.752902000000	296.553475827561
1021	3	0.170249000000	0.483017000000	0.716591000000	296.867768649556
1022	0	0.015452800000	0.462532000000	0.816684000000	294.724938675896
1022	1	0.065459000000	0.535847000000	0.775315000000	294.660329513991
1022	2	0.015452800000	0.497891000000	0.747510000000	294.482176136174
1022	3	0.015452800000	0.541419000000	0.815572000000	294.574578705701
1023	0	0.015452800000	0.536028000000	0.724574000000	294.414163900637
1023	1	0.015452800000	0.624081000000	0.719525000000	294.605530065664
1023	2	0.015452800000	0.579555000000	0.792635000000	294.307819124897
1023	3	0.065459000000	0.573984000000	0.752379000000	294.661302212397
1024	0	0.087948400000	0.784165000000	0.751618000000	295.151284252713
1024	1	0.020761800000	0.732597000000	0.727083000000	294.856823805013
1024	2	0.020761800000	0.764892000000	0.806370000000	294.393622732253
1024	3	0.020761800000	0.817225000000	0.758732000000	294.338436148352
1025	0	0.251438000000	0.525292000000	0.726865000000	298.389066884814
1025	1	0.216020000000	0.600935000000	0.694648000000	297.747813487238
1025	2	0.245438000000	0.569751000000	0.655923000000	298.280358639636
1025	3	0.218385000000	0.531034000000	0.696421000000	297.786330269583
1026	0	0.177837000000	0.452438000000	0.765114000000	297.012507754863
1026	1	0.153939000000	0.525129000000	0.755014000000	296.542010588989
1026	2	0.226671000000	0.488410000000	0.759248000000	297.935729438311
1026	3	0.193618000000	0.494152000000	0.728804000000	297.319925950900
1027	0	0.195398000000	0.598543000000	0.715262000000	297.346706523337
1027	1	0.230817000000	0.522901000000	0.747479000000	298.014251629060
1027	2	0.158085000000	0.559619000000	0.743245000000	296.620253996764
1027	3	0.197764000000	0.528642000000	0.717035000000	297.396334927042
1028	0	0.193771000000	0.427217000000	0.754841000000	297.318167461708
1028	1	0.242605000000	0.463188000000	0.748974000000	298.229842718160
1028	2	0.221438000000	0.418287000000	0.711494000000	297.847887860358
1028	3	0.209552000000	0.468930000000	0.718530000000	297.621936091650
1029	0	0.259323000000	0.194784000000	0.818223000000	298.504510131839
1029	1	0.189443000000	0.160971000000	0.811346000000	297.223722445493
1029	2	0.204413000000	0.219878000000	0.776510000000	297.508995133613
1029	3	0.245377000000	0.166041000000	0.762898000000	298.263948982846
1030	0	0.303515000000	0.145496000000	0.767651000000	299.258467816203
1030	1	0.317462000000	0.174238000000	0.822976000000	299.484021233383
1030	2	0.342721000000	0.128095000000	0.823105000000	299.877228564581
1030	3	0.355552000000	0.145178000000	0.789639000000	300.074442735142
1031	0	0.162538000000	0.269214000000	0.848692000000	296.704629851667
1031	1	0.239768000000	0.219139000000	0.838476000000	298.166313215187
1031	2	0.169888000000	0.185327000000	0.831599000000	296.847607711718
1031	3	0.184857000000	0.244234000000	0.796763000000	297.140895505887
1032	0	0.214217000000	0.138957000000	0.824275000000	297.688655673420
1032	1	0.309356000000	0.126626000000	0.831282000000	299.336051630608
1032	2	0.270151000000	0.144028000000	0.775828000000	298.693130560810
1032	3	0.284097000000	0.172770000000	0.831153000000	298.927055575519
1033	0	0.018985700000	0.243616000000	0.921581000000	294.277446674889
1033	1	0.080424700000	0.245782000000	0.981488000000	294.981363972951
1033	2	0.018985700000	0.285243000000	0.981488000000	294.384784763959
1033	3	0.018985700000	0.210707000000	0.981488000000	293.976644488287
1034	0	0.036882700000	0.264575000000	0.904054000000	294.181508192909
1034	1	0.036882700000	0.306202000000	0.963961000000	294.521945028320
1034	2	0.098321700000	0.266741000000	0.963961000000	295.368522991397
1034	3	0.094798600000	0.299493000000	0.907245000000	295.297453597930
1035	0	0.055369600000	0.208191000000	0.898772000000	294.428028823429
1035	1	0.120635000000	0.159221000000	0.884869000000	295.843408037571
1035	2	0.116809000000	0.210357000000	0.958679000000	295.759520942803
1035	3	0.107844000000	0.151243000000	0.958679000000	295.573969050948
1036	0	0.096640300000	0.215320000000	0.981488000000	295.327215224159
1036	1	0.035201300000	0.213154000000	0.921581000000	294.124973136081
1036	2	0.087676200000	0.156206000000	0.981488000000	295.125859496952
1036	3	0.035201300000	0.180246000000	0.981488000000	294.145249909279
1037	0	0.118490000000	0.238745000000	0.941153000000	295.790215431013
1037	1	0.122317000000	0.187609000000	0.867343000000	295.882160352661
1037	2	0.057051000000	0.236579000000	0.881246000000	294.466872830965
1037	3	0.114967000000	0.271497000000	0.884437000000	295.727075184939
1038	0	0.160252000000	0.234061000000	0.938982000000	296.654758933964
1038	1	0.233959000000	0.216738000000	0.872049000000	298.053281430542
1038	2	0.164079000000	0.182926000000	0.865172000000	296.730398362732
1038	3	0.156729000000	0.266813000000	0.882266000000	296.584258498660
1039	0	0.150641000000	0.195115000000	0.977192000000	296.453887645731
1039	1	0.154468000000	0.143979000000	0.903382000000	296.528348013038
1039	2	0.198685000000	0.143625000000	0.977192000000	297.386096996432
1039	3	0.141677000000	0.136001000000	0.977192000000	296.263278274409
1040	0	0.323378000000	0.078362500000	0.894001000000	299.562399243312
1040	1	0.272456000000	0.090339300000	0.960804000000	298.706228894236
1040	2	0.271404000000	0.032219200000	0.900769000000	298.699723885557
1040	3	0.312044000000	0.032219200000	0.960804000000	299.367371677869
1041	0	0.249895000000	0.190706000000	0.889576000000	298.336132324581
1041	1	0.176188000000	0.208029000000	0.956508000000	296.963376061263
1041	2	0.180014000000	0.156893000000	0.882699000000	297.040281507763
1041	3	0.224232000000	0.156539000000	0.956508000000	297.866857399578
1042	0	0.212155000000	0.051633800000	0.898604000000	297.642382237082
1042	1	0.168989000000	0.110108000000	0.884830000000	296.822978704054
1042	2	0.156198000000	0.102130000000	0.958639000000	296.553614804645
1042	3	0.213207000000	0.109754000000	0.958639000000	297.653830110969
1043	0	0.245921000000	0.076080200000	0.981448000000	298.245510200730
1043	1	0.244869000000	0.017960100000	0.921412000000	298.223680029430
1043	2	0.285509000000	0.017960100000	0.981448000000	298.923000351720
1043	3	0.210973000000	0.017960100000	0.981448000000	297.608998407225
1044	0	0.210597000000	0.137281000000	0.862055000000	297.620913599042
1044	1	0.254814000000	0.136927000000	0.935865000000	298.415791327179
1044	2	0.305736000000	0.124950000000	0.869061000000	299.285316368593
1044	3	0.280477000000	0.171094000000	0.868932000000	298.863943629001
1045	0	0.159063000000	0.084060400000	0.981448000000	296.610900785508
1045	1	0.215019000000	0.033564300000	0.921412000000	297.691035381611
1045	2	0.216071000000	0.091684400000	0.981448000000	297.706610689610
1045	3	0.181123000000	0.033564300000	0.981448000000	297.044210844530
1046	0	0.246559000000	0.108409000000	0.937996000000	298.267901616531
1046	1	0.202341000000	0.108763000000	0.864186000000	297.467137277265
1046	2	0.297480000000	0.096432100000	0.871192000000	299.141183288563
1046	3	0.245507000000	0.050288700000	0.877960000000	298.248519641156
1047	0	0.085773400000	0.538525000000	0.801434000000	295.098733775615
1047	1	0.035767100000	0.465210000000	0.842803000000	294.652151182397
1047	2	0.101506000000	0.509234000000	0.858153000000	295.444101657504
1047	3	0.035767100000	0.544097000000	0.841691000000	294.668470680126
1048	0	0.020314300000	0.498418000000	0.942703000000	294.936884811189
1048	1	0.086053000000	0.499766000000	0.891502000000	295.108281455324
1048	2	0.020314300000	0.455742000000	0.876153000000	294.993782646281
1048	3	0.020314300000	0.534629000000	0.875040000000	294.644279671277
1049	0	0.146539000000	0.525650000000	0.780640000000	296.390388215891
1049	1	0.219271000000	0.488931000000	0.784874000000	297.799509989059
1049	2	0.162271000000	0.496359000000	0.837359000000	296.704117860063
1049	3	0.170437000000	0.452959000000	0.790741000000	296.868333425333
1050	0	0.108611000000	0.514341000000	0.792115000000	295.594132753544
1050	1	0.058604700000	0.441025000000	0.833485000000	294.509105921788
1050	2	0.132509000000	0.441650000000	0.802216000000	296.102388376932
1050	3	0.124343000000	0.485050000000	0.848834000000	295.929728948000
1051	0	0.061049000000	0.406451000000	0.849308000000	294.562197974680
1051	1	0.126788000000	0.450476000000	0.864657000000	295.974598488732
1051	2	0.118965000000	0.367883000000	0.859142000000	295.813596586335
1051	3	0.134953000000	0.407076000000	0.818039000000	296.149611041305
1052	0	0.021174900000	0.409709000000	0.912884000000	294.344253890321
1052	1	0.089698400000	0.415513000000	0.979435000000	295.180541104542
1052	2	0.021174900000	0.452385000000	0.979435000000	294.336592465556
1052	3	0.021174900000	0.377850000000	0.979435000000	294.297243865368
1053	0	0.041489300000	0.433158000000	0.897062000000	294.619287833841
1053	1	0.041489300000	0.475835000000	0.963613000000	294.590544649822
1053	2	0.110013000000	0.438962000000	0.963613000000	295.613331482772
1053	3	0.107228000000	0.477182000000	0.912411000000	295.556280938728
1054	0	0.039071900000	0.384603000000	0.895358000000	294.141671040958
1054	1	0.107595000000	0.390407000000	0.961908000000	295.564449334829
1054	2	0.039071900000	0.352744000000	0.961908000000	294.368460272229
1054	3	0.096987900000	0.346034000000	0.905192000000	295.341653997158
1055	0	0.126581000000	0.368368000000	0.982474000000	295.968931030509
1055	1	0.058057600000	0.330704000000	0.982474000000	294.662142843241
1055	2	0.115974000000	0.323995000000	0.925757000000	295.743356163166
1055	3	0.119497000000	0.291243000000	0.982474000000	295.816659902750
1056	0	0.127910000000	0.413856000000	0.946086000000	295.994696707294
1056	1	0.059386300000	0.408052000000	0.879536000000	294.522599563976
1056	2	0.125125000000	0.452076000000	0.894885000000	295.934231567488
1056	3	0.117302000000	0.369483000000	0.889370000000	295.775353640548
1057	0	0.015452800000	0.633424000000	0.870548000000	294.775558993392
1057	1	0.015452800000	0.671749000000	0.938211000000	294.858128333753
1057	2	0.065459000000	0.688026000000	0.867410000000	294.654802119659
1057	3	0.015452800000	0.710244000000	0.876724000000	294.461492624434
1058	0	0.030905600000	0.654404000000	0.739587000000	294.229303553645
1058	1	0.080911800000	0.664481000000	0.809560000000	294.989277785567
1058	2	0.030905600000	0.609879000000	0.812698000000	294.415121385648
1058	3	0.080911800000	0.604307000000	0.772441000000	294.995438987589
1059	0	0.101226000000	0.639949000000	0.837239000000	295.441354417678
1059	1	0.116959000000	0.550484000000	0.856839000000	295.768816528746
1059	2	0.051219900000	0.585347000000	0.840377000000	294.668231783606
1059	3	0.101226000000	0.579775000000	0.800121000000	295.439999486940
1060	0	0.015452800000	0.635340000000	0.827046000000	294.400542125290
1060	1	0.015452800000	0.679865000000	0.753936000000	294.127374618762
1060	2	0.015452800000	0.712160000000	0.833223000000	294.482459475471
1060	3	0.065459000000	0.689942000000	0.823908000000	294.653847436689
1061	0	0.150518000000	0.684954000000	0.720800000000	296.468592551616
1061	1	0.063197900000	0.696127000000	0.715929000000	294.615523888692
1061	2	0.113204000000	0.706204000000	0.785902000000	295.694004871153
1061	3	0.130385000000	0.747695000000	0.740464000000	296.056166602527
1062	0	0.107895000000	0.674788000000	0.788473000000	295.581558489400
1062	1	0.057888900000	0.664711000000	0.718500000000	294.497793169255
1062	2	0.145209000000	0.653538000000	0.723370000000	296.363012149398
1062	3	0.107895000000	0.614614000000	0.751354000000	295.583608185949
1063	0	0.036214600000	0.709559000000	0.738925000000	294.585091536516
1063	1	0.103401000000	0.761127000000	0.763460000000	295.477438478459
1063	2	0.036214600000	0.741854000000	0.818212000000	294.246854605681
1063	3	0.086220800000	0.719636000000	0.808898000000	295.107762376920
1064	0	0.146264000000	0.716402000000	0.796117000000	296.375791162391
1064	1	0.183578000000	0.695152000000	0.731014000000	297.117141859786
1064	2	0.163444000000	0.757893000000	0.750679000000	296.721527629618
1064	3	0.203242000000	0.739328000000	0.759199000000	297.501609732005
1065	0	0.018098000000	0.830536000000	0.943952000000	294.474219798352
1065	1	0.076664200000	0.833698000000	0.876613000000	294.897725524369
1065	2	0.018098000000	0.794496000000	0.882465000000	294.481827600845
1065	3	0.018098000000	0.854364000000	0.891404000000	294.244287699617
1066	0	0.038859800000	0.839319000000	0.781425000000	294.228937329974
1066	1	0.038859800000	0.786986000000	0.829062000000	294.464064465282
1066	2	0.106046000000	0.806259000000	0.774311000000	295.536848454359
1066	3	0.097426000000	0.826188000000	0.823211000000	295.352616627543
1067	0	0.018098000000	0.799530000000	0.848744000000	294.410555603748
1067	1	0.076664200000	0.838733000000	0.842892000000	294.901893256171
1067	2	0.018098000000	0.851863000000	0.801107000000	294.357857339384
1067	3	0.018098000000	0.859398000000	0.857683000000	294.215060690770
1068	0	0.115410000000	0.931732000000	0.766766000000	295.731975719227
1068	1	0.056930800000	0.873489000000	0.766719000000	294.464594859322
1068	2	0.124117000000	0.840429000000	0.759605000000	295.911220838766
1068	3	0.115497000000	0.860358000000	0.808505000000	295.735246739032
1069	0	0.054312500000	0.763948000000	0.840905000000	294.407537350660
1069	1	0.121499000000	0.783221000000	0.786153000000	295.863736890735
1069	2	0.112879000000	0.803151000000	0.835053000000	295.675413313978
1069	3	0.104319000000	0.741730000000	0.831591000000	295.504127002237
1070	0	0.094647900000	0.944276000000	0.786448000000	295.290373924691
1070	1	0.094735200000	0.872903000000	0.828186000000	295.287730887739
1070	2	0.036169000000	0.893568000000	0.842976000000	294.216963973540
1070	3	0.036169000000	0.886033000000	0.786400000000	294.289328554654
1071	0	0.194356000000	0.764874000000	0.780387000000	297.324359893029
1071	1	0.137379000000	0.741949000000	0.817304000000	296.192630272628
1071	2	0.145939000000	0.803369000000	0.820767000000	296.369039303205
1071	3	0.154559000000	0.783440000000	0.771867000000	296.549718625676
1072	0	0.015634100000	0.933622000000	0.892236000000	294.551597123780
1072	1	0.015634100000	0.984330000000	0.944784000000	293.953894679834
1072	2	0.066227300000	0.984330000000	0.893186000000	294.666815642473
1072	3	0.015634100000	0.984330000000	0.870249000000	294.150384084470
1073	0	0.092184100000	0.984330000000	0.802001000000	295.227316639385
1073	1	0.033705100000	0.933622000000	0.858529000000	294.325004012899
1073	2	0.084298300000	0.984330000000	0.859480000000	295.052031661467
1073	3	0.033705100000	0.984330000000	0.836542000000	294.205782607200
1074	0	0.110282000000	0.962275000000	0.804224000000	295.618302477391
1074	1	0.051803100000	0.911566000000	0.860753000000	294.348149739096
1074	2	0.110369000000	0.890901000000	0.845963000000	295.626256676477
1074	3	0.102396000000	0.962275000000	0.861704000000	295.448853703043
1075	0	0.015529900000	0.945827000000	0.983762000000	293.820190836329
1075	1	0.015529900000	0.895118000000	0.931213000000	294.532447564591
1075	2	0.065785800000	0.895762000000	0.983762000000	294.659270292909
1075	3	0.015529900000	0.871291000000	0.983762000000	294.253750976902
1076	0	0.031164100000	0.968860000000	0.967817000000	294.025117844667
1076	1	0.031164100000	0.918151000000	0.915269000000	294.671989548567
1076	2	0.081757200000	0.968860000000	0.916219000000	295.005381124692
1076	3	0.081420000000	0.918795000000	0.967817000000	295.004158413466
1077	0	0.099517900000	0.896739000000	0.947008000000	295.387965725847
1077	1	0.099855200000	0.946804000000	0.895410000000	295.402985960074
1077	2	0.107828000000	0.875430000000	0.879669000000	295.570930878239
1077	3	0.049262000000	0.896096000000	0.894460000000	294.452552490856
1078	0	0.092194100000	0.852397000000	0.895614000000	295.227003620350
1078	1	0.033627900000	0.849235000000	0.962953000000	294.416220649834
1078	2	0.083883800000	0.873707000000	0.962953000000	295.056314765749
1078	3	0.033627900000	0.873063000000	0.910404000000	294.408084464052
1079	0	0.961050000000	0.551403000000	0.018098200000	304.824974261007
1079	1	0.905171000000	0.608658000000	0.076665100000	304.768864897246
1079	2	0.961050000000	0.625939000000	0.018098200000	304.824682296839
1079	3	0.890883000000	0.585956000000	0.018098200000	304.726280604992
1080	0	0.839784000000	0.622379000000	0.031498600000	304.583966196312
1080	1	0.851708000000	0.702309000000	0.031498600000	304.618574826640
1080	2	0.802835000000	0.665749000000	0.074863200000	304.444639051625
1080	3	0.854072000000	0.645082000000	0.090065500000	304.644929368335
1081	0	0.938155000000	0.532774000000	0.035672500000	304.814207145641
1081	1	0.882276000000	0.590029000000	0.094239500000	304.732298054969
1081	2	0.867989000000	0.567326000000	0.035672500000	304.684273478372
1081	3	0.864067000000	0.547023000000	0.092544200000	304.679521287422
1082	0	0.884809000000	0.701262000000	0.018098200000	304.701160664743
1082	1	0.943052000000	0.661316000000	0.018098200000	304.813758928399
1082	2	0.887173000000	0.644035000000	0.076665100000	304.733877460018
1082	3	0.872885000000	0.621333000000	0.018098200000	304.685627979153
1083	0	0.834888000000	0.591406000000	0.049072900000	304.571618571158
1083	1	0.797939000000	0.634775000000	0.092437500000	304.428052252473
1083	2	0.830966000000	0.571102000000	0.105945000000	304.572748051395
1083	3	0.849176000000	0.614108000000	0.107640000000	304.633642576599
1084	0	0.800331000000	0.845680000000	0.018483200000	304.396736647130
1084	1	0.842124000000	0.829914000000	0.078296200000	304.569434051486
1084	2	0.852664000000	0.798043000000	0.018483200000	304.599585296314
1084	3	0.860199000000	0.854619000000	0.018483200000	304.615530170798
1085	0	0.854500000000	0.679630000000	0.108549000000	304.644296950752
1085	1	0.841596000000	0.768729000000	0.109795000000	304.595385063065
1085	2	0.852135000000	0.736857000000	0.049981800000	304.621061202056
1085	3	0.803263000000	0.700297000000	0.093346400000	304.448105643483
1086	0	0.794512000000	0.778540000000	0.138549000000	304.407910970323
1086	1	0.738383000000	0.706753000000	0.167105000000	304.127261010434
1086	2	0.721721000000	0.761106000000	0.141986000000	304.009927527717
1086	3	0.756179000000	0.710108000000	0.122101000000	304.216596810231
1087	0	0.855770000000	0.882636000000	0.093816400000	304.615743614967
1087	1	0.850017000000	0.959889000000	0.034003400000	304.565799368303
1087	2	0.874428000000	0.959889000000	0.084227900000	304.648578758043
1087	3	0.873845000000	0.907341000000	0.034003400000	304.652418306894
1088	0	0.837786000000	0.898874000000	0.112183000000	304.561867311118
1088	1	0.832033000000	0.976127000000	0.052370200000	304.499538993414
1088	2	0.797664000000	0.976127000000	0.111806000000	304.380640481841
1088	3	0.856444000000	0.976127000000	0.102595000000	304.595971592070
1089	0	0.876294000000	0.825882000000	0.078296200000	304.690008306457
1089	1	0.945077000000	0.828599000000	0.018483200000	304.795984727507
1089	2	0.886834000000	0.794011000000	0.018483200000	304.695243597869
1089	3	0.894369000000	0.850587000000	0.018483200000	304.705042599028
1090	0	0.831337000000	0.940889000000	0.018483200000	304.496857619960
1090	1	0.837089000000	0.863635000000	0.078296200000	304.545551024723
1090	2	0.795296000000	0.879401000000	0.018483200000	304.366549807556
1090	3	0.855164000000	0.888340000000	0.018483200000	304.591877211980
1091	0	0.819106000000	0.879874000000	0.096663000000	304.487385875513
1091	1	0.778983000000	0.957127000000	0.096286200000	304.285457153267
1091	2	0.813353000000	0.957127000000	0.036850000000	304.431904534828
1091	3	0.777312000000	0.895640000000	0.036850000000	304.279105742278
1092	0	0.786360000000	0.732702000000	0.075248200000	304.360345693221
1092	1	0.782900000000	0.816899000000	0.031883600000	304.319958825737
1092	2	0.824693000000	0.801134000000	0.091696600000	304.523181725821
1092	3	0.835233000000	0.769262000000	0.031883600000	304.548348816372
1093	0	0.757149000000	0.821361000000	0.051428900000	304.190194533921
1093	1	0.760609000000	0.737164000000	0.094793500000	304.232370172573
1093	2	0.798942000000	0.805595000000	0.111242000000	304.418017987086
1093	3	0.726151000000	0.788161000000	0.114679000000	304.027266804111
1094	0	0.963075000000	0.846262000000	0.034101000000	304.807396149335
1094	1	0.894292000000	0.843545000000	0.093914000000	304.726992426082
1094	2	0.963075000000	0.868830000000	0.084641200000	304.818742907599
1094	3	0.912367000000	0.868249000000	0.034101000000	304.740001398696
1095	0	0.968841000000	0.967703000000	0.031138000000	304.780599445324
1095	1	0.918132000000	0.915154000000	0.031138000000	304.741558461706
1095	2	0.968841000000	0.915736000000	0.081678100000	304.806672405264
1095	3	0.918715000000	0.967703000000	0.081362400000	304.742737992795
1096	0	0.933622000000	0.892122000000	0.015617800000	304.770043723225
1096	1	0.984330000000	0.944670000000	0.015617800000	304.788912792014
1096	2	0.984330000000	0.892703000000	0.066157900000	304.814702684982
1096	3	0.984330000000	0.870135000000	0.015617800000	304.806793367585
1097	0	0.878803000000	0.866577000000	0.109434000000	304.686292035530
1097	1	0.897460000000	0.943830000000	0.099845700000	304.714725328252
1097	2	0.947586000000	0.891863000000	0.100161000000	304.806455565466
1097	3	0.896877000000	0.891282000000	0.049621200000	304.706551533230
1098	0	0.734801000000	0.856988000000	0.065510700000	304.060920711823
1098	1	0.703802000000	0.823788000000	0.128761000000	303.883731636274
1098	2	0.739297000000	0.852904000000	0.147649000000	304.104407073484
1098	3	0.703237000000	0.876401000000	0.132119000000	303.871796849246
1099	0	0.746567000000	0.947735000000	0.123768000000	304.117895336306
1099	1	0.744896000000	0.886248000000	0.064332200000	304.114524730695
1099	2	0.749393000000	0.882163000000	0.146471000000	304.166009407443
1099	3	0.713332000000	0.905661000000	0.130941000000	303.935099451455
1100	0	0.757469000000	0.846117000000	0.063410800000	304.184405137996
1100	1	0.726471000000	0.812917000000	0.126661000000	304.032656200809
1100	2	0.799263000000	0.830351000000	0.123224000000	304.416986883728
1100	3	0.761966000000	0.842033000000	0.145550000000	304.240299385740
1101	0	0.769236000000	0.936864000000	0.121668000000	304.246845191307
1101	1	0.767565000000	0.875377000000	0.062232300000	304.238845467164
1101	2	0.809358000000	0.859611000000	0.122045000000	304.452069014916
1101	3	0.772061000000	0.871292000000	0.144371000000	304.286856161936
1102	0	0.734396000000	0.716846000000	0.187261000000	304.105652852167
1102	1	0.790526000000	0.788633000000	0.158706000000	304.387255069826
1102	2	0.717735000000	0.771199000000	0.162143000000	303.986704561381
1102	3	0.739293000000	0.752862000000	0.207485000000	304.131956042276
1103	0	0.680491000000	0.749198000000	0.215359000000	303.738072748230
1103	1	0.595262000000	0.753585000000	0.216827000000	303.030380340933
1103	2	0.658932000000	0.767535000000	0.170016000000	303.572901380323
1103	3	0.621767000000	0.732709000000	0.170365000000	303.259823361326
1104	0	0.745113000000	0.778656000000	0.205560000000	304.165514554226
1104	1	0.796346000000	0.814426000000	0.156781000000	304.413759980768
1104	2	0.723554000000	0.796992000000	0.160218000000	304.021059670361
1104	3	0.759049000000	0.826107000000	0.179106000000	304.226314794177
1105	0	0.705315000000	0.736713000000	0.208655000000	303.923118768509
1105	1	0.646591000000	0.720223000000	0.163661000000	303.476156099534
1105	2	0.683756000000	0.755049000000	0.163312000000	303.755945746964
1105	3	0.700418000000	0.700696000000	0.188431000000	303.887057826799
1106	0	0.605639000000	0.946772000000	0.172872000000	303.092131924678
1106	1	0.635861000000	0.882047000000	0.235150000000	303.381005595986
1106	2	0.600524000000	0.881322000000	0.171699000000	303.059642372440
1106	3	0.649376000000	0.904698000000	0.170252000000	303.469417824470
1107	0	0.604400000000	0.878489000000	0.249323000000	303.104585357631
1107	1	0.516107000000	0.889627000000	0.230288000000	302.197228741603
1107	2	0.574178000000	0.943214000000	0.187045000000	302.788390057897
1107	3	0.569064000000	0.877765000000	0.185871000000	302.751326303799
1108	0	0.649551000000	0.852787000000	0.233303000000	303.489231089473
1108	1	0.663633000000	0.822825000000	0.165046000000	303.590951723496
1108	2	0.614215000000	0.852063000000	0.169851000000	303.183645422437
1108	3	0.663067000000	0.875439000000	0.168405000000	303.584610398498
1109	0	0.651984000000	0.817517000000	0.259257000000	303.519873263717
1109	1	0.602396000000	0.773605000000	0.237812000000	303.090635796756
1109	2	0.666065000000	0.787555000000	0.191000000000	303.628251053225
1109	3	0.687624000000	0.769219000000	0.236343000000	303.799219691895
1110	0	0.675791000000	0.852750000000	0.237655000000	303.699025598031
1110	1	0.689872000000	0.822788000000	0.169398000000	303.798588116146
1110	2	0.689306000000	0.875401000000	0.172757000000	303.781502773446
1110	3	0.725367000000	0.851903000000	0.188287000000	304.025324330110
1111	0	0.594346000000	0.898714000000	0.269566000000	303.007865310667
1111	1	0.564124000000	0.963439000000	0.207289000000	302.693595387974
1111	2	0.506053000000	0.909852000000	0.250532000000	302.079373739637
1111	3	0.526473000000	0.963439000000	0.271625000000	302.302388740169
1112	0	0.630051000000	0.832218000000	0.246730000000	303.336886682806
1112	1	0.644132000000	0.802256000000	0.178474000000	303.444757457305
1112	2	0.580463000000	0.788306000000	0.225285000000	302.885609577216
1112	3	0.594715000000	0.831493000000	0.183279000000	303.014831299123
1113	0	0.598415000000	0.844919000000	0.261941000000	303.052810779399
1113	1	0.510122000000	0.856056000000	0.242906000000	302.131432880602
1113	2	0.563079000000	0.844194000000	0.198489000000	302.698551244998
1113	3	0.548827000000	0.801007000000	0.240495000000	302.570112655115
1114	0	0.682628000000	0.830825000000	0.250628000000	303.757845509969
1114	1	0.696709000000	0.800863000000	0.182372000000	303.850694049410
1114	2	0.732204000000	0.829978000000	0.201261000000	304.075295638946
1114	3	0.718268000000	0.782527000000	0.227715000000	303.998441687732
1115	0	0.793221000000	0.449996000000	0.245355000000	304.438538655380
1115	1	0.704761000000	0.406244000000	0.259170000000	303.929471820726
1115	2	0.707948000000	0.473731000000	0.289641000000	303.963705433924
1115	3	0.748068000000	0.476506000000	0.238566000000	304.201934575861
1116	0	0.628115000000	0.451969000000	0.310655000000	303.353982596480
1116	1	0.548099000000	0.426672000000	0.277356000000	302.583803609556
1116	2	0.624928000000	0.384482000000	0.280184000000	303.323463808428
1116	3	0.575177000000	0.385883000000	0.316595000000	302.861083391005
1117	0	0.657103000000	0.429794000000	0.325011000000	303.591121782509
1117	1	0.670895000000	0.332736000000	0.338169000000	303.693857671469
1117	2	0.604165000000	0.363708000000	0.330951000000	303.138704515804
1117	3	0.653916000000	0.362306000000	0.294540000000	303.554920585102
1118	0	0.538301000000	0.470875000000	0.259771000000	302.473575956015
1118	1	0.618318000000	0.496172000000	0.293070000000	303.265926468592
1118	2	0.577952000000	0.480692000000	0.227750000000	302.885765579776
1118	3	0.570853000000	0.521124000000	0.276954000000	302.813782505703
1119	0	0.632000000000	0.467607000000	0.288634000000	303.384544775306
1119	1	0.628813000000	0.400120000000	0.258164000000	303.352318695684
1119	2	0.551984000000	0.442310000000	0.255336000000	302.622733939853
1119	3	0.591635000000	0.452127000000	0.223315000000	303.009208620174
1120	0	0.627841000000	0.492054000000	0.203651000000	303.332546189742
1120	1	0.668207000000	0.507534000000	0.268971000000	303.674621819353
1120	2	0.708327000000	0.510309000000	0.217896000000	303.952162445747
1120	3	0.662051000000	0.541179000000	0.192644000000	303.617907167517
1121	0	0.641142000000	0.514387000000	0.279773000000	303.450420671232
1121	1	0.634987000000	0.548032000000	0.203446000000	303.392621009060
1121	2	0.600776000000	0.498907000000	0.214454000000	303.093321221147
1121	3	0.593678000000	0.539338000000	0.263657000000	303.029204047746
1122	0	0.709244000000	0.479057000000	0.232066000000	303.964630972404
1122	1	0.628759000000	0.460802000000	0.217821000000	303.345863914058
1122	2	0.665937000000	0.408795000000	0.252671000000	303.653048786510
1122	3	0.669124000000	0.476282000000	0.283141000000	303.683884228017
1123	0	0.678720000000	0.562587000000	0.207137000000	303.747846931125
1123	1	0.684875000000	0.528941000000	0.283464000000	303.798542293272
1123	2	0.724995000000	0.531716000000	0.232389000000	304.067153986506
1123	3	0.698449000000	0.582736000000	0.265044000000	303.893915214282
1124	0	0.731974000000	0.554612000000	0.214295000000	304.110480487818
1124	1	0.685699000000	0.585482000000	0.189043000000	303.789921102520
1124	2	0.705428000000	0.605631000000	0.246951000000	303.938619199011
1124	3	0.714439000000	0.625928000000	0.206818000000	303.990084070577
1125	0	0.657810000000	0.535794000000	0.294267000000	303.593163917135
1125	1	0.651655000000	0.569439000000	0.217939000000	303.531493258567
1125	2	0.610346000000	0.560745000000	0.278150000000	303.189480536091
1125	3	0.671384000000	0.589588000000	0.275847000000	303.698442644953
1126	0	0.636851000000	0.590203000000	0.211964000000	303.408471718312
1126	1	0.656580000000	0.610352000000	0.269871000000	303.582633895256
1126	2	0.595101000000	0.623750000000	0.268953000000	303.045875368917
1126	3	0.595542000000	0.581509000000	0.272174000000	303.048403169909
1127	0	0.616747000000	0.638935000000	0.255839000000	303.233469572082
1127	1	0.658497000000	0.605388000000	0.198850000000	303.589434395798
1127	2	0.687238000000	0.645834000000	0.216625000000	303.800059730323
1127	3	0.678226000000	0.625537000000	0.256758000000	303.742744017571
1128	0	0.173156000000	0.704602000000	0.591583000000	296.922074401964
1128	1	0.191295000000	0.788576000000	0.608790000000	297.270315696550
1128	2	0.199250000000	0.697385000000	0.654475000000	297.423201474349
1128	3	0.246233000000	0.734366000000	0.628318000000	298.289387306774
1129	0	0.193137000000	0.805734000000	0.634301000000	297.304879933804
1129	1	0.201092000000	0.714542000000	0.679987000000	297.459709301438
1129	2	0.248075000000	0.751524000000	0.653830000000	298.320423769174
1129	3	0.180959000000	0.777283000000	0.699651000000	297.070307530562
1130	0	0.298794000000	0.759063000000	0.506267000000	299.203111691456
1130	1	0.227206000000	0.801759000000	0.566801000000	297.949559060494
1130	2	0.261643000000	0.711950000000	0.519933000000	298.569458267509
1130	3	0.282144000000	0.747549000000	0.586329000000	298.920330683798
1131	0	0.199478000000	0.789003000000	0.580189000000	297.423412167002
1131	1	0.233916000000	0.699194000000	0.533322000000	298.076011089887
1131	2	0.254416000000	0.734793000000	0.599718000000	298.434750712973
1131	3	0.181339000000	0.705029000000	0.562982000000	297.078078177055
1132	0	0.256610000000	0.736995000000	0.676657000000	298.471579292814
1132	1	0.189493000000	0.762754000000	0.722478000000	297.236602581939
1132	2	0.209627000000	0.700014000000	0.702814000000	297.618042350952
1132	3	0.229291000000	0.744189000000	0.730998000000	297.983086734517
1133	0	0.190360000000	0.674838000000	0.596253000000	297.251679198852
1133	1	0.263437000000	0.704602000000	0.632988000000	298.597899877989
1133	2	0.216454000000	0.667621000000	0.659145000000	297.746651653250
1133	3	0.264174000000	0.662495000000	0.628572000000	298.615070816271
1134	0	0.271621000000	0.705030000000	0.604388000000	298.735681501561
1134	1	0.198544000000	0.675266000000	0.567652000000	297.410163620322
1134	2	0.251120000000	0.669431000000	0.537992000000	298.384888569822
1134	3	0.272357000000	0.662923000000	0.599971000000	298.756755094858
1135	0	0.483142000000	0.459239000000	0.302483000000	301.837321314185
1135	1	0.507086000000	0.467657000000	0.372463000000	302.136769695438
1135	2	0.472567000000	0.508347000000	0.357160000000	301.719413539851
1135	3	0.443491000000	0.449422000000	0.334504000000	301.350557494933
1136	0	0.613464000000	0.495740000000	0.324590000000	303.222786528271
1136	1	0.533448000000	0.470443000000	0.291292000000	302.424669557702
1136	2	0.557392000000	0.478860000000	0.361271000000	302.683430931975
1136	3	0.566000000000	0.520692000000	0.308474000000	302.764965237024
1137	0	0.611772000000	0.467607000000	0.331406000000	303.206827781294
1137	1	0.531756000000	0.442311000000	0.298107000000	302.406817323066
1137	2	0.558835000000	0.401522000000	0.337346000000	302.696375815707
1137	3	0.555700000000	0.450728000000	0.368087000000	302.668590873789
1138	0	0.455126000000	0.421642000000	0.329734000000	301.503892477677
1138	1	0.518721000000	0.439877000000	0.367692000000	302.270761783294
1138	2	0.521855000000	0.390671000000	0.336952000000	302.296855474009
1138	3	0.494777000000	0.431460000000	0.297713000000	301.978638953155
1139	0	0.446912000000	0.411545000000	0.357990000000	301.392941346230
1139	1	0.459982000000	0.388688000000	0.417409000000	301.564697415231
1139	2	0.513641000000	0.380574000000	0.365208000000	302.204338590939
1139	3	0.510507000000	0.429780000000	0.395949000000	302.172785281788
1140	0	0.464353000000	0.498250000000	0.385417000000	301.620488986926
1140	1	0.448347000000	0.416468000000	0.422179000000	301.418605205441
1140	2	0.435277000000	0.439325000000	0.362761000000	301.241529607155
1140	3	0.498872000000	0.457560000000	0.400719000000	302.039472757936
1141	0	0.505454000000	0.477801000000	0.297898000000	302.110641872290
1141	1	0.529398000000	0.486218000000	0.367878000000	302.384989696116
1141	2	0.538006000000	0.528050000000	0.315080000000	302.476804141446
1141	3	0.494879000000	0.526909000000	0.352575000000	301.993656530557
1142	0	0.385530000000	0.411994000000	0.490632000000	300.556848946142
1142	1	0.358277000000	0.504703000000	0.508967000000	300.150943994428
1142	2	0.303583000000	0.452784000000	0.525412000000	299.277794780864
1142	3	0.344909000000	0.409747000000	0.541396000000	299.949452667445
1143	0	0.412754000000	0.565083000000	0.391969000000	300.940167066565
1143	1	0.369494000000	0.576010000000	0.447067000000	300.318072701648
1143	2	0.351299000000	0.605189000000	0.384144000000	300.041992547620
1143	3	0.339924000000	0.548927000000	0.395312000000	299.868372665285
1144	0	0.385379000000	0.606232000000	0.443313000000	300.557028402237
1144	1	0.407214000000	0.676951000000	0.379411000000	300.855240899051
1144	2	0.428639000000	0.595305000000	0.388216000000	301.160278861993
1144	3	0.367184000000	0.635411000000	0.380390000000	300.279769325685
1145	0	0.426798000000	0.527417000000	0.405748000000	301.128231821560
1145	1	0.410792000000	0.445635000000	0.442510000000	300.914950074989
1145	2	0.383539000000	0.538344000000	0.460845000000	300.528430381225
1145	3	0.353968000000	0.511262000000	0.409091000000	300.083673903615
1146	0	0.270653000000	0.610447000000	0.513739000000	298.727528367188
1146	1	0.268022000000	0.522796000000	0.534823000000	298.679941131460
1146	2	0.322716000000	0.574715000000	0.518379000000	299.590277938786
1146	3	0.273589000000	0.577880000000	0.567567000000	298.780126641223
1147	0	0.310468000000	0.563346000000	0.410904000000	299.397754679119
1147	1	0.287974000000	0.626161000000	0.458020000000	299.024841721328
1147	2	0.340038000000	0.590428000000	0.462659000000	299.860301352625
1147	3	0.321842000000	0.619607000000	0.399736000000	299.583452987375
1148	0	0.344568000000	0.624398000000	0.472996000000	299.937420656720
1148	1	0.329655000000	0.707243000000	0.454690000000	299.696711129992
1148	2	0.326372000000	0.653577000000	0.410073000000	299.652270306762
1148	3	0.292504000000	0.660130000000	0.468356000000	299.099726018000
1149	0	0.380523000000	0.432968000000	0.464618000000	300.480143582677
1149	1	0.298576000000	0.473758000000	0.499398000000	299.197471516839
1149	2	0.353270000000	0.525677000000	0.482953000000	300.075862464301
1149	3	0.323699000000	0.498595000000	0.431198000000	299.614228568567
1150	0	0.276696000000	0.601100000000	0.482546000000	298.833633099940
1150	1	0.274066000000	0.513449000000	0.503630000000	298.785502196186
1150	2	0.299189000000	0.538285000000	0.435430000000	299.209022332040
1150	3	0.328760000000	0.565367000000	0.487185000000	299.688251363130
1151	0	0.367403000000	0.635209000000	0.454683000000	300.283469817570
1151	1	0.352490000000	0.718055000000	0.436377000000	300.055560823916
1151	2	0.389238000000	0.705928000000	0.390781000000	300.602105029016
1151	3	0.349208000000	0.664388000000	0.391760000000	300.008874390776
1152	0	0.278028000000	0.635522000000	0.526376000000	298.859694729259
1152	1	0.330092000000	0.599789000000	0.531016000000	299.709683599947
1152	2	0.299265000000	0.629013000000	0.588356000000	299.211902816353
1152	3	0.280964000000	0.602955000000	0.580204000000	298.904536714912
1153	0	0.459045000000	0.425169000000	0.447755000000	301.558228877241
1153	1	0.475051000000	0.506951000000	0.410993000000	301.755398942763
1153	2	0.480592000000	0.476184000000	0.471103000000	301.814448339235
1153	3	0.509570000000	0.466261000000	0.426295000000	302.168798211695
1154	0	0.390258000000	0.507862000000	0.505435000000	300.624889848392
1154	1	0.376891000000	0.412907000000	0.537864000000	300.433700962644
1154	2	0.417511000000	0.415153000000	0.487100000000	301.010233502374
1154	3	0.439059000000	0.466169000000	0.510447000000	301.295375959113
1155	0	0.407757000000	0.533829000000	0.478388000000	300.875329404916
1155	1	0.435010000000	0.441120000000	0.460052000000	301.239314095689
1155	2	0.451016000000	0.522902000000	0.423290000000	301.451130560535
1155	3	0.456558000000	0.492135000000	0.483400000000	301.512302654414
1156	0	0.351692000000	0.627256000000	0.501095000000	300.049489875040
1156	1	0.336779000000	0.710102000000	0.482789000000	299.808593439508
1156	2	0.299629000000	0.662989000000	0.496455000000	299.213503057098
1156	3	0.356553000000	0.665686000000	0.529103000000	300.124787267308
1157	0	0.327026000000	0.732145000000	0.501873000000	299.657642683148
1157	1	0.310376000000	0.720630000000	0.581935000000	299.393495387773
1157	2	0.289875000000	0.685031000000	0.515539000000	299.057621248852
1157	3	0.346799000000	0.687729000000	0.548187000000	299.969488988042
1158	0	0.294711000000	0.646419000000	0.519831000000	299.135925037048
1158	1	0.315949000000	0.639911000000	0.581811000000	299.486986221776
1158	2	0.346775000000	0.610686000000	0.524471000000	299.968928228496
1158	3	0.351635000000	0.649117000000	0.552479000000	300.046956345672
1159	0	0.305458000000	0.704060000000	0.605311000000	299.314325630385
1159	1	0.284958000000	0.668461000000	0.538915000000	298.970913040302
1159	2	0.341882000000	0.671159000000	0.571562000000	299.896468499789
1159	3	0.306195000000	0.661953000000	0.600894000000	299.328641202073
1160	0	0.648528000000	0.805577000000	0.284139000000	303.501155437804
1160	1	0.598940000000	0.761665000000	0.262693000000	303.069343210114
1160	2	0.684169000000	0.757279000000	0.261225000000	303.779930266619
1160	3	0.651428000000	0.736976000000	0.296401000000	303.528992392286
1161	0	0.618312000000	0.720768000000	0.195246000000	303.237752399629
1161	1	0.677036000000	0.737258000000	0.240240000000	303.727050388672
1161	2	0.591807000000	0.741645000000	0.241709000000	303.001814360231
1161	3	0.644295000000	0.716955000000	0.275417000000	303.472402430760
1162	0	0.595016000000	0.707507000000	0.201115000000	303.036306828908
1162	1	0.620999000000	0.703694000000	0.281285000000	303.277337979336
1162	2	0.568511000000	0.728383000000	0.247577000000	302.777387148351
1162	3	0.578352000000	0.681081000000	0.265099000000	302.883899283017
1163	0	0.617024000000	0.656289000000	0.278452000000	303.242416026365
1163	1	0.687515000000	0.663188000000	0.239237000000	303.805027889254
1163	2	0.659671000000	0.678902000000	0.294638000000	303.603965688336
1163	3	0.678504000000	0.642892000000	0.279370000000	303.747214620498
1164	0	0.673666000000	0.675495000000	0.219181000000	303.706428478631
1164	1	0.619840000000	0.695022000000	0.194411000000	303.253048240791
1164	2	0.603176000000	0.668596000000	0.258395000000	303.109621730546
1164	3	0.645823000000	0.691208000000	0.274582000000	303.489981709516
1165	0	0.715708000000	0.712467000000	0.253593000000	303.997092322483
1165	1	0.682967000000	0.692164000000	0.288769000000	303.775726713782
1165	2	0.710811000000	0.676450000000	0.233369000000	303.964939006214
1165	3	0.701800000000	0.656153000000	0.273502000000	303.915467141363
1166	0	0.669119000000	0.704470000000	0.268713000000	303.668759062844
1166	1	0.643136000000	0.708283000000	0.188543000000	303.447919327185
1166	2	0.701860000000	0.724773000000	0.233537000000	303.902459624636
1166	3	0.696963000000	0.688756000000	0.213313000000	303.864953739764
1167	0	0.662832000000	0.636757000000	0.303195000000	303.630788532634
1167	1	0.601353000000	0.650155000000	0.302277000000	303.103106502298
1167	2	0.621131000000	0.637201000000	0.340162000000	303.287709707414
1167	3	0.644000000000	0.672767000000	0.318463000000	303.482086874164
1168	0	0.588752000000	0.587873000000	0.301492000000	302.990950454212
1168	1	0.649790000000	0.616716000000	0.299189000000	303.528299784659
1168	2	0.588311000000	0.630114000000	0.298270000000	302.984679179264
1168	3	0.608088000000	0.617160000000	0.336155000000	303.169047623183
1169	0	0.651020000000	0.542157000000	0.323584000000	303.544039412194
1169	1	0.664594000000	0.595952000000	0.305165000000	303.649020683504
1169	2	0.603556000000	0.567109000000	0.307468000000	303.126730466701
1169	3	0.622892000000	0.596396000000	0.342131000000	303.304375992808
1170	0	0.575900000000	0.607894000000	0.348453000000	302.867472867037
1170	1	0.513437000000	0.577466000000	0.351285000000	302.208773893181
1170	2	0.556122000000	0.620848000000	0.310568000000	302.668226234213
1170	3	0.556563000000	0.578607000000	0.313790000000	302.669412872491
1171	0	0.414417000000	0.328974000000	0.559250000000	300.959533355676
1171	1	0.405030000000	0.352483000000	0.498990000000	300.832980566316
1171	2	0.349546000000	0.316910000000	0.518891000000	300.016324466986
1171	3	0.364409000000	0.350236000000	0.549754000000	300.243076186130
1172	0	0.388213000000	0.376993000000	0.550819000000	300.595634667651
1172	1	0.450381000000	0.430255000000	0.523403000000	301.440649783899
1172	2	0.438221000000	0.355731000000	0.560315000000	301.286314881314
1172	3	0.428834000000	0.379240000000	0.500055000000	301.163008105532
1173	0	0.367908000000	0.278274000000	0.517425000000	300.294006137105
1173	1	0.432778000000	0.290338000000	0.557784000000	301.207728978369
1173	2	0.419991000000	0.231262000000	0.527675000000	301.023136270409
1173	3	0.445589000000	0.269156000000	0.513394000000	301.369078277666
1174	0	0.464977000000	0.274519000000	0.563873000000	301.620384075176
1174	1	0.504305000000	0.211265000000	0.543217000000	302.095617835792
1174	2	0.452190000000	0.215444000000	0.533764000000	301.449766812506
1174	3	0.477788000000	0.253337000000	0.519483000000	301.782351759483
1175	0	0.433829000000	0.315858000000	0.548467000000	301.223955074655
1175	1	0.368958000000	0.303794000000	0.508108000000	300.311334806287
1175	2	0.424442000000	0.339367000000	0.488207000000	301.098624803731
1175	3	0.446640000000	0.294676000000	0.504077000000	301.387143358515
1176	0	0.410469000000	0.272675000000	0.571844000000	300.904475043750
1176	1	0.351085000000	0.194332000000	0.572953000000	300.029398182738
1176	2	0.345598000000	0.260611000000	0.531485000000	299.954824546439
1176	3	0.397681000000	0.213599000000	0.541735000000	300.718717864888
1177	0	0.426324000000	0.123127000000	0.653914000000	301.099215624290
1177	1	0.416626000000	0.044235700000	0.596181000000	300.953569570303
1177	2	0.355468000000	0.044235700000	0.653840000000	300.077941795813
1177	3	0.358248000000	0.108495000000	0.614465000000	300.125613793311
1178	0	0.495221000000	0.143904000000	0.641731000000	301.967388634575
1178	1	0.485523000000	0.065013400000	0.583998000000	301.838585385706
1178	2	0.525856000000	0.144361000000	0.580517000000	302.317264481527
1178	3	0.548608000000	0.117163000000	0.623997000000	302.565533373756
1179	0	0.490764000000	0.119384000000	0.663418000000	301.913083075629
1179	1	0.481066000000	0.040493600000	0.605685000000	301.785838304545
1179	2	0.544151000000	0.092643000000	0.645684000000	302.516264400688
1179	3	0.506977000000	0.040493600000	0.672385000000	302.087466964294
1180	0	0.452371000000	0.103269000000	0.668876000000	301.437012477315
1180	1	0.381514000000	0.024378600000	0.668801000000	300.449456268027
1180	2	0.442673000000	0.024378600000	0.611142000000	301.298921215411
1180	3	0.468583000000	0.024378600000	0.677842000000	301.631522954918
1181	0	0.346734000000	0.063773800000	0.684370000000	299.939358226085
1181	1	0.417590000000	0.142665000000	0.684444000000	300.983593674679
1181	2	0.349514000000	0.128033000000	0.644995000000	299.992129586090
1181	3	0.379628000000	0.127000000000	0.725508000000	300.437661747243
1182	0	0.372780000000	0.043916700000	0.699331000000	300.326016108752
1182	1	0.459849000000	0.043916700000	0.708372000000	301.523807376790
1182	2	0.443637000000	0.122808000000	0.699406000000	301.324145308407
1182	3	0.405675000000	0.107143000000	0.740469000000	300.811807153319
1183	0	0.373817000000	0.178372000000	0.597958000000	300.368347934152
1183	1	0.433201000000	0.256715000000	0.596849000000	301.191054472569
1183	2	0.441893000000	0.193004000000	0.637407000000	301.312259039261
1183	3	0.420414000000	0.197639000000	0.566740000000	301.031260582196
1184	0	0.441582000000	0.148938000000	0.632100000000	301.306837287988
1184	1	0.431884000000	0.070046700000	0.574366000000	301.167536409327
1184	2	0.373507000000	0.134306000000	0.592650000000	300.358369161615
1184	3	0.420103000000	0.153573000000	0.561432000000	301.023759885102
1185	0	0.472086000000	0.153600000000	0.625374000000	301.695518121039
1185	1	0.462388000000	0.074709300000	0.567640000000	301.554352174917
1185	2	0.450606000000	0.158235000000	0.554707000000	301.425907414883
1185	3	0.502721000000	0.154057000000	0.564160000000	302.055099155218
1186	0	0.472397000000	0.197667000000	0.630681000000	301.700133276344
1186	1	0.463704000000	0.261377000000	0.590123000000	301.595941787930
1186	2	0.503032000000	0.198123000000	0.569467000000	302.077812914084
1186	3	0.450917000000	0.202302000000	0.560014000000	301.425761844021
1187	0	0.343249000000	0.233222000000	0.735320000000	299.898682214626
1187	1	0.317587000000	0.199055000000	0.802253000000	299.489920092440
1187	2	0.303640000000	0.170313000000	0.746928000000	299.266167175653
1187	3	0.355677000000	0.169995000000	0.768916000000	300.083120825723
1188	0	0.424267000000	0.269980000000	0.620994000000	301.083115032168
1188	1	0.364884000000	0.191637000000	0.622103000000	300.241055288562
1188	2	0.432960000000	0.206269000000	0.661553000000	301.194155296479
1188	3	0.382570000000	0.253832000000	0.669021000000	300.494117021562
1189	0	0.295536000000	0.294456000000	0.694698000000	299.141594071097
1189	1	0.214962000000	0.285384000000	0.719918000000	297.718939155576
1189	2	0.236298000000	0.340629000000	0.687397000000	298.108379915482
1189	3	0.228098000000	0.295211000000	0.657459000000	297.963352176151
1190	0	0.345714000000	0.224561000000	0.700139000000	299.941758388985
1190	1	0.328028000000	0.162367000000	0.653220000000	299.657769698431
1190	2	0.358142000000	0.161334000000	0.733734000000	300.124663116174
1190	3	0.306105000000	0.161652000000	0.711746000000	299.305842200003
1191	0	0.233937000000	0.240885000000	0.757952000000	298.065762005802
1191	1	0.314511000000	0.249957000000	0.732732000000	299.444831328061
1191	2	0.288848000000	0.215790000000	0.799665000000	299.019401957053
1191	3	0.274901000000	0.187048000000	0.744340000000	298.781363951091
1192	0	0.261992000000	0.197839000000	0.712149000000	298.558894006964
1192	1	0.301601000000	0.260748000000	0.700541000000	299.238178264630
1192	2	0.234163000000	0.261503000000	0.663302000000	298.074046106052
1192	3	0.221028000000	0.251676000000	0.725761000000	297.826103343377
1193	0	0.355839000000	0.167109000000	0.647326000000	300.094760953776
1193	1	0.373525000000	0.229303000000	0.694244000000	300.364280482502
1193	2	0.385953000000	0.166077000000	0.727839000000	300.529208965729
1193	3	0.423915000000	0.181741000000	0.686775000000	301.073701064536
1194	0	0.308427000000	0.202840000000	0.600432000000	299.357611793741
1194	1	0.326114000000	0.265035000000	0.647350000000	299.640822112903
1194	2	0.302940000000	0.269119000000	0.558964000000	299.263802282395
1194	3	0.258676000000	0.265790000000	0.610110000000	298.509450852338
1195	0	0.336665000000	0.273876000000	0.555630000000	299.811200443154
1195	1	0.342152000000	0.207597000000	0.597098000000	299.889864958857
1195	2	0.401535000000	0.285940000000	0.595989000000	300.777869206216
1195	3	0.359838000000	0.269791000000	0.644016000000	300.159825703247
1196	0	0.339562000000	0.304656000000	0.552353000000	299.858777029570
1196	1	0.362735000000	0.300571000000	0.640739000000	300.209681557655
1196	2	0.404432000000	0.316719000000	0.592712000000	300.817513721303
1196	3	0.354425000000	0.337981000000	0.583216000000	300.089524628223
1197	0	0.261573000000	0.296569000000	0.606833000000	298.564224258760
1197	1	0.329011000000	0.295814000000	0.644073000000	299.692844864583
1197	2	0.305837000000	0.299899000000	0.555687000000	299.317987334835
1197	3	0.320700000000	0.333225000000	0.586550000000	299.558820547228
1198	0	0.317866000000	0.308820000000	0.669129000000	299.511309807278
1198	1	0.309556000000	0.346230000000	0.611607000000	299.376103106638
1198	2	0.250429000000	0.309575000000	0.631890000000	298.366228148848
1198	3	0.258629000000	0.354992000000	0.661829000000	298.514693269314
1199	0	0.321035000000	0.244332000000	0.678250000000	299.550504111843
1199	1	0.253597000000	0.245088000000	0.641010000000	298.421036605229
1199	2	0.303348000000	0.182138000000	0.631331000000	299.267859197552
1199	3	0.281425000000	0.181424000000	0.689857000000	298.897795365639
1200	0	0.240018000000	0.273191000000	0.763578000000	298.173088963638
1200	1	0.294928000000	0.248097000000	0.805291000000	299.127993265672
1200	2	0.320591000000	0.282263000000	0.738359000000	299.548456900691
1200	3	0.300659000000	0.323900000000	0.768175000000	299.223850282842
1201	0	0.263429000000	0.365753000000	0.756374000000	298.594777827692
1201	1	0.202787000000	0.315045000000	0.751778000000	297.492131045205
1201	2	0.196456000000	0.379219000000	0.762604000000	297.374360027879
1201	3	0.224123000000	0.370289000000	0.719257000000	297.896594863823
1202	0	0.229642000000	0.298018000000	0.740639000000	297.989367513844
1202	1	0.310216000000	0.307089000000	0.715419000000	299.388478154161
1202	2	0.250978000000	0.353262000000	0.708119000000	298.379659222581
1202	3	0.290284000000	0.348726000000	0.745235000000	299.057775462979
1203	0	0.209590000000	0.410165000000	0.764136000000	297.625481030649
1203	1	0.258424000000	0.446137000000	0.758270000000	298.504678101449
1203	2	0.276563000000	0.396700000000	0.757907000000	298.818843540361
1203	3	0.237257000000	0.401236000000	0.720790000000	298.129604471966
1204	0	0.324236000000	0.358864000000	0.632328000000	299.615028330844
1204	1	0.273309000000	0.367625000000	0.682550000000	298.770824595393
1204	2	0.332547000000	0.321453000000	0.689851000000	299.744176717077
1204	3	0.312614000000	0.363090000000	0.719666000000	299.427257779000
1205	0	0.158774000000	0.444977000000	0.869400000000	296.631626981710
1205	1	0.150952000000	0.362384000000	0.863885000000	296.471417737917
1205	2	0.166940000000	0.401578000000	0.822782000000	296.794216136440
1205	3	0.196547000000	0.383158000000	0.869400000000	297.359672851463
1206	0	0.178805000000	0.468204000000	0.854886000000	297.028076650368
1206	1	0.235805000000	0.460776000000	0.802401000000	298.092381128267
1206	2	0.216578000000	0.406385000000	0.854886000000	297.742030914336
1206	3	0.186971000000	0.424805000000	0.808268000000	297.191046863659
1207	0	0.196675000000	0.276576000000	0.803749000000	297.372074564046
1207	1	0.251586000000	0.251482000000	0.845462000000	298.378314033588
1207	2	0.219951000000	0.322331000000	0.861193000000	297.805382994731
1207	3	0.174356000000	0.301557000000	0.855679000000	296.940457160098
1208	0	0.151483000000	0.295589000000	0.966652000000	296.472663354685
1208	1	0.158568000000	0.372714000000	0.966652000000	296.618070230172
1208	2	0.193555000000	0.349115000000	0.915450000000	297.294871832085
1208	3	0.147960000000	0.328341000000	0.909935000000	296.414020816997
1209	0	0.259024000000	0.443204000000	0.786070000000	298.515173608944
1209	1	0.239797000000	0.388813000000	0.838555000000	298.171757941989
1209	2	0.210190000000	0.407233000000	0.791937000000	297.630910782533
1209	3	0.277162000000	0.393767000000	0.785707000000	298.822583740032
1210	0	0.264028000000	0.362821000000	0.784174000000	298.600657149936
1210	1	0.203387000000	0.312112000000	0.779578000000	297.502675988848
1210	2	0.226663000000	0.357867000000	0.837022000000	297.928176401830
1210	3	0.197056000000	0.376286000000	0.790404000000	297.387353796881
1211	0	0.177751000000	0.304162000000	0.794205000000	297.008352426898
1211	1	0.201026000000	0.349916000000	0.851649000000	297.451457321891
1211	2	0.171419000000	0.368336000000	0.805031000000	296.883102526678
1211	3	0.155431000000	0.329142000000	0.846134000000	296.562278573317
1212	0	0.245778000000	0.249080000000	0.879036000000	298.268538069105
1212	1	0.172071000000	0.266403000000	0.945968000000	296.882744111406
1212	2	0.214143000000	0.319929000000	0.894767000000	297.688678958916
1212	3	0.168548000000	0.299155000000	0.889252000000	296.822688988361
1213	0	0.222312000000	0.284527000000	0.789123000000	297.844695500868
1213	1	0.277222000000	0.259432000000	0.830836000000	298.821850796836
1213	2	0.282953000000	0.335235000000	0.793719000000	298.930839474398
1213	3	0.245587000000	0.330281000000	0.846567000000	298.272403169006
1214	0	0.149289000000	0.363984000000	0.894113000000	296.442318315498
1214	1	0.157112000000	0.446577000000	0.899628000000	296.599265323978
1214	2	0.159896000000	0.408357000000	0.950829000000	296.647834527072
1214	3	0.194884000000	0.384758000000	0.899628000000	297.326792691403
1215	0	0.578697000000	0.537541000000	0.334719000000	302.900957527456
1215	1	0.626161000000	0.512589000000	0.350836000000	303.336288961376
1215	2	0.587234000000	0.541820000000	0.402469000000	302.984844698791
1215	3	0.570089000000	0.495710000000	0.387517000000	302.815648096117
1216	0	0.559240000000	0.549178000000	0.409075000000	302.707014018506
1216	1	0.550703000000	0.544899000000	0.341325000000	302.615197396753
1216	2	0.542095000000	0.503068000000	0.394123000000	302.523898493191
1216	3	0.507577000000	0.543758000000	0.378820000000	302.134005481740
1217	0	0.501503000000	0.503131000000	0.469092000000	302.077662450614
1217	1	0.495962000000	0.533898000000	0.408982000000	302.008009634223
1217	2	0.547626000000	0.539317000000	0.439237000000	302.584451806116
1217	3	0.530481000000	0.493208000000	0.424285000000	302.397578199678
1218	0	0.595870000000	0.563796000000	0.396865000000	303.066415534848
1218	1	0.634796000000	0.534566000000	0.345232000000	303.410102411834
1218	2	0.587332000000	0.559518000000	0.329115000000	302.985634345404
1218	3	0.606668000000	0.588805000000	0.363779000000	303.165243273145
1219	0	0.559338000000	0.566876000000	0.335722000000	302.701576383024
1219	1	0.516212000000	0.565735000000	0.373216000000	302.235810251324
1219	2	0.567876000000	0.571154000000	0.403472000000	302.788157436506
1219	3	0.578674000000	0.596163000000	0.370385000000	302.899156674330
1220	0	0.616246000000	0.326060000000	0.465719000000	303.250577777090
1220	1	0.589555000000	0.326542000000	0.384058000000	302.998104419314
1220	2	0.656284000000	0.295570000000	0.391276000000	303.579915673915
1220	3	0.618273000000	0.271436000000	0.431904000000	303.262869557740
1221	0	0.478928000000	0.397240000000	0.468219000000	301.801867143471
1221	1	0.559278000000	0.388644000000	0.497680000000	302.706830403716
1221	2	0.529453000000	0.438332000000	0.446760000000	302.393518950319
1221	3	0.500476000000	0.448256000000	0.491567000000	302.062348394083
1222	0	0.533756000000	0.344346000000	0.404209000000	302.436189849243
1222	1	0.560447000000	0.343863000000	0.485870000000	302.715622270665
1222	2	0.480097000000	0.352460000000	0.456409000000	301.816306398996
1222	3	0.502295000000	0.307769000000	0.472279000000	302.076662360064
1223	0	0.546566000000	0.368681000000	0.522933000000	302.574050423203
1223	1	0.475603000000	0.353769000000	0.553732000000	301.759594383737
1223	2	0.487763000000	0.428293000000	0.516819000000	301.908971177263
1223	3	0.466216000000	0.377278000000	0.493472000000	301.646022715988
1224	0	0.559212000000	0.324810000000	0.402863000000	302.701082498989
1224	1	0.585903000000	0.324328000000	0.484524000000	302.957334174297
1224	2	0.527751000000	0.288233000000	0.470933000000	302.362954499220
1224	3	0.587930000000	0.269704000000	0.450708000000	302.979041248380
1225	0	0.561820000000	0.312295000000	0.532860000000	302.730165367541
1225	1	0.530185000000	0.234129000000	0.543003000000	302.375894194179
1225	2	0.490857000000	0.297383000000	0.563659000000	301.936876543071
1225	3	0.503668000000	0.276200000000	0.519270000000	302.086196326245
1226	0	0.584375000000	0.300024000000	0.512893000000	302.946685864635
1226	1	0.552740000000	0.221858000000	0.523036000000	302.622387231534
1226	2	0.526223000000	0.263929000000	0.499302000000	302.339498323941
1226	3	0.586402000000	0.245401000000	0.479077000000	302.963931264422
1227	0	0.466417000000	0.347703000000	0.491161000000	301.643449306421
1227	1	0.546767000000	0.339106000000	0.520622000000	302.578249222490
1227	2	0.475804000000	0.324194000000	0.551421000000	301.757581314797
1227	3	0.488614000000	0.303012000000	0.507031000000	301.909607520752
1228	0	0.488851000000	0.378968000000	0.444874000000	301.919984916496
1228	1	0.569201000000	0.370372000000	0.474334000000	302.804249649545
1228	2	0.542510000000	0.370854000000	0.392673000000	302.529596111713
1228	3	0.539376000000	0.420060000000	0.423414000000	302.500875463978
1229	0	0.681582000000	0.290813000000	0.410335000000	303.772713809436
1229	1	0.641543000000	0.321303000000	0.484778000000	303.466588547518
1229	2	0.643570000000	0.266679000000	0.450962000000	303.475585556757
1229	3	0.696716000000	0.306391000000	0.464792000000	303.881951192107
1230	0	0.719266000000	0.277342000000	0.445433000000	304.030537232236
1230	1	0.737067000000	0.198253000000	0.402772000000	304.129229402161
1230	2	0.666120000000	0.237631000000	0.431603000000	303.652546661620
1230	3	0.704132000000	0.261765000000	0.390976000000	303.929778125671
1231	0	0.745461000000	0.276462000000	0.429844000000	304.192160421421
1231	1	0.763262000000	0.197373000000	0.387183000000	304.277017344835
1231	2	0.730326000000	0.260885000000	0.375387000000	304.096898817096
1231	3	0.777082000000	0.233903000000	0.365567000000	304.356608085630
1232	0	0.675908000000	0.190761000000	0.524714000000	303.714531514723
1232	1	0.593147000000	0.179546000000	0.523942000000	303.024199259874
1232	2	0.626810000000	0.203089000000	0.479983000000	303.325860774161
1232	3	0.646266000000	0.151643000000	0.492222000000	303.487178464110
1233	0	0.644969000000	0.310036000000	0.511155000000	303.493273068081
1233	1	0.696094000000	0.243085000000	0.522071000000	303.877570881112
1233	2	0.646996000000	0.255412000000	0.477340000000	303.509065787872
1233	3	0.700142000000	0.295124000000	0.491170000000	303.904427483161
1234	0	0.618144000000	0.290489000000	0.520466000000	303.261242158198
1234	1	0.669269000000	0.223538000000	0.531381000000	303.670016442780
1234	2	0.586509000000	0.212323000000	0.530609000000	302.965644663574
1234	3	0.620171000000	0.235866000000	0.486650000000	303.275257104289
1235	0	0.612527000000	0.136667000000	0.594442000000	303.184621721285
1235	1	0.672536000000	0.175082000000	0.551734000000	303.692303665302
1235	2	0.642895000000	0.135963000000	0.519242000000	303.456618646402
1235	3	0.589776000000	0.163866000000	0.550962000000	302.986045543970
1236	0	0.742744000000	0.037601500000	0.471241000000	304.141351061854
1236	1	0.807713000000	0.037601500000	0.429728000000	304.460605465913
1236	2	0.774778000000	0.101114000000	0.417931000000	304.320371424991
1236	3	0.774225000000	0.095770200000	0.461575000000	304.321015087105
1237	0	0.665717000000	0.188185000000	0.448244000000	303.644384835156
1237	1	0.736664000000	0.148806000000	0.419413000000	304.116656429563
1237	2	0.736111000000	0.143463000000	0.463057000000	304.111346393585
1237	3	0.685173000000	0.136739000000	0.460483000000	303.778012600639
1238	0	0.729273000000	0.256065000000	0.462565000000	304.092381510938
1238	1	0.676127000000	0.216354000000	0.448736000000	303.726243288296
1238	2	0.747074000000	0.176975000000	0.419904000000	304.183460882552
1238	3	0.746522000000	0.171632000000	0.463549000000	304.184180158660
1239	0	0.658965000000	0.196544000000	0.470976000000	303.593678435347
1239	1	0.729359000000	0.151822000000	0.485789000000	304.077429769053
1239	2	0.708063000000	0.184217000000	0.515707000000	303.946663724336
1239	3	0.678421000000	0.145099000000	0.483215000000	303.725677202616
1240	0	0.669376000000	0.224713000000	0.471468000000	303.674276289290
1240	1	0.739770000000	0.179991000000	0.486281000000	304.148510415666
1240	2	0.722521000000	0.264424000000	0.485298000000	304.051735819902
1240	3	0.718474000000	0.212386000000	0.516199000000	304.023011573923
1241	0	0.716655000000	0.053499000000	0.480287000000	303.977251545967
1241	1	0.748689000000	0.117011000000	0.426977000000	304.179664314877
1241	2	0.697198000000	0.104944000000	0.468048000000	303.855963524787
1241	3	0.748136000000	0.111668000000	0.470621000000	304.177703977771
1242	0	0.707139000000	0.047865500000	0.512176000000	303.915388076678
1242	1	0.708381000000	0.093147200000	0.562061000000	303.930439926211
1242	2	0.738621000000	0.106034000000	0.502510000000	304.120446521183
1242	3	0.687683000000	0.099310800000	0.499936000000	303.790639845345
1243	0	0.690830000000	0.127296000000	0.506195000000	303.820819605724
1243	1	0.711528000000	0.121133000000	0.568319000000	303.955944768015
1243	2	0.741768000000	0.134020000000	0.508769000000	304.144776792281
1243	3	0.720471000000	0.166415000000	0.538687000000	304.026766261318
1244	0	0.635338000000	0.126140000000	0.603837000000	303.388132734365
1244	1	0.665705000000	0.125436000000	0.528638000000	303.631149323951
1244	2	0.695347000000	0.164555000000	0.561129000000	303.859287698947
1244	3	0.686403000000	0.119273000000	0.590762000000	303.786932666461
1245	0	0.680760000000	0.075172100000	0.574642000000	303.736422236318
1245	1	0.621618000000	0.029890300000	0.555808000000	303.247012124346
1245	2	0.660062000000	0.081335700000	0.512518000000	303.577431685091
1245	3	0.679519000000	0.029890300000	0.524758000000	303.714509913203
1246	0	0.606221000000	0.046005400000	0.575264000000	303.118242833587
1246	1	0.644666000000	0.097450700000	0.531974000000	303.458471400607
1246	2	0.614298000000	0.098154700000	0.607174000000	303.197172960811
1246	3	0.665364000000	0.091287100000	0.594098000000	303.618387214362
1247	0	0.632786000000	0.016115000000	0.664376000000	303.336333137307
1247	1	0.553489000000	0.016115000000	0.674520000000	302.587976237202
1247	2	0.590663000000	0.068264300000	0.647820000000	302.969302706570
1247	3	0.582586000000	0.016115000000	0.615910000000	302.885580729161
1248	0	0.683151000000	0.013992800000	0.553112000000	303.733594626979
1248	1	0.625250000000	0.013992800000	0.584162000000	303.274052578988
1248	2	0.675450000000	0.013992800000	0.632629000000	303.677595487704
1248	3	0.684393000000	0.059274600000	0.602997000000	303.757597624651
1249	0	0.609854000000	0.030107900000	0.603618000000	303.146228760335
1249	1	0.660053000000	0.030107900000	0.652085000000	303.563941368094
1249	2	0.668996000000	0.075389600000	0.622453000000	303.643140375328
1249	3	0.617931000000	0.082257200000	0.635528000000	303.226149059145
1250	0	0.879711000000	0.135316000000	0.361103000000	304.727758617862
1250	1	0.852072000000	0.062255900000	0.404335000000	304.631271657520
1250	2	0.869521000000	0.127148000000	0.438757000000	304.707014981850
1250	3	0.819136000000	0.125768000000	0.392539000000	304.529648116988
1251	0	0.873804000000	0.166231000000	0.350778000000	304.714975934457
1251	1	0.863614000000	0.158063000000	0.428432000000	304.693476922673
1251	2	0.827049000000	0.193213000000	0.360597000000	304.568826074724
1251	3	0.813229000000	0.156683000000	0.382214000000	304.510269640962
1252	0	0.833182000000	0.057654200000	0.427536000000	304.575275195413
1252	1	0.850632000000	0.122546000000	0.461958000000	304.646805701807
1252	2	0.800247000000	0.121166000000	0.415740000000	304.450627908248
1252	3	0.799694000000	0.115823000000	0.459384000000	304.445916154894
1253	0	0.782771000000	0.013992800000	0.589998000000	304.338943158387
1253	1	0.720337000000	0.013992800000	0.554490000000	303.989257404089
1253	2	0.712635000000	0.013992800000	0.634007000000	303.939467010357
1253	3	0.721578000000	0.059274600000	0.604374000000	304.006674299438
1254	0	0.817107000000	0.017975100000	0.457174000000	304.495698200919
1254	1	0.814572000000	0.017975100000	0.534196000000	304.484209313747
1254	2	0.783619000000	0.076143800000	0.489022000000	304.362412598774
1254	3	0.752138000000	0.017975100000	0.498687000000	304.181117545679
1255	0	0.842576000000	0.038027900000	0.454983000000	304.602955388069
1255	1	0.840041000000	0.038027900000	0.532005000000	304.590295510618
1255	2	0.860026000000	0.102920000000	0.489404000000	304.670716319798
1255	3	0.809088000000	0.096196600000	0.486830000000	304.482229203622
1256	0	0.763926000000	0.090136700000	0.517265000000	304.269040761535
1256	1	0.794879000000	0.031968000000	0.562439000000	304.405749234542
1256	2	0.733686000000	0.077249700000	0.576816000000	304.092688874267
1256	3	0.732445000000	0.031968000000	0.526931000000	304.074482108127
1257	0	0.910851000000	0.136865000000	0.365695000000	304.796932091032
1257	1	0.883212000000	0.063804500000	0.408927000000	304.719428844172
1257	2	0.951047000000	0.132328000000	0.411990000000	304.854655862086
1257	3	0.900661000000	0.128697000000	0.443349000000	304.773985656204
1258	0	0.966617000000	0.043751700000	0.352997000000	304.836224880788
1258	1	0.898782000000	0.043751700000	0.387598000000	304.753236749867
1258	2	0.966617000000	0.112275000000	0.390660000000	304.858814653629
1258	3	0.926421000000	0.116812000000	0.344366000000	304.822539527857
1259	0	0.987579000000	0.062737400000	0.330111000000	304.848613763648
1259	1	0.987579000000	0.131261000000	0.367774000000	304.867487203992
1259	2	0.987579000000	0.124176000000	0.290649000000	304.858466320171
1259	3	0.947383000000	0.135798000000	0.321479000000	304.848149254697
1260	0	0.911203000000	0.021174900000	0.413298000000	304.772057701672
1260	1	0.979038000000	0.089698400000	0.416360000000	304.859082731391
1260	2	0.979038000000	0.021174900000	0.453233000000	304.839705237385
1260	3	0.979038000000	0.021174900000	0.378697000000	304.837265126423
1261	0	0.891337000000	0.084944800000	0.491903000000	304.749139510905
1261	1	0.941722000000	0.020052800000	0.497416000000	304.821587586728
1261	2	0.871351000000	0.020052800000	0.534504000000	304.683361097742
1261	3	0.873887000000	0.020052800000	0.457482000000	304.694218436132
1262	0	0.895633000000	0.041227700000	0.434627000000	304.747815171449
1262	1	0.963468000000	0.041227700000	0.474562000000	304.838137465876
1262	2	0.963468000000	0.109751000000	0.437690000000	304.856462578387
1262	3	0.913082000000	0.106120000000	0.469049000000	304.793301959708
1263	0	0.437377000000	0.098879700000	0.777085000000	301.237666801718
1263	1	0.532608000000	0.087802400000	0.779780000000	302.372826314923
1263	2	0.449804000000	0.035653100000	0.810681000000	301.373652706353
1263	3	0.491552000000	0.035653100000	0.744988000000	301.894852513545
1264	0	0.636481000000	0.032230100000	0.693239000000	303.369564076650
1264	1	0.557184000000	0.032230100000	0.703383000000	302.625230555314
1264	2	0.598240000000	0.084379400000	0.738175000000	303.036683052620
1264	3	0.594359000000	0.084379400000	0.676683000000	303.000164764213
1265	0	0.527671000000	0.056608700000	0.703747000000	302.323673535653
1265	1	0.511458000000	0.135500000000	0.694781000000	302.155144884072
1265	2	0.568727000000	0.108758000000	0.738539000000	302.759494186180
1265	3	0.564845000000	0.108758000000	0.677047000000	302.727549487252
1266	0	0.663749000000	0.046222900000	0.680948000000	303.590479635648
1266	1	0.625508000000	0.098372200000	0.725884000000	303.287951487696
1266	2	0.672692000000	0.091504600000	0.651316000000	303.671601374705
1266	3	0.621626000000	0.098372200000	0.664391000000	303.261598507086
1267	0	0.540498000000	0.112181000000	0.756709000000	302.470924929438
1267	1	0.499442000000	0.060031700000	0.721917000000	301.994471639711
1267	2	0.445268000000	0.123258000000	0.754014000000	301.344903925849
1267	3	0.483230000000	0.138923000000	0.712951000000	301.819854903810
1268	0	0.276659000000	0.328960000000	0.854804000000	298.817174135823
1268	1	0.314024000000	0.333914000000	0.801956000000	299.435532066577
1268	2	0.353932000000	0.278931000000	0.824017000000	300.064440400555
1268	3	0.308294000000	0.258111000000	0.839073000000	299.341328829759
1269	0	0.381512000000	0.210374000000	0.820364000000	300.472081922502
1269	1	0.361133000000	0.143410000000	0.835549000000	300.159429321371
1269	2	0.335875000000	0.189554000000	0.835420000000	299.768146284178
1269	3	0.373965000000	0.160494000000	0.802082000000	300.360205782625
1270	0	0.361662000000	0.248538000000	0.747764000000	300.190334520552
1270	1	0.335999000000	0.214371000000	0.814697000000	299.771500484899
1270	2	0.374090000000	0.185311000000	0.781359000000	300.362344870785
1270	3	0.381637000000	0.235191000000	0.799640000000	300.472710782216
1271	0	0.331730000000	0.322579000000	0.776412000000	299.727768025925
1271	1	0.326000000000	0.246776000000	0.813529000000	299.623057640098
1271	2	0.351662000000	0.280942000000	0.746596000000	300.036129231868
1271	3	0.371637000000	0.267595000000	0.798473000000	300.332511988501
1272	0	0.385164000000	0.244398000000	0.724773000000	300.532341758756
1272	1	0.435553000000	0.196836000000	0.717304000000	301.228964739974
1272	2	0.405139000000	0.231051000000	0.776649000000	300.807207997047
1272	3	0.397591000000	0.181171000000	0.758368000000	300.704015141397
1273	0	0.450817000000	0.062473200000	0.831937000000	301.389089042046
1273	1	0.533620000000	0.114622000000	0.801037000000	302.385885932036
1273	2	0.438390000000	0.125700000000	0.798342000000	301.244534256212
1273	3	0.495842000000	0.149265000000	0.835033000000	301.958200198979
1274	0	0.417424000000	0.060617200000	0.841446000000	300.953636271251
1274	1	0.462449000000	0.147409000000	0.844542000000	301.556431347406
1274	2	0.404997000000	0.123844000000	0.807851000000	300.788913415656
1274	3	0.392165000000	0.106761000000	0.841317000000	300.608304614740
1275	0	0.457147000000	0.184579000000	0.739024000000	301.507372214726
1275	1	0.476637000000	0.192480000000	0.816779000000	301.734161594765
1275	2	0.426732000000	0.218795000000	0.798369000000	301.100504151751
1275	3	0.419185000000	0.168915000000	0.780088000000	300.998252840738
1276	0	0.446280000000	0.150078000000	0.775271000000	301.360237421651
1276	1	0.541511000000	0.139001000000	0.777966000000	302.481465635768
1276	2	0.484242000000	0.165743000000	0.734208000000	301.832705824594
1276	3	0.503732000000	0.173643000000	0.811962000000	302.061196604920
1277	0	0.460941000000	0.182361000000	0.839810000000	301.537717403569
1277	1	0.390657000000	0.141712000000	0.836585000000	300.592738470318
1277	2	0.411036000000	0.208676000000	0.821400000000	300.887019368267
1277	3	0.403489000000	0.158796000000	0.803119000000	300.778208437355
1278	0	0.360394000000	0.035669100000	0.958753000000	300.108870690898
1278	1	0.400037000000	0.104953000000	0.958753000000	300.699405759219
1278	2	0.396986000000	0.035669100000	0.892078000000	300.652226159215
1278	3	0.371727000000	0.081812500000	0.891949000000	300.301574843366
1279	0	0.348186000000	0.099772500000	0.912553000000	299.947724313711
1279	1	0.376496000000	0.122914000000	0.979357000000	300.364353269064
1279	2	0.297265000000	0.111749000000	0.979357000000	299.126976994212
1279	3	0.336853000000	0.053629200000	0.979357000000	299.754571475503
1280	0	0.425258000000	0.131774000000	0.939106000000	301.057664962225
1280	1	0.467232000000	0.149281000000	0.875527000000	301.611371644382
1280	2	0.422207000000	0.062489200000	0.872431000000	301.011041503618
1280	3	0.396948000000	0.108633000000	0.872302000000	300.668104605246
1281	0	0.372193000000	0.151432000000	0.958673000000	300.303592887931
1281	1	0.292962000000	0.140267000000	0.958673000000	299.062454265503
1281	2	0.318624000000	0.174434000000	0.891741000000	299.493361208364
1281	3	0.343883000000	0.128291000000	0.891870000000	299.889294221300
1282	0	0.394226000000	0.168423000000	0.933337000000	300.623750821570
1282	1	0.386295000000	0.212246000000	0.851349000000	300.537138040769
1282	2	0.365916000000	0.145282000000	0.866534000000	300.230920702212
1282	3	0.340658000000	0.191426000000	0.866405000000	299.838693285912
1283	0	0.423750000000	0.166725000000	0.934374000000	301.044970378935
1283	1	0.395440000000	0.143584000000	0.867570000000	300.655495178210
1283	2	0.415820000000	0.210548000000	0.852385000000	300.947104701335
1283	3	0.465724000000	0.184233000000	0.870795000000	301.595317183861
1284	0	0.478949000000	0.042935100000	0.841911000000	301.737155753571
1284	1	0.523973000000	0.129727000000	0.845007000000	302.269064810616
1284	2	0.557557000000	0.042935100000	0.840593000000	302.618802045199
1284	3	0.561752000000	0.095084400000	0.811011000000	302.676930968154
1285	0	0.636384000000	0.016115000000	0.721383000000	303.360794567745
1285	1	0.557088000000	0.016115000000	0.731527000000	302.621333770238
1285	2	0.593949000000	0.016115000000	0.795901000000	302.977749939447
1285	3	0.598144000000	0.068264300000	0.766319000000	303.026327860999
1286	0	0.560739000000	0.068264300000	0.789754000000	302.666504034809
1286	1	0.477936000000	0.016115000000	0.820655000000	301.720763683007
1286	2	0.519683000000	0.016115000000	0.754962000000	302.218090628778
1286	3	0.556544000000	0.016115000000	0.819336000000	302.610048114465
1287	0	0.510111000000	0.113612000000	0.875160000000	302.109683111429
1287	1	0.503029000000	0.026820000000	0.938738000000	302.012040361381
1287	2	0.465086000000	0.026820000000	0.872064000000	301.565816712751
1287	3	0.543695000000	0.026820000000	0.870745000000	302.469689616719
1288	0	0.416517000000	0.021410000000	0.912722000000	300.917790610133
1288	1	0.419567000000	0.090694400000	0.979396000000	300.970834705859
1288	2	0.379924000000	0.021410000000	0.979396000000	300.400769736928
1288	3	0.454460000000	0.021410000000	0.979396000000	301.413031819550
1289	0	0.486762000000	0.135022000000	0.896171000000	301.843101690590
1289	1	0.441738000000	0.048230100000	0.893075000000	301.263607533701
1289	2	0.479681000000	0.048230100000	0.959750000000	301.730148130001
1289	3	0.444788000000	0.117514000000	0.959750000000	301.301999579367
1290	0	0.593906000000	0.059987700000	0.846120000000	302.985119187597
1290	1	0.560322000000	0.146779000000	0.850535000000	302.670464522805
1290	2	0.632927000000	0.115171000000	0.865326000000	303.335827763241
1290	3	0.598101000000	0.112137000000	0.816538000000	303.031463032910
1291	0	0.636289000000	0.017052600000	0.877310000000	303.341060913482
1291	1	0.670160000000	0.017052600000	0.945303000000	303.596443302394
1291	2	0.710184000000	0.017052600000	0.885080000000	303.889241807087
1291	3	0.675310000000	0.072236000000	0.896515000000	303.657066455054
1292	0	0.670610000000	0.016115000000	0.743677000000	303.633571316519
1292	1	0.702069000000	0.016115000000	0.825965000000	303.846868860194
1292	2	0.632369000000	0.068264300000	0.788613000000	303.335707544161
1292	3	0.628174000000	0.016115000000	0.818195000000	303.280824028845
1293	0	0.701014000000	0.033167600000	0.854928000000	303.838737877982
1293	1	0.631314000000	0.085317000000	0.817575000000	303.325503002206
1293	2	0.627119000000	0.033167600000	0.847157000000	303.274343438204
1293	3	0.666140000000	0.088351000000	0.866363000000	303.599191012880
1294	0	0.506268000000	0.785594000000	0.282735000000	302.103569600545
1294	1	0.451999000000	0.776556000000	0.332169000000	301.448281932958
1294	2	0.486654000000	0.831854000000	0.349433000000	301.875636879516
1294	3	0.467563000000	0.840643000000	0.285147000000	301.631636841228
1295	0	0.426446000000	0.796104000000	0.350949000000	301.110693467146
1295	1	0.442011000000	0.860192000000	0.303927000000	301.304924649981
1295	2	0.398026000000	0.868401000000	0.362290000000	300.707456004222
1295	3	0.461102000000	0.851402000000	0.368213000000	301.553789366058
1296	0	0.409146000000	0.904765000000	0.354277000000	300.860766699843
1296	1	0.473551000000	0.950143000000	0.317007000000	301.690831282741
1296	2	0.472221000000	0.887766000000	0.360201000000	301.693939976415
1296	3	0.453131000000	0.896555000000	0.295914000000	301.444487848685
1297	0	0.444936000000	0.835345000000	0.396834000000	301.351798887389
1297	1	0.373534000000	0.792174000000	0.425167000000	300.364017632072
1297	2	0.381861000000	0.852345000000	0.390910000000	300.480836561385
1297	3	0.410281000000	0.780047000000	0.379570000000	300.889428415474
1298	0	0.587950000000	0.845868000000	0.295532000000	302.958481224102
1298	1	0.518748000000	0.848216000000	0.340784000000	302.240091207898
1298	2	0.499657000000	0.857006000000	0.276498000000	302.020267634158
1298	3	0.538362000000	0.801956000000	0.274087000000	302.461618522279
1299	0	0.514427000000	0.944164000000	0.304854000000	302.176858667367
1299	1	0.582300000000	0.879439000000	0.302795000000	302.900184071826
1299	2	0.513097000000	0.881787000000	0.348047000000	302.176080664512
1299	3	0.494007000000	0.890576000000	0.283761000000	301.943211556774
1300	0	0.445814000000	0.985978000000	0.331103000000	301.332471969510
1300	1	0.364536000000	0.985978000000	0.339628000000	300.202698725801
1300	2	0.381409000000	0.940600000000	0.368373000000	300.462840752781
1300	3	0.415585000000	0.985978000000	0.390297000000	300.935959355192
1301	0	0.470520000000	0.966702000000	0.341817000000	301.654463169768
1301	1	0.406115000000	0.921324000000	0.379087000000	300.811756964188
1301	2	0.469190000000	0.904325000000	0.385010000000	301.642680671099
1301	3	0.440291000000	0.966702000000	0.401010000000	301.267558878974
1302	0	0.329086000000	0.985978000000	0.448718000000	299.657758229928
1302	1	0.336981000000	0.985978000000	0.367393000000	299.785541252041
1302	2	0.388030000000	0.985978000000	0.418062000000	300.551936771416
1302	3	0.353853000000	0.940600000000	0.396138000000	300.055547401309
1303	0	0.364729000000	0.902775000000	0.495390000000	300.221339687789
1303	1	0.335637000000	0.966336000000	0.478934000000	299.767992296352
1303	2	0.394580000000	0.966336000000	0.448278000000	300.648968380772
1303	3	0.360404000000	0.920958000000	0.426354000000	300.156387571629
1304	0	0.314183000000	0.786597000000	0.512792000000	299.445639507983
1304	1	0.242595000000	0.829292000000	0.573325000000	298.226025555877
1304	2	0.297533000000	0.775082000000	0.592854000000	299.178901697269
1304	3	0.326835000000	0.828584000000	0.547571000000	299.645764007020
1305	0	0.450624000000	0.884683000000	0.417861000000	301.416133910012
1305	1	0.391874000000	0.883499000000	0.480972000000	300.626641010507
1305	2	0.421725000000	0.947060000000	0.433860000000	301.023932031638
1305	3	0.387549000000	0.901683000000	0.411937000000	300.555130903337
1306	0	0.437490000000	0.852067000000	0.421672000000	301.253448117200
1306	1	0.366088000000	0.808896000000	0.450004000000	300.254411659136
1306	2	0.378740000000	0.850883000000	0.484783000000	300.437697978954
1306	3	0.374415000000	0.869067000000	0.415748000000	300.366206321076
1307	0	0.249367000000	0.868920000000	0.438798000000	298.337148037606
1307	1	0.231225000000	0.851444000000	0.536957000000	298.019098585787
1307	2	0.302813000000	0.808749000000	0.476424000000	299.262998799862
1307	3	0.315464000000	0.850736000000	0.511203000000	299.459581100268
1308	0	0.335079000000	0.888752000000	0.487574000000	299.773936796567
1308	1	0.268981000000	0.906936000000	0.415169000000	298.677666176008
1308	2	0.305987000000	0.952314000000	0.471118000000	299.294636741447
1308	3	0.330754000000	0.906936000000	0.418538000000	299.703042093066
1309	0	0.244286000000	0.901536000000	0.444461000000	298.249315550227
1309	1	0.226144000000	0.884060000000	0.542620000000	297.919386053161
1309	2	0.310384000000	0.883352000000	0.516866000000	299.370272777734
1309	3	0.281292000000	0.946913000000	0.500410000000	298.886967767615
1310	0	0.274062000000	0.874320000000	0.409507000000	298.769854566567
1310	1	0.340159000000	0.856136000000	0.481912000000	299.856868191257
1310	2	0.327508000000	0.814149000000	0.447133000000	299.658152480311
1310	3	0.335834000000	0.874320000000	0.412876000000	299.785869079057
1311	0	0.285215000000	0.826815000000	0.678518000000	298.964120878447
1311	1	0.207337000000	0.792688000000	0.716743000000	297.573673644594
1311	2	0.274454000000	0.766929000000	0.670922000000	298.776859966013
1311	3	0.247135000000	0.774123000000	0.725263000000	298.306161281141
1312	0	0.325015000000	0.843531000000	0.574659000000	299.615666775360
1312	1	0.240776000000	0.844240000000	0.600413000000	298.193966145134
1312	2	0.295714000000	0.790030000000	0.619942000000	299.144523462303
1312	3	0.306475000000	0.849916000000	0.627539000000	299.308068618058
1313	0	0.240840000000	0.880414000000	0.581335000000	298.189277042116
1313	1	0.295988000000	0.943267000000	0.539125000000	299.132182853547
1313	2	0.306540000000	0.886091000000	0.608460000000	299.309495969888
1313	3	0.325080000000	0.879706000000	0.555581000000	299.611158373215
1314	0	0.265919000000	0.781457000000	0.648094000000	298.630191610440
1314	1	0.198803000000	0.807217000000	0.693916000000	297.409745388758
1314	2	0.276680000000	0.841344000000	0.655691000000	298.816794599044
1314	3	0.210981000000	0.835667000000	0.628566000000	297.645428642882
1315	0	0.776580000000	0.942397000000	0.157709000000	304.290534052572
1315	1	0.816703000000	0.865144000000	0.158086000000	304.492496410020
1315	2	0.798677000000	0.898816000000	0.214902000000	304.413022566820
1315	3	0.779406000000	0.876826000000	0.180412000000	304.322334974072
1316	0	0.761562000000	0.889686000000	0.239273000000	304.237624797450
1316	1	0.692714000000	0.868542000000	0.254150000000	303.812153301436
1316	2	0.706230000000	0.891193000000	0.189252000000	303.896425131766
1316	3	0.742291000000	0.867696000000	0.204782000000	304.135775438618
1317	0	0.753912000000	0.953268000000	0.159809000000	304.162361770939
1317	1	0.776009000000	0.909687000000	0.217002000000	304.307320212006
1317	2	0.720677000000	0.911195000000	0.166981000000	303.981325419448
1317	3	0.756737000000	0.887697000000	0.182512000000	304.210889196288
1318	0	0.876265000000	0.882816000000	0.143779000000	304.678128431368
1318	1	0.886128000000	0.960069000000	0.195108000000	304.703802665783
1318	2	0.945048000000	0.908101000000	0.134506000000	304.808057368844
1318	3	0.894923000000	0.960069000000	0.134190000000	304.715449499237
1319	0	0.852475000000	0.976127000000	0.197857000000	304.604121927293
1319	1	0.842612000000	0.898874000000	0.146528000000	304.580902934586
1319	2	0.802489000000	0.976127000000	0.146151000000	304.406999629765
1319	3	0.861269000000	0.976127000000	0.136939000000	304.615151544230
1320	0	0.791153000000	0.962660000000	0.166672000000	304.362983300436
1320	1	0.831276000000	0.885407000000	0.167048000000	304.547931750540
1320	2	0.841139000000	0.962660000000	0.218377000000	304.576777515516
1320	3	0.813251000000	0.919079000000	0.223865000000	304.471443656609
1321	0	0.984510000000	0.931974000000	0.104711000000	304.813649967890
1321	1	0.984510000000	0.983941000000	0.054170700000	304.788027862440
1321	2	0.934385000000	0.983941000000	0.104395000000	304.767370222882
1321	3	0.984510000000	0.983941000000	0.128706000000	304.805392780014
1322	0	0.907383000000	0.983941000000	0.199658000000	304.741700250276
1322	1	0.966303000000	0.931974000000	0.139056000000	304.809706610600
1322	2	0.916178000000	0.983941000000	0.138740000000	304.744625383820
1322	3	0.966303000000	0.983941000000	0.163051000000	304.800260355110
1323	0	0.765147000000	0.929950000000	0.235440000000	304.250013785440
1323	1	0.710728000000	0.973531000000	0.260615000000	303.906350211535
1323	2	0.743050000000	0.973531000000	0.178247000000	304.101452348191
1323	3	0.709815000000	0.931457000000	0.185419000000	303.912852897691
1324	0	0.626088000000	0.915274000000	0.278631000000	303.288709875262
1324	1	0.595866000000	0.979999000000	0.216353000000	302.996947998771
1324	2	0.558215000000	0.979999000000	0.280689000000	302.633885386856
1324	3	0.640516000000	0.979999000000	0.288929000000	303.400014446434
1325	0	0.736444000000	0.986533000000	0.274377000000	304.074498522319
1325	1	0.768767000000	0.986533000000	0.192008000000	304.239156541744
1325	2	0.818752000000	0.986533000000	0.243714000000	304.489820533160
1325	3	0.790864000000	0.942951000000	0.249202000000	304.379363359868
1326	0	0.680113000000	0.986998000000	0.245967000000	303.702779040480
1326	1	0.635464000000	0.986998000000	0.173391000000	303.342465908196
1326	2	0.712436000000	0.986998000000	0.163599000000	303.912329382501
1326	3	0.679201000000	0.944925000000	0.170771000000	303.690863385436
1327	0	0.621017000000	0.966997000000	0.195662000000	303.221347109599
1327	1	0.665667000000	0.966997000000	0.268238000000	303.602023892289
1327	2	0.651239000000	0.902272000000	0.257940000000	303.504552295057
1327	3	0.664754000000	0.924924000000	0.193042000000	303.592575700499
1328	0	0.696281000000	0.953530000000	0.282886000000	303.826478769838
1328	1	0.695368000000	0.911456000000	0.207690000000	303.817196549769
1328	2	0.750700000000	0.909949000000	0.257711000000	304.172912260168
1328	3	0.681853000000	0.888805000000	0.272588000000	303.735067951434
1329	0	0.579235000000	0.979999000000	0.388776000000	302.856222019257
1329	1	0.622162000000	0.915274000000	0.319334000000	303.263216025317
1329	2	0.554289000000	0.979999000000	0.321393000000	302.595712323297
1329	3	0.636590000000	0.979999000000	0.329632000000	303.371462720623
1330	0	0.596319000000	0.895998000000	0.330136000000	303.025722127940
1330	1	0.553391000000	0.960723000000	0.399578000000	302.601443404041
1330	2	0.528446000000	0.960723000000	0.332194000000	302.329812103049
1330	3	0.527116000000	0.898346000000	0.375388000000	302.329709750543
1331	0	0.498131000000	0.980724000000	0.351122000000	301.984323858797
1331	1	0.496801000000	0.918347000000	0.394316000000	301.982303281537
1331	2	0.523076000000	0.980724000000	0.418505000000	302.272332078991
1331	3	0.467902000000	0.980724000000	0.410316000000	301.624816492873
1332	0	0.348898000000	0.980358000000	0.503268000000	299.975354694544
1332	1	0.377990000000	0.916797000000	0.519724000000	300.414747005340
1332	2	0.407842000000	0.980358000000	0.472611000000	300.837510670588
1332	3	0.416581000000	0.980358000000	0.529433000000	300.955370153982
1333	0	0.401627000000	0.962690000000	0.560333000000	300.752354321176
1333	1	0.344496000000	0.905513000000	0.603502000000	299.913958584966
1333	2	0.333944000000	0.962690000000	0.534167000000	299.738649153188
1333	3	0.363037000000	0.899128000000	0.550623000000	300.195413037462
1334	0	0.233933000000	0.900056000000	0.602395000000	298.061059151506
1334	1	0.289080000000	0.962909000000	0.560185000000	299.013620575126
1334	2	0.295819000000	0.962909000000	0.644793000000	299.125551360030
1334	3	0.299632000000	0.905732000000	0.629521000000	299.192120284686
1335	0	0.166151000000	0.980577000000	0.700583000000	296.765139839544
1335	1	0.248923000000	0.980577000000	0.670469000000	298.318576424246
1335	2	0.187037000000	0.917724000000	0.628070000000	297.184150183919
1335	3	0.177013000000	0.980577000000	0.623562000000	296.977689467789
1336	0	0.394719000000	0.982331000000	0.581393000000	300.651090140034
1336	1	0.327037000000	0.982331000000	0.555227000000	299.633474542445
1336	2	0.337589000000	0.925155000000	0.624563000000	299.807525249515
1336	3	0.333775000000	0.982331000000	0.639836000000	299.733820777066
1337	0	0.210533000000	0.917724000000	0.592619000000	297.631054467846
1337	1	0.272419000000	0.980577000000	0.635018000000	298.732855076986
1337	2	0.265680000000	0.980577000000	0.550410000000	298.618035459632
1337	3	0.200508000000	0.980577000000	0.588111000000	297.437779165840
1338	0	0.208022000000	0.861968000000	0.791978000000	297.575215351928
1338	1	0.211033000000	0.793207000000	0.774408000000	297.636699080858
1338	2	0.162615000000	0.831702000000	0.814788000000	296.702225208201
1338	3	0.171236000000	0.811772000000	0.765888000000	296.873678990264
1339	0	0.197739000000	0.905021000000	0.657720000000	297.383607562252
1339	1	0.259625000000	0.967874000000	0.700119000000	298.511120965898
1339	2	0.176853000000	0.967874000000	0.730232000000	296.982711348735
1339	3	0.222347000000	0.926767000000	0.749160000000	297.832922752306
1340	0	0.275843000000	0.850286000000	0.700740000000	298.805925517565
1340	1	0.234751000000	0.866355000000	0.765055000000	298.070534848315
1340	2	0.197965000000	0.816160000000	0.738965000000	297.389592238331
1340	3	0.237762000000	0.797594000000	0.747485000000	298.129186332901
1341	0	0.249103000000	0.909098000000	0.735135000000	298.327745167080
1341	1	0.224495000000	0.887353000000	0.643695000000	297.884413308039
1341	2	0.286381000000	0.950206000000	0.686094000000	298.967787091800
1341	3	0.290195000000	0.893029000000	0.670821000000	299.039798618812
1342	0	0.134526000000	0.965241000000	0.850084000000	296.123829580992
1342	1	0.142499000000	0.893868000000	0.834343000000	296.292057732222
1342	2	0.142411000000	0.965241000000	0.792605000000	296.287719269399
1342	3	0.187905000000	0.924134000000	0.811533000000	297.190579150855
1343	0	0.156247000000	0.845724000000	0.765468000000	296.577978042041
1343	1	0.147539000000	0.937027000000	0.772630000000	296.396186751687
1343	2	0.147626000000	0.865653000000	0.814368000000	296.400397484876
1343	3	0.193033000000	0.895919000000	0.791558000000	297.291408307331
1344	0	0.174852000000	0.876807000000	0.664813000000	296.942828295150
1344	1	0.153966000000	0.939660000000	0.737325000000	296.525919498733
1344	2	0.162674000000	0.848357000000	0.730163000000	296.710023271304
1344	3	0.199460000000	0.898552000000	0.756253000000	297.416275957519
1345	0	0.267308000000	0.864815000000	0.677913000000	298.658515613905
1345	1	0.226216000000	0.880884000000	0.742227000000	297.910488908128
1345	2	0.201608000000	0.859139000000	0.650788000000	297.466392985149
1345	3	0.189430000000	0.830688000000	0.716138000000	297.227689711364
1346	0	0.158499000000	0.987297000000	0.794726000000	296.606945698038
1346	1	0.150613000000	0.987297000000	0.852205000000	296.447132464231
1346	2	0.203993000000	0.946189000000	0.813654000000	297.493787561286
1346	3	0.210648000000	0.987297000000	0.843326000000	297.612843967201
1347	0	0.186514000000	0.987297000000	0.767658000000	297.162263269744
1347	1	0.269286000000	0.987297000000	0.737544000000	298.679627401057
1347	2	0.238662000000	0.987297000000	0.816258000000	298.125796311676
1347	3	0.232008000000	0.946189000000	0.786586000000	298.008869359630
1348	0	0.104790000000	0.984529000000	0.932458000000	295.503423921018
1348	1	0.054196800000	0.984529000000	0.984055000000	294.446935220373
1348	2	0.104453000000	0.934465000000	0.984055000000	295.493006839404
1348	3	0.128732000000	0.984529000000	0.984055000000	295.996846213460
1349	0	0.923759000000	0.754344000000	0.017990200000	304.780978379560
1349	1	0.982002000000	0.754373000000	0.076207700000	304.838190795505
1349	2	0.982002000000	0.714397000000	0.017990200000	304.827220416852
1349	3	0.982002000000	0.788933000000	0.017990200000	304.823003571518
1350	0	0.943479000000	0.748193000000	0.112789000000	304.829420377186
1350	1	0.887600000000	0.690937000000	0.113139000000	304.740897285138
1350	2	0.874696000000	0.780035000000	0.114385000000	304.694991897019
1350	3	0.885236000000	0.748164000000	0.054571600000	304.710009921524
1351	0	0.908855000000	0.668744000000	0.094655300000	304.776521116681
1351	1	0.906491000000	0.725971000000	0.036088400000	304.749908636735
1351	2	0.964734000000	0.726000000000	0.094305900000	304.838816748382
1351	3	0.964734000000	0.686024000000	0.036088400000	304.827736237010
1352	0	0.978745000000	0.828788000000	0.052091200000	304.821330629327
1352	1	0.909962000000	0.826071000000	0.111904000000	304.768511088972
1352	2	0.978745000000	0.794228000000	0.110309000000	304.840080942572
1352	3	0.978745000000	0.851356000000	0.102631000000	304.831310793854
1353	0	0.891964000000	0.808408000000	0.096286400000	304.734427561484
1353	1	0.960747000000	0.811126000000	0.036473400000	304.813785563261
1353	2	0.960747000000	0.776566000000	0.094690900000	304.829301567760
1353	3	0.902504000000	0.776537000000	0.036473400000	304.738105451133
1354	0	0.926853000000	0.610023000000	0.097355200000	304.815468729060
1354	1	0.982732000000	0.552768000000	0.038788300000	304.845046508259
1354	2	0.982732000000	0.627303000000	0.038788300000	304.841829023960
1354	3	0.982732000000	0.591737000000	0.105743000000	304.863458165991
1355	0	0.982732000000	0.662689000000	0.056778500000	304.845131322584
1355	1	0.982732000000	0.702665000000	0.114996000000	304.855024162740
1355	2	0.926853000000	0.645409000000	0.115345000000	304.813959823264
1355	3	0.982732000000	0.627123000000	0.123733000000	304.863923053273
1356	0	0.959838000000	0.534138000000	0.056362600000	304.840181554390
1356	1	0.885749000000	0.548388000000	0.113234000000	304.745165441850
1356	2	0.959838000000	0.573107000000	0.123317000000	304.858274429527
1356	3	0.903959000000	0.591393000000	0.114930000000	304.782042942077
1357	0	0.977105000000	0.505663000000	0.059674500000	304.850268739623
1357	1	0.903017000000	0.519912000000	0.116546000000	304.783653338946
1357	2	0.977105000000	0.470771000000	0.128959000000	304.864398660184
1357	3	0.977105000000	0.544632000000	0.126629000000	304.865732694608
1358	0	0.693392000000	0.323925000000	0.411736000000	303.863411108070
1358	1	0.693599000000	0.406943000000	0.456897000000	303.863641622829
1358	2	0.653353000000	0.354414000000	0.486179000000	303.562612309274
1358	3	0.708526000000	0.339502000000	0.466193000000	303.973818312526
1359	0	0.587887000000	0.405000000000	0.365658000000	302.992846778749
1359	1	0.654823000000	0.457047000000	0.418037000000	303.576018248431
1359	2	0.640825000000	0.471086000000	0.359717000000	303.462471817850
1359	3	0.584753000000	0.454207000000	0.396399000000	302.961809476709
1360	0	0.668302000000	0.411700000000	0.437838000000	303.691196240662
1360	1	0.601365000000	0.359653000000	0.385459000000	303.102282912208
1360	2	0.668094000000	0.328682000000	0.392677000000	303.675543657341
1360	3	0.628056000000	0.359171000000	0.467120000000	303.353831987280
1361	0	0.676205000000	0.349252000000	0.365607000000	303.737966939009
1361	1	0.609476000000	0.380224000000	0.358389000000	303.184775095766
1361	2	0.676413000000	0.432270000000	0.410768000000	303.749742633976
1361	3	0.662414000000	0.446310000000	0.352448000000	303.635958256448
1362	0	0.646713000000	0.436476000000	0.445107000000	303.516125545195
1362	1	0.579776000000	0.384430000000	0.392728000000	302.910161027753
1362	2	0.606467000000	0.383948000000	0.474389000000	303.167708801331
1362	3	0.576642000000	0.433636000000	0.423469000000	302.885082117161
1363	0	0.659153000000	0.486501000000	0.432157000000	303.614738637724
1363	1	0.645154000000	0.500540000000	0.373837000000	303.494518110384
1363	2	0.589082000000	0.483661000000	0.410519000000	303.004140564203
1363	3	0.606228000000	0.529771000000	0.425471000000	303.161824332529
1364	0	0.834673000000	0.754442000000	0.140807000000	304.577660516840
1364	1	0.822812000000	0.676339000000	0.181353000000	304.541832628378
1364	2	0.796340000000	0.686011000000	0.124359000000	304.424997642401
1364	3	0.847577000000	0.665344000000	0.139561000000	304.636571949876
1365	0	0.806315000000	0.563790000000	0.162384000000	304.478328932462
1365	1	0.755490000000	0.624108000000	0.193881000000	304.236852075527
1365	2	0.773025000000	0.552791000000	0.201358000000	304.336906773291
1365	3	0.799758000000	0.617791000000	0.205871000000	304.452625540472
1366	0	0.797493000000	0.691782000000	0.210719000000	304.441375858233
1366	1	0.809354000000	0.769885000000	0.170173000000	304.479594626374
1366	2	0.753225000000	0.698098000000	0.198729000000	304.218671868293
1366	3	0.758122000000	0.734115000000	0.218953000000	304.246860969297
1367	0	0.781268000000	0.630159000000	0.228006000000	304.377969217750
1367	1	0.754535000000	0.565158000000	0.223493000000	304.236079847243
1367	2	0.727989000000	0.616178000000	0.256149000000	304.077929152999
1367	3	0.737000000000	0.636475000000	0.216016000000	304.131801399168
1368	0	0.827728000000	0.581515000000	0.136957000000	304.567812095692
1368	1	0.794701000000	0.645188000000	0.123450000000	304.424057199594
1368	2	0.821172000000	0.635517000000	0.180444000000	304.545752930907
1368	3	0.845938000000	0.624521000000	0.138652000000	304.623893745109
1369	0	0.806396000000	0.586865000000	0.146166000000	304.482593385687
1369	1	0.773368000000	0.650538000000	0.132659000000	304.312751261057
1369	2	0.755571000000	0.647183000000	0.177663000000	304.234772923062
1369	3	0.799839000000	0.640866000000	0.189653000000	304.453714998754
1370	0	0.801479000000	0.681689000000	0.190562000000	304.458884404765
1370	1	0.813341000000	0.759792000000	0.150016000000	304.495611661526
1370	2	0.775008000000	0.691361000000	0.133568000000	304.322202981928
1370	3	0.757211000000	0.688005000000	0.178572000000	304.235427675076
1371	0	0.777363000000	0.663326000000	0.231945000000	304.357893906124
1371	1	0.724083000000	0.649346000000	0.260088000000	304.056102390881
1371	2	0.737992000000	0.705659000000	0.240179000000	304.137243079080
1371	3	0.733095000000	0.669643000000	0.219954000000	304.108323719433
1372	0	0.790447000000	0.395345000000	0.405740000000	304.438061411756
1372	1	0.735826000000	0.429726000000	0.451725000000	304.149548651242
1372	2	0.750753000000	0.362285000000	0.461022000000	304.228589317258
1372	3	0.777403000000	0.402288000000	0.465095000000	304.369436320017
1373	0	0.752226000000	0.311118000000	0.425944000000	304.225789463833
1373	1	0.791920000000	0.344178000000	0.370663000000	304.437100369325
1373	2	0.783847000000	0.268559000000	0.361667000000	304.398573987853
1373	3	0.737091000000	0.295541000000	0.371487000000	304.144430209404
1374	0	0.777675000000	0.365544000000	0.318654000000	304.363881524751
1374	1	0.755619000000	0.345076000000	0.239438000000	304.231861903403
1374	2	0.722847000000	0.316907000000	0.319477000000	304.055068608207
1374	3	0.705868000000	0.346478000000	0.275849000000	303.938487348595
1375	0	0.699977000000	0.451769000000	0.354424000000	303.916744024443
1375	1	0.713769000000	0.354711000000	0.367582000000	304.002514502783
1375	2	0.768597000000	0.403348000000	0.366759000000	304.329581595962
1375	3	0.713976000000	0.437729000000	0.412744000000	304.011941983219
1376	0	0.799764000000	0.388202000000	0.300902000000	304.470188151830
1376	1	0.727957000000	0.369136000000	0.258097000000	304.075541213133
1376	2	0.816417000000	0.412888000000	0.244282000000	304.544498074848
1376	3	0.777708000000	0.367734000000	0.221687000000	304.359527104727
1377	0	0.694666000000	0.435253000000	0.326987000000	303.872221990575
1377	1	0.763286000000	0.386832000000	0.339321000000	304.299877283870
1377	2	0.708458000000	0.338195000000	0.340145000000	303.962617567871
1377	3	0.691479000000	0.367765000000	0.296516000000	303.849095214137
1378	0	0.713568000000	0.390423000000	0.278765000000	303.988762298246
1378	1	0.802028000000	0.434176000000	0.264949000000	304.480506772834
1378	2	0.716755000000	0.457910000000	0.309235000000	304.027562068720
1378	3	0.785375000000	0.409490000000	0.321570000000	304.410776427226
1379	0	0.830733000000	0.385703000000	0.299019000000	304.601838626743
1379	1	0.808677000000	0.365234000000	0.219804000000	304.503432595738
1379	2	0.847386000000	0.410388000000	0.242399000000	304.654110820035
1379	3	0.859144000000	0.358546000000	0.250121000000	304.691323928577
1380	0	0.777535000000	0.378170000000	0.387653000000	304.372309696266
1380	1	0.722914000000	0.412550000000	0.433638000000	304.067584546265
1380	2	0.722707000000	0.329533000000	0.388477000000	304.058637144619
1380	3	0.737842000000	0.345110000000	0.442934000000	304.154778470336
1381	0	0.797370000000	0.348069000000	0.329101000000	304.456814467568
1381	1	0.775314000000	0.327601000000	0.249885000000	304.346075885640
1381	2	0.789297000000	0.272450000000	0.320105000000	304.419329360085
1381	3	0.742542000000	0.299432000000	0.329925000000	304.174223171110
1382	0	0.815020000000	0.279087000000	0.304740000000	304.531270181635
1382	1	0.801037000000	0.334238000000	0.234520000000	304.468356977358
1382	2	0.823092000000	0.354707000000	0.313736000000	304.571990089059
1382	3	0.851504000000	0.327550000000	0.264838000000	304.671189731118
1383	0	0.839198000000	0.225114000000	0.445419000000	304.626999319180
1383	1	0.801667000000	0.160698000000	0.419961000000	304.460467543439
1383	2	0.852052000000	0.162078000000	0.466179000000	304.663275967675
1383	3	0.801114000000	0.155355000000	0.463606000000	304.462123474336
1384	0	0.774001000000	0.311398000000	0.437457000000	304.351754286719
1384	1	0.805622000000	0.268838000000	0.373179000000	304.490832309288
1384	2	0.813695000000	0.344457000000	0.382175000000	304.535380254116
1384	3	0.829334000000	0.296724000000	0.420253000000	304.592873072948
1385	0	0.773292000000	0.187728000000	0.485238000000	304.328200815743
1385	1	0.811375000000	0.257487000000	0.467052000000	304.525581581215
1385	2	0.756043000000	0.272161000000	0.484255000000	304.248348503781
1385	3	0.751995000000	0.220123000000	0.515156000000	304.223032604030
1386	0	0.818127000000	0.249128000000	0.444320000000	304.550054726830
1386	1	0.762795000000	0.263802000000	0.461523000000	304.281841669057
1386	2	0.780596000000	0.184712000000	0.418862000000	304.369451812646
1386	3	0.780043000000	0.179369000000	0.462506000000	304.360739130404
1387	0	0.889227000000	0.231264000000	0.426810000000	304.765139800978
1387	1	0.912271000000	0.176397000000	0.369916000000	304.802875821599
1387	2	0.952467000000	0.171860000000	0.416211000000	304.863859133697
1387	3	0.902081000000	0.168228000000	0.447570000000	304.786124555778
1388	0	0.843639000000	0.238054000000	0.425252000000	304.642698532224
1388	1	0.856493000000	0.175018000000	0.446013000000	304.676433417811
1388	2	0.806108000000	0.173638000000	0.399795000000	304.483180104070
1388	3	0.819928000000	0.210168000000	0.378179000000	304.544566035549
1389	0	0.827797000000	0.322237000000	0.441375000000	304.589998932919
1389	1	0.812159000000	0.369970000000	0.403297000000	304.530606396996
1389	2	0.772465000000	0.336911000000	0.458578000000	304.347883004776
1389	3	0.799114000000	0.376914000000	0.462652000000	304.480648323110
1390	0	0.885402000000	0.186136000000	0.358645000000	304.754816889945
1390	1	0.875212000000	0.177968000000	0.436299000000	304.728834193840
1390	2	0.862358000000	0.241004000000	0.415538000000	304.703944983115
1390	3	0.838647000000	0.213119000000	0.368464000000	304.619022357123
1391	0	0.785037000000	0.197652000000	0.398695000000	304.394338055575
1391	1	0.767236000000	0.276741000000	0.441356000000	304.311884300400
1391	2	0.822568000000	0.262068000000	0.424153000000	304.558529071176
1391	3	0.798857000000	0.234182000000	0.377079000000	304.461718681679
1392	0	0.877928000000	0.264775000000	0.391614000000	304.747665280484
1392	1	0.941167000000	0.278664000000	0.334955000000	304.864053822342
1392	2	0.900972000000	0.209907000000	0.334721000000	304.789278008359
1392	3	0.854216000000	0.236890000000	0.344540000000	304.675797066141
1393	0	0.987579000000	0.175085000000	0.365179000000	304.875670176374
1393	1	0.987579000000	0.248378000000	0.319119000000	304.881879862627
1393	2	0.987579000000	0.168000000000	0.288054000000	304.866673344273
1393	3	0.947383000000	0.179621000000	0.318884000000	304.855824154308
1394	0	0.921517000000	0.279782000000	0.265199000000	304.826512188243
1394	1	0.971984000000	0.192716000000	0.264452000000	304.862799461936
1394	2	0.971984000000	0.273094000000	0.295517000000	304.879959760775
1394	3	0.931788000000	0.204337000000	0.295282000000	304.834663726552
1395	0	0.933938000000	0.291037000000	0.239761000000	304.845892589009
1395	1	0.984405000000	0.203971000000	0.239014000000	304.865488950352
1395	2	0.984405000000	0.252016000000	0.187524000000	304.860554911383
1395	3	0.984405000000	0.284349000000	0.270079000000	304.882698233240
1396	0	0.984405000000	0.370577000000	0.186227000000	304.877401455933
1396	1	0.984405000000	0.291346000000	0.175063000000	304.867550187040
1396	2	0.984405000000	0.323679000000	0.257617000000	304.884285935371
1396	3	0.933938000000	0.330368000000	0.227300000000	304.842000476034
1397	0	0.904797000000	0.255035000000	0.402886000000	304.807817140955
1397	1	0.968037000000	0.268924000000	0.346227000000	304.883714487346
1397	2	0.968037000000	0.195631000000	0.392287000000	304.874633391820
1397	3	0.927841000000	0.200168000000	0.345992000000	304.832930688127
1398	0	0.933161000000	0.316728000000	0.313892000000	304.858338149604
1398	1	0.846210000000	0.274954000000	0.323478000000	304.647519412134
1398	2	0.854283000000	0.350573000000	0.332473000000	304.679588309054
1398	3	0.882694000000	0.323417000000	0.283575000000	304.755972509512
1399	0	0.842263000000	0.268595000000	0.350355000000	304.637133474815
1399	1	0.929214000000	0.310370000000	0.340770000000	304.853240104440
1399	2	0.850336000000	0.344214000000	0.359350000000	304.674025593066
1399	3	0.865974000000	0.296481000000	0.397429000000	304.717952109817
1400	0	0.858163000000	0.243248000000	0.317663000000	304.684282846703
1400	1	0.945114000000	0.285023000000	0.308078000000	304.869624287881
1400	2	0.904919000000	0.216266000000	0.307844000000	304.793964487040
1400	3	0.894647000000	0.291711000000	0.277761000000	304.783697952578
1401	0	0.733417000000	0.504087000000	0.301769000000	304.126197173109
1401	1	0.812647000000	0.534834000000	0.310544000000	304.532267458984
1401	2	0.818690000000	0.480352000000	0.257482000000	304.553442081642
1401	3	0.773537000000	0.506862000000	0.250694000000	304.344690396365
1402	0	0.821454000000	0.519014000000	0.330138000000	304.572965490237
1402	1	0.742224000000	0.488267000000	0.321363000000	304.182905968331
1402	2	0.827497000000	0.464532000000	0.277077000000	304.587917124643
1402	3	0.810843000000	0.439846000000	0.333697000000	304.524109283627
1403	0	0.799429000000	0.522010000000	0.361845000000	304.481482366408
1403	1	0.788819000000	0.442842000000	0.365404000000	304.430308898918
1403	2	0.734198000000	0.477223000000	0.411389000000	304.137218433867
1403	3	0.720199000000	0.491263000000	0.353070000000	304.048165054070
1404	0	0.711261000000	0.528045000000	0.309762000000	303.985676215351
1404	1	0.790491000000	0.558792000000	0.318537000000	304.433136556043
1404	2	0.751380000000	0.530820000000	0.258687000000	304.227251791179
1404	3	0.724834000000	0.581840000000	0.291342000000	304.066632171785
1405	0	0.811150000000	0.579736000000	0.304148000000	304.524018193662
1405	1	0.772039000000	0.551764000000	0.244298000000	304.336805863095
1405	2	0.745493000000	0.602784000000	0.276954000000	304.188243724376
1405	3	0.798773000000	0.616764000000	0.248811000000	304.464684937682
1406	0	0.945417000000	0.462698000000	0.176614000000	304.860848745506
1406	1	0.905094000000	0.533696000000	0.225867000000	304.803799018206
1406	2	0.871328000000	0.511840000000	0.164202000000	304.720789057645
1406	3	0.883192000000	0.474331000000	0.209965000000	304.758728800713
1407	0	0.799165000000	0.540906000000	0.210681000000	304.460778261447
1407	1	0.866221000000	0.573762000000	0.233371000000	304.707792956352
1407	2	0.832454000000	0.551905000000	0.171706000000	304.595317708897
1407	3	0.825898000000	0.605906000000	0.215193000000	304.573762744907
1408	0	0.970272000000	0.690790000000	0.151626000000	304.860039636912
1408	1	0.929950000000	0.612384000000	0.211945000000	304.839099897875
1408	2	0.914393000000	0.633534000000	0.151975000000	304.804151909459
1408	3	0.970272000000	0.615247000000	0.160363000000	304.866711591521
1409	0	0.806656000000	0.517873000000	0.241922000000	304.498797268109
1409	1	0.845766000000	0.545845000000	0.301772000000	304.659772037203
1409	2	0.851809000000	0.491363000000	0.248711000000	304.672761977437
1409	3	0.873711000000	0.550728000000	0.264613000000	304.736114437998
1410	0	0.907055000000	0.581401000000	0.211529000000	304.804847475291
1410	1	0.947378000000	0.584264000000	0.159947000000	304.856812063707
1410	2	0.873289000000	0.559545000000	0.149864000000	304.719542219621
1410	3	0.891499000000	0.602551000000	0.151559000000	304.768426991948
1411	0	0.838146000000	0.523627000000	0.172410000000	304.609260165724
1411	1	0.871913000000	0.545483000000	0.234075000000	304.729118615794
1411	2	0.804857000000	0.512628000000	0.211384000000	304.488410561814
1411	3	0.850010000000	0.486118000000	0.218173000000	304.663512849706
1412	0	0.882135000000	0.590450000000	0.221852000000	304.750872149802
1412	1	0.848369000000	0.568593000000	0.160187000000	304.644498542639
1412	2	0.841812000000	0.622595000000	0.203674000000	304.628284391098
1412	3	0.866578000000	0.611599000000	0.161882000000	304.696448306119
1413	0	0.800964000000	0.546151000000	0.241219000000	304.473693901771
1413	1	0.827697000000	0.611151000000	0.245732000000	304.579542281876
1413	2	0.840074000000	0.574123000000	0.301069000000	304.632947970135
1413	3	0.868019000000	0.579006000000	0.263910000000	304.718119699343
1414	0	0.964645000000	0.481928000000	0.165589000000	304.867947527804
1414	1	0.890557000000	0.531070000000	0.153176000000	304.764592587980
1414	2	0.924323000000	0.552926000000	0.214841000000	304.832495760505
1414	3	0.964645000000	0.555789000000	0.163259000000	304.865191622394
1415	0	0.914709000000	0.384945000000	0.239832000000	304.824625123247
1415	1	0.965176000000	0.464007000000	0.266190000000	304.883033756517
1415	2	0.965176000000	0.425154000000	0.198760000000	304.873163542008
1415	3	0.902951000000	0.436787000000	0.232110000000	304.805879514529
1416	0	0.881152000000	0.389981000000	0.328288000000	304.760385822201
1416	1	0.960030000000	0.441887000000	0.305747000000	304.887129447014
1416	2	0.960030000000	0.356136000000	0.309707000000	304.878996981620
1416	3	0.909563000000	0.362824000000	0.279389000000	304.813497304859
1417	0	0.984405000000	0.407067000000	0.210514000000	304.883753510894
1417	1	0.984405000000	0.445921000000	0.277945000000	304.891758380390
1417	2	0.933938000000	0.366858000000	0.251587000000	304.856627876262
1417	3	0.984405000000	0.360170000000	0.281904000000	304.888933156821
1418	0	0.947215000000	0.518803000000	0.295420000000	304.876957014644
1418	1	0.884991000000	0.491582000000	0.261340000000	304.763959227241
1418	2	0.878948000000	0.546064000000	0.314402000000	304.754502764710
1418	3	0.906893000000	0.550948000000	0.277242000000	304.817705560106
1419	0	0.935301000000	0.492830000000	0.308003000000	304.870290899089
1419	1	0.856423000000	0.440923000000	0.330544000000	304.689110840424
1419	2	0.867034000000	0.520091000000	0.326984000000	304.727188083985
1419	3	0.873076000000	0.465609000000	0.273923000000	304.737325012080
1420	0	0.861923000000	0.408067000000	0.316533000000	304.699434242581
1420	1	0.940802000000	0.459974000000	0.293993000000	304.875458793403
1420	2	0.890335000000	0.380911000000	0.267635000000	304.771999889581
1420	3	0.878577000000	0.432753000000	0.259913000000	304.741304925316
1421	0	0.987540000000	0.478749000000	0.190262000000	304.883720823476
1421	1	0.987540000000	0.552610000000	0.187932000000	304.880142010389
1421	2	0.947217000000	0.549747000000	0.239514000000	304.872453194045
1421	3	0.987540000000	0.517602000000	0.257692000000	304.891704969795
1422	0	0.968311000000	0.459519000000	0.201287000000	304.876240987956
1422	1	0.927989000000	0.530517000000	0.250540000000	304.849277835322
1422	2	0.906086000000	0.471152000000	0.234638000000	304.809343620915
1422	3	0.968311000000	0.498372000000	0.268718000000	304.890288407931
1423	0	0.460840000000	0.821907000000	0.419474000000	301.557281536381
1423	1	0.449231000000	0.795417000000	0.486815000000	301.419789256601
1423	2	0.389438000000	0.778735000000	0.447807000000	300.603983756452
1423	3	0.426185000000	0.766609000000	0.402210000000	301.111422859286
1424	0	0.454919000000	0.844756000000	0.507841000000	301.485968065855
1424	1	0.437629000000	0.933622000000	0.456500000000	301.241454914707
1424	2	0.466528000000	0.871245000000	0.440501000000	301.627356216010
1424	3	0.407778000000	0.870060000000	0.503612000000	300.852662818559
1425	0	0.431399000000	0.952897000000	0.479003000000	301.162151201056
1425	1	0.448689000000	0.864031000000	0.530344000000	301.401293617576
1425	2	0.440138000000	0.952897000000	0.535825000000	301.271725250579
1425	3	0.401548000000	0.889336000000	0.526115000000	300.763619999013
1426	0	0.453394000000	0.838629000000	0.444312000000	301.465332085137
1426	1	0.381992000000	0.795457000000	0.472644000000	300.488249485060
1426	2	0.441785000000	0.812139000000	0.511652000000	301.313965302196
1426	3	0.394644000000	0.837444000000	0.507423000000	300.665723852076
1427	0	0.416776000000	0.768541000000	0.548712000000	300.983215520825
1427	1	0.340333000000	0.740344000000	0.589766000000	299.864090723075
1427	2	0.356983000000	0.751858000000	0.509704000000	300.118756135420
1427	3	0.376757000000	0.707443000000	0.556018000000	300.421190560133
1428	0	0.338132000000	0.767044000000	0.586202000000	299.831443363131
1428	1	0.414575000000	0.795241000000	0.545148000000	300.951805940626
1428	2	0.354782000000	0.778558000000	0.506140000000	300.085181365836
1428	3	0.367434000000	0.820545000000	0.540919000000	300.273051109607
1429	0	0.430738000000	0.678951000000	0.393750000000	301.176131693877
1429	1	0.408904000000	0.608231000000	0.457652000000	300.890348466061
1429	2	0.452163000000	0.597305000000	0.402555000000	301.464892354528
1429	3	0.466834000000	0.643881000000	0.441131000000	301.651831411074
1430	0	0.521406000000	0.650716000000	0.332230000000	302.295955518264
1430	1	0.457296000000	0.688980000000	0.364142000000	301.522526473412
1430	2	0.478721000000	0.607334000000	0.372946000000	301.802934508612
1430	3	0.493392000000	0.653910000000	0.411523000000	301.979089319277
1431	0	0.462727000000	0.703614000000	0.458898000000	301.594897432031
1431	1	0.449676000000	0.767492000000	0.496122000000	301.427083692147
1431	2	0.426631000000	0.738684000000	0.411517000000	301.118400276919
1431	3	0.389883000000	0.750810000000	0.457113000000	300.610979045899
1432	0	0.475167000000	0.609143000000	0.462427000000	301.761757300958
1432	1	0.466037000000	0.531800000000	0.483960000000	301.641478667527
1432	2	0.417237000000	0.573494000000	0.478948000000	301.005739885335
1432	3	0.460496000000	0.562567000000	0.423850000000	301.571769347465
1433	0	0.384638000000	0.740832000000	0.485515000000	300.529193143190
1433	1	0.457482000000	0.693636000000	0.487300000000	301.531025452249
1433	2	0.444431000000	0.757515000000	0.524523000000	301.352961278632
1433	3	0.404412000000	0.696417000000	0.531829000000	300.820482562484
1434	0	0.376015000000	0.720054000000	0.450716000000	300.406994467789
1434	1	0.390928000000	0.637209000000	0.469022000000	300.635897121417
1434	2	0.412762000000	0.707928000000	0.405119000000	300.931576104571
1434	3	0.448858000000	0.672858000000	0.452500000000	301.421290310561
1435	0	0.504500000000	0.607441000000	0.454750000000	302.103479844479
1435	1	0.495370000000	0.530098000000	0.476284000000	302.003500786320
1435	2	0.489829000000	0.560865000000	0.416174000000	301.935725177382
1435	3	0.541493000000	0.566284000000	0.446429000000	302.520756896927
1436	0	0.443613000000	0.662880000000	0.480902000000	301.345534779099
1436	1	0.370769000000	0.710076000000	0.479118000000	300.332090837363
1436	2	0.385682000000	0.627231000000	0.497423000000	300.555506006285
1436	3	0.390543000000	0.665661000000	0.525431000000	300.622480039291
1437	0	0.519315000000	0.638083000000	0.413369000000	302.269780120595
1437	1	0.504644000000	0.591507000000	0.374792000000	302.107459598431
1437	2	0.547329000000	0.634888000000	0.334076000000	302.577333893803
1437	3	0.567107000000	0.621935000000	0.371961000000	302.781980076589
1438	0	0.522090000000	0.626352000000	0.435300000000	302.305164119911
1438	1	0.507419000000	0.579775000000	0.396724000000	302.140710948675
1438	2	0.569881000000	0.610204000000	0.393892000000	302.807793257790
1438	3	0.559082000000	0.585195000000	0.426979000000	302.699863473043
1439	0	0.459978000000	0.765883000000	0.395106000000	301.553535617975
1439	1	0.483024000000	0.794692000000	0.479711000000	301.836821529273
1439	2	0.532586000000	0.775662000000	0.417714000000	302.407138125462
1439	3	0.494633000000	0.821181000000	0.412370000000	301.968060469303
1440	0	0.584981000000	0.669141000000	0.318840000000	302.948674447680
1440	1	0.593479000000	0.717184000000	0.373360000000	303.032704626166
1440	2	0.604758000000	0.656187000000	0.356725000000	303.145979138167
1440	3	0.627628000000	0.691753000000	0.335026000000	303.336545018524
1441	0	0.478729000000	0.730862000000	0.338490000000	301.787301061483
1441	1	0.551336000000	0.740640000000	0.361098000000	302.606808194672
1441	2	0.542839000000	0.692597000000	0.306578000000	302.513605448869
1441	3	0.532998000000	0.739900000000	0.289056000000	302.409433972727
1442	0	0.535132000000	0.666335000000	0.417634000000	302.445281885053
1442	1	0.563145000000	0.663140000000	0.338341000000	302.736125407506
1442	2	0.571643000000	0.711183000000	0.392861000000	302.818596179889
1442	3	0.582923000000	0.650186000000	0.376226000000	302.937186039418
1443	0	0.578270000000	0.763250000000	0.285409000000	302.873447655240
1443	1	0.627858000000	0.807161000000	0.306854000000	303.327050713910
1443	2	0.596609000000	0.763991000000	0.357450000000	303.056243407505
1443	3	0.630758000000	0.738560000000	0.319117000000	303.366013271188
1444	0	0.565987000000	0.735063000000	0.284197000000	302.754512261193
1444	1	0.584326000000	0.735804000000	0.356238000000	302.940827592854
1444	2	0.575828000000	0.687761000000	0.301718000000	302.863497377644
1444	3	0.618475000000	0.710374000000	0.317905000000	303.252364976519
1445	0	0.483469000000	0.766767000000	0.489018000000	301.845482797494
1445	1	0.460423000000	0.737958000000	0.404413000000	301.564047195297
1445	2	0.533031000000	0.747737000000	0.427020000000	302.415483296955
1445	3	0.496519000000	0.702889000000	0.451794000000	302.008215462005
1446	0	0.555989000000	0.785174000000	0.295603000000	302.652005012397
1446	1	0.605578000000	0.829086000000	0.317049000000	303.128393541425
1446	2	0.536375000000	0.831434000000	0.362301000000	302.440173578150
1446	3	0.574328000000	0.785915000000	0.367645000000	302.835330635715
1447	0	0.537223000000	0.678967000000	0.336495000000	302.460978939571
1447	1	0.473113000000	0.717232000000	0.368407000000	301.724002993565
1447	2	0.509209000000	0.682162000000	0.415788000000	302.151888637317
1447	3	0.545721000000	0.727010000000	0.391015000000	302.552250804225
1448	0	0.523895000000	0.768812000000	0.304252000000	302.303462342410
1448	1	0.469626000000	0.759774000000	0.353686000000	301.672932388506
1448	2	0.542234000000	0.769553000000	0.376294000000	302.507770258234
1448	3	0.504281000000	0.815072000000	0.370950000000	302.076040976823
1449	0	0.616461000000	0.237709000000	0.642881000000	303.239266501136
1449	1	0.617268000000	0.290924000000	0.557347000000	303.253209145476
1449	2	0.668393000000	0.223974000000	0.568262000000	303.665582849160
1449	3	0.585633000000	0.212758000000	0.567490000000	302.955986976282
1450	0	0.534456000000	0.186335000000	0.803654000000	302.407383469977
1450	1	0.514966000000	0.178435000000	0.725899000000	302.195940712774
1450	2	0.576430000000	0.203842000000	0.740075000000	302.845534751444
1450	3	0.572235000000	0.151693000000	0.769657000000	302.793075545459
1451	0	0.582710000000	0.140988000000	0.740149000000	302.899545873389
1451	1	0.525441000000	0.167730000000	0.696391000000	302.315134326556
1451	2	0.586905000000	0.193137000000	0.710567000000	302.952870467496
1451	3	0.578828000000	0.140988000000	0.678657000000	302.867448599402
1452	0	0.547846000000	0.176591000000	0.602738000000	302.568167049491
1452	1	0.578674000000	0.201542000000	0.678129000000	302.876583094930
1452	2	0.517211000000	0.176134000000	0.663953000000	302.225345140077
1452	3	0.570598000000	0.149393000000	0.646219000000	302.795958848909
1453	0	0.662171000000	0.123735000000	0.656060000000	303.595989798485
1453	1	0.614987000000	0.130602000000	0.730629000000	303.199061259233
1453	2	0.619182000000	0.182752000000	0.701047000000	303.246768224804
1453	3	0.611105000000	0.130602000000	0.669136000000	303.171806305774
1454	0	0.665648000000	0.191414000000	0.584833000000	303.642335773903
1454	1	0.613716000000	0.205149000000	0.659451000000	303.208394902987
1454	2	0.582888000000	0.180198000000	0.584061000000	302.921661725427
1454	3	0.605639000000	0.153000000000	0.627541000000	303.135142048033
1455	0	0.688459000000	0.180887000000	0.594228000000	303.814088969392
1455	1	0.636526000000	0.194622000000	0.668847000000	303.402071303340
1455	2	0.628450000000	0.142473000000	0.636936000000	303.327527780338
1455	3	0.679515000000	0.135605000000	0.623861000000	303.731000393475
1456	0	0.347025000000	0.579034000000	0.553030000000	299.974826363598
1456	1	0.349760000000	0.547601000000	0.619631000000	300.018154813332
1456	2	0.316199000000	0.608258000000	0.610370000000	299.489530892643
1456	3	0.297898000000	0.582200000000	0.602219000000	299.195779639779
1457	0	0.382682000000	0.526798000000	0.531681000000	300.520878791632
1457	1	0.369314000000	0.431842000000	0.564110000000	300.321453311921
1457	2	0.431482000000	0.485104000000	0.536694000000	301.193568184277
1457	3	0.385416000000	0.495365000000	0.598282000000	300.550911474781
1458	0	0.339650000000	0.553959000000	0.540393000000	299.859992709045
1458	1	0.284956000000	0.502041000000	0.556838000000	298.972048482345
1458	2	0.342384000000	0.522527000000	0.606994000000	299.903781778243
1458	3	0.290522000000	0.557125000000	0.589581000000	299.068887661235
1459	0	0.350700000000	0.523638000000	0.535214000000	300.029953797993
1459	1	0.337333000000	0.428682000000	0.567643000000	299.826440151579
1459	2	0.353435000000	0.492206000000	0.601815000000	300.077305162266
1459	3	0.296006000000	0.471720000000	0.551659000000	299.156297592033
1460	0	0.333566000000	0.465570000000	0.627356000000	299.762642341567
1460	1	0.266537000000	0.410809000000	0.643405000000	298.659645727663
1460	2	0.276138000000	0.445084000000	0.577199000000	298.819263745757
1460	3	0.317464000000	0.402047000000	0.593184000000	299.513565914791
1461	0	0.396739000000	0.459452000000	0.611238000000	300.714146755464
1461	1	0.442805000000	0.449191000000	0.549649000000	301.346942315179
1461	2	0.430644000000	0.374667000000	0.586562000000	301.186610096524
1461	3	0.380637000000	0.395929000000	0.577066000000	300.485045316120
1462	0	0.270555000000	0.549423000000	0.649337000000	298.725771532726
1462	1	0.322417000000	0.514825000000	0.666750000000	299.590573293883
1462	2	0.276555000000	0.504964000000	0.720279000000	298.828352676640
1462	3	0.243502000000	0.510706000000	0.689835000000	298.249156955813
1463	0	0.250701000000	0.432450000000	0.693140000000	298.373260511703
1463	1	0.317730000000	0.487211000000	0.677090000000	299.515903380739
1463	2	0.238815000000	0.483093000000	0.700176000000	298.163303967595
1463	3	0.271868000000	0.477351000000	0.730620000000	298.746780281969
1464	0	0.333549000000	0.470160000000	0.686386000000	299.765404460940
1464	1	0.266520000000	0.415399000000	0.702435000000	298.651118999971
1464	2	0.305825000000	0.410863000000	0.739552000000	299.307684271560
1464	3	0.287687000000	0.460300000000	0.739915000000	299.013680363812
1465	0	0.366443000000	0.558499000000	0.613086000000	300.277081435472
1465	1	0.363708000000	0.589931000000	0.546485000000	300.232649261423
1465	2	0.332882000000	0.619155000000	0.603825000000	299.753764180863
1465	3	0.368569000000	0.628361000000	0.574493000000	300.294469075040
1466	0	0.342746000000	0.453577000000	0.659284000000	299.911406544070
1466	1	0.326644000000	0.390054000000	0.625112000000	299.652320609022
1466	2	0.315022000000	0.394280000000	0.712451000000	299.464881885446
1466	3	0.275717000000	0.398816000000	0.675334000000	298.817255372649
1467	0	0.239928000000	0.507423000000	0.657794000000	298.187195533270
1467	1	0.318843000000	0.511541000000	0.634709000000	299.532207254234
1467	2	0.261415000000	0.491055000000	0.584553000000	298.569795969931
1467	3	0.266981000000	0.546139000000	0.617296000000	298.665666653886
1468	0	0.314156000000	0.483927000000	0.645049000000	299.457956582422
1468	1	0.256728000000	0.463441000000	0.594893000000	298.486885791426
1468	2	0.247127000000	0.429166000000	0.661099000000	298.311648591739
1468	3	0.235241000000	0.479809000000	0.668135000000	298.094902382679
1469	0	0.536483000000	0.302954000000	0.640228000000	302.459786376684
1469	1	0.523232000000	0.221884000000	0.588403000000	302.307999995801
1469	2	0.492596000000	0.221427000000	0.649617000000	301.944626018061
1469	3	0.483904000000	0.285138000000	0.609059000000	301.853810365301
1470	0	0.544911000000	0.210048000000	0.605317000000	302.539688664607
1470	1	0.558162000000	0.291118000000	0.657142000000	302.686391436365
1470	2	0.514275000000	0.209591000000	0.666531000000	302.192950899620
1470	3	0.575739000000	0.234999000000	0.680708000000	302.855175157740
1471	0	0.595789000000	0.312510000000	0.573123000000	303.056847082892
1471	1	0.564154000000	0.234344000000	0.583266000000	302.740323685897
1471	2	0.594982000000	0.259295000000	0.658657000000	303.043342820482
1471	3	0.577405000000	0.315414000000	0.635091000000	302.883494698523
1472	0	0.574109000000	0.324346000000	0.556209000000	302.853621839106
1472	1	0.542474000000	0.246180000000	0.566352000000	302.521407438307
1472	2	0.555726000000	0.327250000000	0.618177000000	302.662623019907
1472	3	0.503146000000	0.309434000000	0.587008000000	302.078220691828
1473	0	0.424467000000	0.388599000000	0.668100000000	301.090206060000
1473	1	0.392410000000	0.445148000000	0.639200000000	300.650097661935
1473	2	0.426315000000	0.360363000000	0.614524000000	301.126490726983
1473	3	0.376308000000	0.381625000000	0.605028000000	300.415370442222
1474	0	0.411756000000	0.349600000000	0.733176000000	300.914575123031
1474	1	0.391882000000	0.291869000000	0.779504000000	300.626990190429
1474	2	0.351974000000	0.346852000000	0.757443000000	300.044151039895
1474	3	0.371907000000	0.305216000000	0.727628000000	300.344124026699
1475	0	0.373900000000	0.350435000000	0.612244000000	300.381695760356
1475	1	0.422059000000	0.357409000000	0.675315000000	301.062710881982
1475	2	0.382210000000	0.313024000000	0.669767000000	300.493696913501
1475	3	0.423908000000	0.329173000000	0.621740000000	301.091138015277
1476	0	0.345641000000	0.393728000000	0.716421000000	299.946471155803
1476	1	0.357263000000	0.389501000000	0.629083000000	300.137112748599
1476	2	0.373365000000	0.453024000000	0.663255000000	300.375084696003
1476	3	0.405423000000	0.396475000000	0.692154000000	300.832135587667
1477	0	0.343234000000	0.362537000000	0.723637000000	299.912998912598
1477	1	0.354855000000	0.358311000000	0.636299000000	300.091111923717
1477	2	0.403015000000	0.365285000000	0.699370000000	300.792401235273
1477	3	0.363166000000	0.320901000000	0.693821000000	300.210015396827
1478	0	0.231853000000	0.617766000000	0.699155000000	298.032099648467
1478	1	0.267271000000	0.542123000000	0.731372000000	298.660777528577
1478	2	0.261272000000	0.586582000000	0.660430000000	298.561665892326
1478	3	0.285456000000	0.602332000000	0.715514000000	298.977758750862
1479	0	0.241082000000	0.660621000000	0.683635000000	298.203450806567
1479	1	0.288065000000	0.697603000000	0.657478000000	299.023941518480
1479	2	0.294685000000	0.645187000000	0.699994000000	299.131108067293
1479	3	0.288802000000	0.655496000000	0.653062000000	299.036954925173
1480	0	0.314375000000	0.603795000000	0.689524000000	299.460175295112
1480	1	0.342052000000	0.553447000000	0.651853000000	299.896833080325
1480	2	0.290190000000	0.588045000000	0.634441000000	299.061313399449
1480	3	0.308491000000	0.614103000000	0.642592000000	299.365602928052
1481	0	0.286389000000	0.566254000000	0.653844000000	298.994626911516
1481	1	0.292388000000	0.521795000000	0.724786000000	299.088653048863
1481	2	0.338251000000	0.531656000000	0.671257000000	299.833951447661
1481	3	0.310573000000	0.582004000000	0.708928000000	299.398280575305
1482	0	0.279395000000	0.712838000000	0.675635000000	298.871412106169
1482	1	0.286016000000	0.660422000000	0.718151000000	298.985605098062
1482	2	0.252076000000	0.720031000000	0.729977000000	298.386924510975
1482	3	0.232413000000	0.675856000000	0.701792000000	298.042782888535
1483	0	0.235655000000	0.639557000000	0.679751000000	298.104596740639
1483	1	0.289258000000	0.624122000000	0.696110000000	299.040990362147
1483	2	0.265073000000	0.608373000000	0.641026000000	298.629699343347
1483	3	0.283374000000	0.634431000000	0.649178000000	298.948467659448
1484	0	0.373670000000	0.639224000000	0.597925000000	300.373612535385
1484	1	0.371544000000	0.569361000000	0.636518000000	300.352220793047
1484	2	0.385317000000	0.635945000000	0.645742000000	300.545881243550
1484	3	0.337983000000	0.630018000000	0.627256000000	299.835117728409
1485	0	0.350043000000	0.725606000000	0.618854000000	300.019252407710
1485	1	0.426486000000	0.753803000000	0.577800000000	301.118232942382
1485	2	0.398114000000	0.689426000000	0.632924000000	300.727378249652
1485	3	0.386466000000	0.692705000000	0.585106000000	300.560536470403
1486	0	0.324058000000	0.645435000000	0.696259000000	299.614856376133
1486	1	0.317438000000	0.697850000000	0.653743000000	299.500459919922
1486	2	0.365509000000	0.661671000000	0.667812000000	300.254301920149
1486	3	0.318175000000	0.655743000000	0.649326000000	299.519498427777
1487	0	0.376108000000	0.629915000000	0.669309000000	300.413147203714
1487	1	0.362334000000	0.563331000000	0.660085000000	300.213355440930
1487	2	0.334657000000	0.613679000000	0.697756000000	299.781611711742
1487	3	0.328774000000	0.623988000000	0.650823000000	299.692123340581
1488	0	0.374719000000	0.667701000000	0.644245000000	300.395394864452
1488	1	0.326648000000	0.703881000000	0.630176000000	299.652229354407
1488	2	0.363072000000	0.670980000000	0.596427000000	300.222602642626
1488	3	0.327385000000	0.661774000000	0.625759000000	299.670705716975
1489	0	0.204613000000	0.597797000000	0.813915000000	297.524686772531
1489	1	0.227339000000	0.523122000000	0.790345000000	297.945032194979
1489	2	0.170339000000	0.530550000000	0.842829000000	296.863678706145
1489	3	0.154607000000	0.559841000000	0.786111000000	296.553956308362
1490	0	0.132132000000	0.649956000000	0.833391000000	296.084268271360
1490	1	0.147864000000	0.560492000000	0.852991000000	296.408614423381
1490	2	0.132132000000	0.589782000000	0.796273000000	296.091061484716
1490	3	0.182138000000	0.627738000000	0.824077000000	297.094064417779
1491	0	0.262103000000	0.551461000000	0.760578000000	298.570261815330
1491	1	0.226685000000	0.627103000000	0.728361000000	297.935321322184
1491	2	0.239377000000	0.626135000000	0.784149000000	298.164315376813
1491	3	0.280288000000	0.611669000000	0.744720000000	298.883325333025
1492	0	0.161276000000	0.580921000000	0.759936000000	296.684114819242
1492	1	0.234008000000	0.544202000000	0.764171000000	298.067394589476
1492	2	0.198590000000	0.619845000000	0.731953000000	297.409738202249
1492	3	0.211282000000	0.618877000000	0.787741000000	297.652177487125
1493	0	0.138801000000	0.671036000000	0.807217000000	296.224028198639
1493	1	0.138801000000	0.610862000000	0.770098000000	296.231448755771
1493	2	0.176114000000	0.649786000000	0.742115000000	296.970507083634
1493	3	0.188807000000	0.648818000000	0.797903000000	297.222469706073
1494	0	0.156408000000	0.696715000000	0.807279000000	296.582069845651
1494	1	0.193721000000	0.675465000000	0.742177000000	297.313427619959
1494	2	0.213385000000	0.719640000000	0.770362000000	297.689546611441
1494	3	0.206414000000	0.674497000000	0.797965000000	297.551724571846
1495	0	0.275419000000	0.648695000000	0.743473000000	298.806288195946
1495	1	0.241480000000	0.708304000000	0.755299000000	298.200915802738
1495	2	0.221816000000	0.664129000000	0.727115000000	297.846681442154
1495	3	0.234509000000	0.663161000000	0.782903000000	298.080313105242
1496	0	0.086751000000	0.587506000000	0.979091000000	295.122320909705
1496	1	0.020479100000	0.583011000000	0.911427000000	295.139950409319
1496	2	0.020479100000	0.546801000000	0.979091000000	294.457430947004
1496	3	0.020479100000	0.621337000000	0.979091000000	294.530043037868
1497	0	0.106253000000	0.643060000000	0.870588000000	295.543008054672
1497	1	0.122518000000	0.592952000000	0.941390000000	295.885657534737
1497	2	0.056246300000	0.588458000000	0.873726000000	294.835998950397
1497	3	0.121985000000	0.553595000000	0.890188000000	295.875739946247
1498	0	0.102204000000	0.615569000000	0.957212000000	295.453023596275
1498	1	0.085938200000	0.665676000000	0.886411000000	295.107571612743
1498	2	0.035931900000	0.611074000000	0.889548000000	294.867030908353
1498	3	0.035931900000	0.649399000000	0.957212000000	295.019579588598
1499	0	0.040793500000	0.524185000000	0.963269000000	294.598378978750
1499	1	0.040793500000	0.560395000000	0.895605000000	294.857473778600
1499	2	0.107065000000	0.564890000000	0.963269000000	295.555314332329
1499	3	0.106532000000	0.525532000000	0.912067000000	295.541174957683
1500	0	0.153424000000	0.602960000000	0.937542000000	296.513659603313
1500	1	0.152890000000	0.563602000000	0.886340000000	296.509730097566
1500	2	0.137158000000	0.653067000000	0.866741000000	296.180152723348
1500	3	0.187164000000	0.630849000000	0.857426000000	297.189826571028
1501	0	0.061968400000	0.501601000000	0.984178000000	294.757612993705
1501	1	0.128240000000	0.542306000000	0.984178000000	296.002319962485
1501	2	0.130492000000	0.464729000000	0.984178000000	296.051349852160
1501	3	0.127707000000	0.502949000000	0.932976000000	295.990606042906
1502	0	0.078014900000	0.754477000000	0.980999000000	294.947659929883
1502	1	0.018416800000	0.752574000000	0.919512000000	294.292432424785
1502	2	0.018416800000	0.714079000000	0.980999000000	294.134307893225
1502	3	0.018416800000	0.788614000000	0.980999000000	294.414694471517
1503	0	0.095081000000	0.815786000000	0.892852000000	295.300362207755
1503	1	0.096112900000	0.778487000000	0.960191000000	295.323289809783
1503	2	0.036514800000	0.812624000000	0.960191000000	294.725474260869
1503	3	0.036514800000	0.776584000000	0.898703000000	294.491969919054
1504	0	0.033869600000	0.696076000000	0.959121000000	294.463443339522
1504	1	0.093467700000	0.736474000000	0.959121000000	295.268262585061
1504	2	0.083875900000	0.712353000000	0.888319000000	295.057829951893
1504	3	0.033869600000	0.734571000000	0.897633000000	294.181510309005
1505	0	0.110611000000	0.834485000000	0.911852000000	295.636040748456
1505	1	0.052044700000	0.831323000000	0.979191000000	294.763004224710
1505	2	0.111643000000	0.797186000000	0.979191000000	295.650040665860
1505	3	0.102301000000	0.855795000000	0.979191000000	295.447396652048
1506	0	0.120621000000	0.639896000000	0.978121000000	295.840312716544
1506	1	0.104355000000	0.690003000000	0.907320000000	295.496538156429
1506	2	0.054348700000	0.673726000000	0.978121000000	294.789437888724
1506	3	0.113947000000	0.714124000000	0.978121000000	295.695005290455
1507	0	0.111566000000	0.760484000000	0.938312000000	295.650164905997
1507	1	0.051967600000	0.758581000000	0.876825000000	294.351853440965
1507	2	0.110534000000	0.797783000000	0.870973000000	295.626169341956
1507	3	0.101974000000	0.736363000000	0.867510000000	295.452615160197
1508	0	0.297866000000	0.721178000000	0.692676000000	299.178167489127
1508	1	0.304486000000	0.668762000000	0.735191000000	299.288679190737
1508	2	0.310654000000	0.711186000000	0.773976000000	299.379189829400
1508	3	0.270547000000	0.728372000000	0.747017000000	298.716731700954
1509	0	0.293890000000	0.657035000000	0.760514000000	299.113639920726
1509	1	0.259950000000	0.716645000000	0.772339000000	298.532025347733
1509	2	0.252979000000	0.671501000000	0.799943000000	298.406829806913
1509	3	0.300058000000	0.699459000000	0.799298000000	299.213331049473
1510	0	0.333951000000	0.697783000000	0.761531000000	299.752916508886
1510	1	0.321163000000	0.707775000000	0.680231000000	299.560665098775
1510	2	0.369233000000	0.671595000000	0.694300000000	300.309413718869
1510	3	0.327783000000	0.655359000000	0.722746000000	299.672206877756
1511	0	0.329022000000	0.427133000000	0.751627000000	299.683347266921
1511	1	0.356745000000	0.486430000000	0.698461000000	300.118962442971
1511	2	0.310883000000	0.476570000000	0.751991000000	299.400474643952
1511	3	0.364780000000	0.484322000000	0.753587000000	300.243406208897
1512	0	0.380824000000	0.472003000000	0.690850000000	300.488606963070
1512	1	0.353100000000	0.412706000000	0.744016000000	300.070414911610
1512	2	0.412881000000	0.415454000000	0.719749000000	300.933475457752
1512	3	0.388859000000	0.469894000000	0.745976000000	300.596767837075
1513	0	0.383223000000	0.541827000000	0.735108000000	300.512679297847
1513	1	0.388962000000	0.610520000000	0.689206000000	300.593654711648
1513	2	0.375188000000	0.543935000000	0.679981000000	300.398562587541
1513	3	0.347511000000	0.594283000000	0.717653000000	299.980344934581
1514	0	0.356760000000	0.520313000000	0.693673000000	300.124293555470
1514	1	0.329082000000	0.570661000000	0.731344000000	299.688018812952
1514	2	0.310897000000	0.510452000000	0.747202000000	299.399764764687
1514	3	0.364795000000	0.518204000000	0.748799000000	300.243925895647
1515	0	0.279742000000	0.568858000000	0.896087000000	298.863729860683
1515	1	0.187083000000	0.583081000000	0.944470000000	297.183101955924
1515	2	0.220824000000	0.610970000000	0.864354000000	297.818953468242
1515	3	0.186550000000	0.543723000000	0.893268000000	297.167297226525
1516	0	0.320424000000	0.570711000000	0.842927000000	299.548875996075
1516	1	0.284232000000	0.538148000000	0.787624000000	298.948845287800
1516	2	0.261506000000	0.612823000000	0.811194000000	298.562898937549
1516	3	0.302416000000	0.598356000000	0.771765000000	299.250453316391
1517	0	0.297191000000	0.554401000000	0.864047000000	299.158401363135
1517	1	0.203999000000	0.529266000000	0.861227000000	297.509589661431
1517	2	0.238273000000	0.596513000000	0.832314000000	298.139030261148
1517	3	0.260998000000	0.521838000000	0.808743000000	298.555346335478
1518	0	0.326094000000	0.577676000000	0.764975000000	299.642167698201
1518	1	0.344102000000	0.550031000000	0.836137000000	299.917202290242
1518	2	0.307909000000	0.517468000000	0.780834000000	299.348952678521
1518	3	0.361807000000	0.525220000000	0.782430000000	300.197203252649
1519	0	0.327950000000	0.602426000000	0.850012000000	299.663671190409
1519	1	0.309942000000	0.630071000000	0.778850000000	299.378085630149
1519	2	0.269032000000	0.644538000000	0.818279000000	298.692030282895
1519	3	0.316110000000	0.672495000000	0.817634000000	299.477334947645
1520	0	0.253517000000	0.468520000000	0.817242000000	298.418717860829
1520	1	0.196517000000	0.475947000000	0.869727000000	297.368099802211
1520	2	0.234290000000	0.414128000000	0.869727000000	298.060622338568
1520	3	0.261999000000	0.457605000000	0.871136000000	298.563074633648
1521	0	0.307815000000	0.459236000000	0.839080000000	299.344572137268
1521	1	0.353230000000	0.477902000000	0.786783000000	300.063008395268
1521	2	0.317471000000	0.420714000000	0.784823000000	299.504967956146
1521	3	0.299332000000	0.470151000000	0.785186000000	299.204738769479
1522	0	0.306835000000	0.527952000000	0.873417000000	299.316067994026
1522	1	0.213643000000	0.502817000000	0.870598000000	297.685574969127
1522	2	0.270642000000	0.495390000000	0.818113000000	298.720100565751
1522	3	0.279125000000	0.484475000000	0.872007000000	298.859600872842
1523	0	0.276736000000	0.450947000000	0.800912000000	298.821486661930
1523	1	0.257509000000	0.396556000000	0.853396000000	298.485066194496
1523	2	0.294874000000	0.401511000000	0.800548000000	299.124967210511
1523	3	0.285218000000	0.440033000000	0.854806000000	298.962842558935
1524	0	0.358809000000	0.503242000000	0.803985000000	300.149541294383
1524	1	0.341104000000	0.528052000000	0.857692000000	299.872882240609
1524	2	0.304911000000	0.495490000000	0.802388000000	299.297691856307
1524	3	0.313394000000	0.484576000000	0.856282000000	299.432795798479
1525	0	0.182549000000	0.428212000000	0.952969000000	297.084251506014
1525	1	0.179764000000	0.466432000000	0.901768000000	297.035149850363
1525	2	0.245246000000	0.448090000000	0.903177000000	298.266417313935
1525	3	0.217536000000	0.404613000000	0.901768000000	297.756409444342
1526	0	0.257788000000	0.326132000000	0.984178000000	298.472392646430
1526	1	0.177410000000	0.295068000000	0.984178000000	296.984905560619
1526	2	0.184495000000	0.372193000000	0.984178000000	297.124271878299
1526	3	0.219482000000	0.348594000000	0.932976000000	297.794726719789
1527	0	0.279352000000	0.356108000000	0.968791000000	298.850279453904
1527	1	0.206058000000	0.402168000000	0.968791000000	297.544439164703
1527	2	0.268756000000	0.422046000000	0.918999000000	298.676221007825
1527	3	0.241046000000	0.378569000000	0.917590000000	298.179162994139
1528	0	0.366449000000	0.180643000000	0.979317000000	300.220155257389
1528	1	0.319551000000	0.252033000000	0.979317000000	299.508736486500
1528	2	0.312880000000	0.203646000000	0.912384000000	299.398754117811
1528	3	0.287218000000	0.169479000000	0.979317000000	298.966950395501
1529	0	0.273550000000	0.216107000000	0.912384000000	298.751765971947
1529	1	0.280221000000	0.264495000000	0.979317000000	298.849560964959
1529	2	0.199843000000	0.233430000000	0.979317000000	297.417828224530
1529	3	0.247887000000	0.181940000000	0.979317000000	298.291694801235
1530	0	0.271705000000	0.248559000000	0.896562000000	298.720752014310
1530	1	0.197998000000	0.265882000000	0.963495000000	297.381689372751
1530	2	0.278375000000	0.296946000000	0.963495000000	298.829116583087
1530	3	0.240070000000	0.319408000000	0.912293000000	298.172459109217
1531	0	0.388482000000	0.197635000000	0.953981000000	300.545188934247
1531	1	0.341584000000	0.269025000000	0.953981000000	299.863299423090
1531	2	0.380551000000	0.241457000000	0.871992000000	300.448947262615
1531	3	0.334914000000	0.220637000000	0.887048000000	299.757771473144
1532	0	0.354222000000	0.270459000000	0.856170000000	300.066098314748
1532	1	0.315255000000	0.298027000000	0.938159000000	299.446565796940
1532	2	0.276949000000	0.320488000000	0.886957000000	298.818581939664
1532	3	0.308584000000	0.249639000000	0.871226000000	299.342325978378
1533	0	0.215574000000	0.422259000000	0.984613000000	297.715315587643
1533	1	0.288867000000	0.376199000000	0.984613000000	299.008649831321
1533	2	0.278271000000	0.442137000000	0.934821000000	298.838192276662
1533	3	0.281355000000	0.463677000000	0.984613000000	298.885864829326
1534	0	0.217217000000	0.506101000000	0.902639000000	297.749596046398
1534	1	0.310409000000	0.531236000000	0.905458000000	299.376588594979
1534	2	0.285782000000	0.509299000000	0.953840000000	298.957014293267
1534	3	0.282699000000	0.487759000000	0.904048000000	298.917919864043
1535	0	0.237775000000	0.507552000000	0.984178000000	298.116656884264
1535	1	0.171994000000	0.466134000000	0.984178000000	296.878817895048
1535	2	0.169743000000	0.543711000000	0.984178000000	296.834247001348
1535	3	0.169209000000	0.504353000000	0.932976000000	296.834326729976
1536	0	0.290339000000	0.549066000000	0.920844000000	299.041365420780
1536	1	0.197680000000	0.563289000000	0.969227000000	297.381041487534
1536	2	0.197147000000	0.523931000000	0.918025000000	297.370979866217
1536	3	0.265712000000	0.527129000000	0.969227000000	298.621615701450
1537	0	0.257845000000	0.489721000000	0.968791000000	298.482095524260
1537	1	0.192064000000	0.448303000000	0.968791000000	297.272712319746
1537	2	0.189280000000	0.486523000000	0.917590000000	297.216131649672
1537	3	0.254762000000	0.468181000000	0.918999000000	298.429481057813
1538	0	0.271642000000	0.806664000000	0.748248000000	298.730340002449
1538	1	0.268631000000	0.875425000000	0.765817000000	298.665931191296
1538	2	0.341481000000	0.854580000000	0.742196000000	299.873465225302
1538	3	0.309722000000	0.859356000000	0.701503000000	299.360583505430
1539	0	0.279220000000	0.909376000000	0.756092000000	298.847535026077
1539	1	0.316498000000	0.950484000000	0.707051000000	299.459290279638
1539	2	0.352071000000	0.888531000000	0.732471000000	300.028916579146
1539	3	0.320311000000	0.893307000000	0.691778000000	299.531512877646
1540	0	0.281014000000	0.783192000000	0.726026000000	298.891653420044
1540	1	0.350854000000	0.831109000000	0.719974000000	300.015646045705
1540	2	0.308333000000	0.775999000000	0.671684000000	299.354272255493
1540	3	0.319095000000	0.835885000000	0.679281000000	299.513740373081
1541	0	0.351480000000	0.809515000000	0.742750000000	300.023093592708
1541	1	0.308960000000	0.754405000000	0.694460000000	299.361709809140
1541	2	0.321748000000	0.744413000000	0.775760000000	299.563616323197
1541	3	0.281641000000	0.761599000000	0.748801000000	298.898970914755
1542	0	0.164561000000	0.642875000000	0.942090000000	296.740926648084
1542	1	0.200070000000	0.732687000000	0.905607000000	297.419781516538
1542	2	0.198302000000	0.670765000000	0.861975000000	297.400490483235
1542	3	0.148296000000	0.692983000000	0.871289000000	296.419000887951
1543	0	0.242652000000	0.757029000000	0.869243000000	298.213337255998
1543	1	0.240883000000	0.695107000000	0.825610000000	298.191407434000
1543	2	0.247855000000	0.740250000000	0.798007000000	298.309637429777
1543	3	0.287962000000	0.723064000000	0.824966000000	299.005154163871
1544	0	0.135807000000	0.707302000000	0.896046000000	296.159565849668
1544	1	0.152073000000	0.657195000000	0.966847000000	296.486058849207
1544	2	0.187581000000	0.747007000000	0.930365000000	297.181239140916
1544	3	0.145399000000	0.731424000000	0.966847000000	296.355194828077
1545	0	0.205046000000	0.764322000000	0.805033000000	297.528202415189
1545	1	0.148069000000	0.741397000000	0.841950000000	296.412373159020
1545	2	0.199843000000	0.781102000000	0.876269000000	297.423709327015
1545	3	0.156629000000	0.802817000000	0.845413000000	296.585063503986
1546	0	0.221723000000	0.792655000000	0.799054000000	297.839518538473
1546	1	0.216520000000	0.809434000000	0.870290000000	297.739352093245
1546	2	0.218712000000	0.861416000000	0.816624000000	297.776707213987
1546	3	0.173305000000	0.831150000000	0.839434000000	296.908826248240
1547	0	0.143018000000	0.765888000000	0.946039000000	296.305352526656
1547	1	0.133426000000	0.741766000000	0.875237000000	296.109623543951
1547	2	0.141986000000	0.803187000000	0.878700000000	296.281625287601
1547	3	0.185200000000	0.781471000000	0.909556000000	297.139715265504
1548	0	0.212651000000	0.755256000000	0.872320000000	297.667002453412
1548	1	0.160876000000	0.715551000000	0.838002000000	296.671681389083
1548	2	0.217854000000	0.738476000000	0.801084000000	297.763639579579
1548	3	0.210883000000	0.693333000000	0.828688000000	297.628991490844
1549	0	0.271302000000	0.800382000000	0.773432000000	298.724279904845
1549	1	0.341141000000	0.848298000000	0.767380000000	299.861925462466
1549	2	0.268291000000	0.869143000000	0.791002000000	298.661387509904
1549	3	0.308281000000	0.832744000000	0.808185000000	299.337385595457
1550	0	0.261436000000	0.764201000000	0.800216000000	298.552715718864
1550	1	0.256233000000	0.780980000000	0.871452000000	298.455569690867
1550	2	0.301544000000	0.747015000000	0.827175000000	299.230836094550
1550	3	0.298416000000	0.796564000000	0.834970000000	299.173098536820
1551	0	0.354465000000	0.821739000000	0.770282000000	300.065207225976
1551	1	0.284626000000	0.773823000000	0.776333000000	298.950779486452
1551	2	0.324733000000	0.756637000000	0.803292000000	299.610497207328
1551	3	0.321605000000	0.806185000000	0.811086000000	299.554073074472
1552	0	0.242909000000	0.807539000000	0.868551000000	298.218972358760
1552	1	0.248112000000	0.790760000000	0.797315000000	298.315492484225
1552	2	0.245101000000	0.859521000000	0.814885000000	298.256046062458
1552	3	0.285091000000	0.823123000000	0.832068000000	298.946270067213
1553	0	0.166171000000	0.969213000000	0.885911000000	296.759597488074
1553	1	0.224400000000	0.910691000000	0.937509000000	297.867647930376
1553	2	0.219550000000	0.928105000000	0.847360000000	297.780876757563
1553	3	0.226205000000	0.969213000000	0.877032000000	297.901805134353
1554	0	0.208312000000	0.888635000000	0.935389000000	297.571210597205
1554	1	0.150083000000	0.947157000000	0.883791000000	296.437158727451
1554	2	0.203462000000	0.906049000000	0.845240000000	297.483468595644
1554	3	0.158056000000	0.875783000000	0.868050000000	296.610902847405
1555	0	0.196648000000	0.907923000000	0.984055000000	297.347175457094
1555	1	0.138418000000	0.966445000000	0.932458000000	296.198872566613
1555	2	0.138081000000	0.916381000000	0.984055000000	296.194506259153
1555	3	0.162361000000	0.966445000000	0.984055000000	296.679130248748
1556	0	0.215304000000	0.923393000000	0.965367000000	297.695886857202
1556	1	0.217108000000	0.981916000000	0.904890000000	297.730400181439
1556	2	0.157074000000	0.981916000000	0.913769000000	296.567049920270
1556	3	0.181016000000	0.981916000000	0.965367000000	297.042089423783
1557	0	0.191713000000	0.885867000000	0.963247000000	297.255350639585
1557	1	0.133483000000	0.944389000000	0.911649000000	296.101843069787
1557	2	0.141456000000	0.873016000000	0.895908000000	296.270364391531
1557	3	0.133146000000	0.894325000000	0.963247000000	296.087852453208
1558	0	0.194496000000	0.852285000000	0.979191000000	297.306664073517
1558	1	0.144239000000	0.839434000000	0.911852000000	296.327028562824
1558	2	0.145271000000	0.802135000000	0.979191000000	296.344144577218
1558	3	0.135929000000	0.860743000000	0.979191000000	296.147504662189
1559	0	0.160161000000	0.826138000000	0.900578000000	296.647643594398
1559	1	0.210418000000	0.838990000000	0.967917000000	297.612983194531
1559	2	0.161193000000	0.788839000000	0.967917000000	296.669026075655
1559	3	0.203375000000	0.804423000000	0.931434000000	297.478745091486
1560	0	0.219280000000	0.877283000000	0.849911000000	297.781483996776
1560	1	0.224130000000	0.859869000000	0.940060000000	297.862490284358
1560	2	0.173874000000	0.847017000000	0.872721000000	296.922245708852
1560	3	0.217088000000	0.825301000000	0.903577000000	297.746081111896
1561	0	0.558409000000	0.850400000000	0.382003000000	302.672191198633
1561	1	0.649325000000	0.865513000000	0.379060000000	303.501230591969
1561	2	0.596362000000	0.804881000000	0.387346000000	303.051516295992
1561	3	0.627611000000	0.848052000000	0.336750000000	303.315488179523
1562	0	0.606919000000	0.965394000000	0.401215000000	303.113158253797
1562	1	0.649846000000	0.900669000000	0.331773000000	303.493411733555
1562	2	0.664274000000	0.965394000000	0.342071000000	303.597165550737
1562	3	0.671560000000	0.918131000000	0.374083000000	303.665374399981
1563	0	0.581075000000	0.946118000000	0.412016000000	302.878853035093
1563	1	0.554800000000	0.883741000000	0.387826000000	302.629841248528
1563	2	0.624003000000	0.881393000000	0.342574000000	303.286016304672
1563	3	0.645717000000	0.898855000000	0.384884000000	303.466221262191
1564	0	0.753234000000	0.908345000000	0.290840000000	304.202261393297
1564	1	0.698814000000	0.951926000000	0.316015000000	303.847658148867
1564	2	0.684386000000	0.887201000000	0.305717000000	303.762345515450
1564	3	0.706100000000	0.904663000000	0.348027000000	303.915187446325
1565	0	0.775133000000	0.776725000000	0.219088000000	304.321718180237
1565	1	0.850720000000	0.788815000000	0.217521000000	304.639378973768
1565	2	0.826366000000	0.812495000000	0.170308000000	304.546624449657
1565	3	0.789069000000	0.824177000000	0.192634000000	304.377943772030
1566	0	0.860982000000	0.810274000000	0.220004000000	304.669105286313
1566	1	0.818602000000	0.867626000000	0.229608000000	304.512860578330
1566	2	0.836627000000	0.833954000000	0.172792000000	304.577372584586
1566	3	0.799331000000	0.845636000000	0.195117000000	304.423463924457
1567	0	0.854045000000	0.768271000000	0.160480000000	304.647071940444
1567	1	0.866949000000	0.679173000000	0.159234000000	304.698414707737
1567	2	0.878399000000	0.744591000000	0.207692000000	304.725451651759
1567	3	0.842183000000	0.690168000000	0.201025000000	304.624807108865
1568	0	0.878965000000	0.782567000000	0.147457000000	304.710254353224
1568	1	0.891869000000	0.693468000000	0.146211000000	304.753471829565
1568	2	0.947748000000	0.750724000000	0.145862000000	304.842222607092
1568	3	0.903320000000	0.758886000000	0.194670000000	304.780057480375
1569	0	0.956543000000	0.716656000000	0.164008000000	304.851048060832
1569	1	0.916221000000	0.638250000000	0.224328000000	304.818996695429
1569	2	0.912115000000	0.724818000000	0.212817000000	304.804341324132
1569	3	0.900664000000	0.659400000000	0.164358000000	304.783055747907
1570	0	0.891300000000	0.623955000000	0.237350000000	304.774814573590
1570	1	0.887194000000	0.710522000000	0.225839000000	304.756701761680
1570	2	0.875744000000	0.645104000000	0.177380000000	304.729181909221
1570	3	0.850978000000	0.656100000000	0.219172000000	304.654912094054
1571	0	0.834225000000	0.784751000000	0.175938000000	304.579312162500
1571	1	0.782993000000	0.748980000000	0.224718000000	304.369055597017
1571	2	0.822364000000	0.706647000000	0.216484000000	304.543190047271
1571	3	0.858580000000	0.761070000000	0.223151000000	304.667486258543
1572	0	0.901618000000	0.941257000000	0.213686000000	304.749779255928
1572	1	0.891755000000	0.864004000000	0.162357000000	304.732726260399
1572	2	0.960538000000	0.889289000000	0.153084000000	304.829573315057
1572	3	0.960538000000	0.880380000000	0.212887000000	304.834710255877
1573	0	0.981793000000	0.913162000000	0.157634000000	304.830959910186
1573	1	0.922873000000	0.965129000000	0.218235000000	304.782813396575
1573	2	0.981793000000	0.904252000000	0.217437000000	304.840947239485
1573	3	0.981793000000	0.965129000000	0.181629000000	304.818139671688
1574	0	0.909962000000	0.830291000000	0.146002000000	304.770565989728
1574	1	0.978745000000	0.846667000000	0.196533000000	304.847710508027
1574	2	0.978745000000	0.798449000000	0.144407000000	304.848309417106
1574	3	0.978745000000	0.855577000000	0.136729000000	304.836655173731
1575	0	0.965016000000	0.831536000000	0.213988000000	304.848630904363
1575	1	0.896233000000	0.815160000000	0.163457000000	304.750182167213
1575	2	0.965016000000	0.783318000000	0.161862000000	304.849499336723
1575	3	0.920587000000	0.791480000000	0.210670000000	304.805549946571
1576	0	0.938191000000	0.851781000000	0.232038000000	304.829225082364
1576	1	0.851382000000	0.869077000000	0.238324000000	304.633062751295
1576	2	0.869408000000	0.835405000000	0.181507000000	304.688818010191
1576	3	0.893762000000	0.811725000000	0.228720000000	304.755656408346
1577	0	0.864929000000	0.866595000000	0.182780000000	304.665655425460
1577	1	0.933712000000	0.882971000000	0.233310000000	304.812665780673
1577	2	0.874793000000	0.943848000000	0.234109000000	304.680140261290
1577	3	0.846904000000	0.900267000000	0.239596000000	304.607369396965
1578	0	0.849468000000	0.868884000000	0.265153000000	304.625730866960
1578	1	0.936276000000	0.851589000000	0.258867000000	304.828877093816
1578	2	0.861299000000	0.834591000000	0.295156000000	304.682077276495
1578	3	0.891848000000	0.811532000000	0.255549000000	304.755580959157
1579	0	0.785537000000	0.849986000000	0.322335000000	304.372286232559
1579	1	0.704859000000	0.863137000000	0.307209000000	303.901807766400
1579	2	0.726573000000	0.880598000000	0.349519000000	304.053193188951
1579	3	0.773706000000	0.884280000000	0.292332000000	304.310278088380
1580	0	0.826116000000	0.783936000000	0.289587000000	304.562465841093
1580	1	0.820449000000	0.706455000000	0.243313000000	304.544730982990
1580	2	0.781079000000	0.748788000000	0.251547000000	304.361404881666
1580	3	0.856666000000	0.760878000000	0.249980000000	304.668148095916
1581	0	0.859067000000	0.810082000000	0.246833000000	304.666103294250
1581	1	0.797416000000	0.845443000000	0.221946000000	304.418378431638
1581	2	0.828518000000	0.833140000000	0.286440000000	304.561661223029
1581	3	0.816688000000	0.867434000000	0.256437000000	304.511162880484
1582	0	0.713469000000	0.857479000000	0.278879000000	303.957850073254
1582	1	0.794147000000	0.844329000000	0.294005000000	304.411506912785
1582	2	0.763045000000	0.856632000000	0.229511000000	304.248775957318
1582	3	0.782316000000	0.878623000000	0.264002000000	304.350458463926
1583	0	0.848806000000	0.788623000000	0.244350000000	304.635707467112
1583	1	0.787155000000	0.823985000000	0.219463000000	304.375024465287
1583	2	0.773219000000	0.776533000000	0.245917000000	304.316286699886
1583	3	0.818257000000	0.811681000000	0.283957000000	304.525109938772
1584	0	0.783885000000	0.822870000000	0.291522000000	304.366020071086
1584	1	0.703207000000	0.836020000000	0.276395000000	303.900441860102
1584	2	0.752784000000	0.835174000000	0.227028000000	304.203697740660
1584	3	0.738848000000	0.787722000000	0.253482000000	304.133488920280
1585	0	0.739354000000	0.693696000000	0.326197000000	304.149988731356
1585	1	0.722446000000	0.716538000000	0.275507000000	304.037982861984
1585	2	0.708538000000	0.660224000000	0.295416000000	303.962276557860
1585	3	0.689705000000	0.696235000000	0.310683000000	303.823461936747
1586	0	0.732638000000	0.726023000000	0.327126000000	304.111727962786
1586	1	0.680090000000	0.797163000000	0.299349000000	303.744441376191
1586	2	0.715731000000	0.748865000000	0.276435000000	303.994769974436
1586	3	0.682990000000	0.728562000000	0.311612000000	303.776809075860
1587	0	0.704125000000	0.814298000000	0.300234000000	303.913810636475
1587	1	0.784804000000	0.801148000000	0.315361000000	304.384247461168
1587	2	0.756673000000	0.743158000000	0.328011000000	304.247456516403
1587	3	0.739766000000	0.766000000000	0.277320000000	304.148761902488
1588	0	0.761638000000	0.686888000000	0.312783000000	304.273999865284
1588	1	0.784101000000	0.667397000000	0.253858000000	304.393058810109
1588	2	0.730821000000	0.653417000000	0.282001000000	304.100978008776
1588	3	0.744730000000	0.709730000000	0.262092000000	304.179077513406
1589	0	0.807983000000	0.773142000000	0.305736000000	304.494369371926
1589	1	0.802316000000	0.695661000000	0.259461000000	304.473521204937
1589	2	0.779853000000	0.715151000000	0.318386000000	304.377313145254
1589	3	0.762946000000	0.737994000000	0.267695000000	304.273334312165
1590	0	0.812469000000	0.605845000000	0.323752000000	304.531543503639
1590	1	0.800092000000	0.642873000000	0.268414000000	304.468992860937
1590	2	0.746812000000	0.628893000000	0.296557000000	304.200963166298
1590	3	0.777629000000	0.662364000000	0.327339000000	304.360842986207
1591	0	0.721545000000	0.817592000000	0.409095000000	304.030969906136
1591	1	0.773224000000	0.834244000000	0.349899000000	304.323606774165
1591	2	0.692545000000	0.847394000000	0.334773000000	303.828875098583
1591	3	0.714259000000	0.864856000000	0.377083000000	303.972000041163
1592	0	0.707039000000	0.773078000000	0.403718000000	303.935489922635
1592	1	0.678038000000	0.802879000000	0.329397000000	303.733637577932
1592	2	0.730586000000	0.731739000000	0.357173000000	304.101935440355
1592	3	0.680938000000	0.734278000000	0.341659000000	303.764234914192
1593	0	0.731074000000	0.790213000000	0.404603000000	304.100469062699
1593	1	0.702073000000	0.820014000000	0.330282000000	303.895839193960
1593	2	0.782752000000	0.806864000000	0.345408000000	304.375237849034
1593	3	0.754621000000	0.748874000000	0.358058000000	304.241650187338
1594	0	0.681144000000	0.781721000000	0.410770000000	303.754971650943
1594	1	0.652144000000	0.811522000000	0.336448000000	303.532256712252
1594	2	0.655043000000	0.742921000000	0.348711000000	303.558955884199
1594	3	0.620894000000	0.768351000000	0.387044000000	303.276411858604
1595	0	0.657958000000	0.838117000000	0.345733000000	303.578317888741
1595	1	0.626708000000	0.794946000000	0.396329000000	303.325617971692
1595	2	0.686958000000	0.808315000000	0.420055000000	303.795879946933
1595	3	0.679672000000	0.855579000000	0.388043000000	303.739948612165
1596	0	0.724442000000	0.629041000000	0.374482000000	304.064866463013
1596	1	0.690177000000	0.675580000000	0.334048000000	303.829151942338
1596	2	0.739825000000	0.673041000000	0.349562000000	304.156210632132
1596	3	0.709009000000	0.639569000000	0.318781000000	303.967959764514
1597	0	0.703657000000	0.591083000000	0.377367000000	303.939923260179
1597	1	0.674651000000	0.547817000000	0.340085000000	303.728887817281
1597	2	0.646523000000	0.602056000000	0.358632000000	303.501457079857
1597	3	0.688224000000	0.601612000000	0.321666000000	303.824259998868
1598	0	0.702033000000	0.618835000000	0.376393000000	303.923831202742
1598	1	0.644898000000	0.629807000000	0.357658000000	303.490355866091
1598	2	0.667767000000	0.665374000000	0.335959000000	303.673073957121
1598	3	0.686599000000	0.629363000000	0.320692000000	303.810159398306
1599	0	0.721957000000	0.505556000000	0.419098000000	304.064342973820
1599	1	0.787188000000	0.550342000000	0.369554000000	304.421253204830
1599	2	0.707958000000	0.519595000000	0.360779000000	303.968049806786
1599	3	0.736964000000	0.562862000000	0.398061000000	304.157373091730
1600	0	0.687434000000	0.583492000000	0.399015000000	303.825595010394
1600	1	0.658427000000	0.540226000000	0.361733000000	303.605939197768
1600	2	0.619500000000	0.569456000000	0.413366000000	303.284876997124
1600	3	0.630299000000	0.594465000000	0.380280000000	303.376191615220
1601	0	0.707826000000	0.540557000000	0.337066000000	303.965298680626
1601	1	0.787057000000	0.571304000000	0.345841000000	304.415126544093
1601	2	0.721400000000	0.594352000000	0.318646000000	304.048011434652
1601	3	0.736833000000	0.583824000000	0.374347000000	304.147817830720
1602	0	0.735117000000	0.621319000000	0.322466000000	304.133180807614
1602	1	0.800774000000	0.598271000000	0.349661000000	304.482613428229
1602	2	0.765933000000	0.654791000000	0.353248000000	304.306667778360
1602	3	0.750550000000	0.610791000000	0.378168000000	304.230969638908
1603	0	0.700452000000	0.562393000000	0.411305000000	303.912649371426
1603	1	0.632518000000	0.548357000000	0.425657000000	303.395955729383
1603	2	0.671445000000	0.519127000000	0.374023000000	303.704193304688
1603	3	0.685444000000	0.505087000000	0.432342000000	303.809823456774
1604	0	0.418828000000	0.789836000000	0.640270000000	301.010217799163
1604	1	0.353251000000	0.769706000000	0.617866000000	300.066680706760
1604	2	0.382553000000	0.823208000000	0.572583000000	300.488519586252
1604	3	0.429695000000	0.797903000000	0.576812000000	301.159206745615
1605	0	0.398531000000	0.799629000000	0.655304000000	300.729463052045
1605	1	0.362256000000	0.833000000000	0.587617000000	300.192761896813
1605	2	0.332955000000	0.779499000000	0.632900000000	299.749409257556
1605	3	0.343716000000	0.839385000000	0.640496000000	299.914604226661
1606	0	0.352169000000	0.720200000000	0.755316000000	300.045620504462
1606	1	0.339381000000	0.730192000000	0.674016000000	299.852160702167
1606	2	0.404957000000	0.750322000000	0.696420000000	300.818435856504
1606	3	0.387452000000	0.694013000000	0.688085000000	300.576788113628
1607	0	0.402616000000	0.800126000000	0.684219000000	300.784922597383
1607	1	0.337040000000	0.779996000000	0.661815000000	299.809306961427
1607	2	0.379560000000	0.835106000000	0.710105000000	300.442059960505
1607	3	0.347801000000	0.839882000000	0.669412000000	299.974846361080
1608	0	0.350454000000	0.748411000000	0.765891000000	300.017454127661
1608	1	0.337666000000	0.758402000000	0.684591000000	299.822434348471
1608	2	0.380187000000	0.813512000000	0.732881000000	300.449827960358
1608	3	0.403242000000	0.778532000000	0.706995000000	300.792732911270
1609	0	0.435495000000	0.770190000000	0.595153000000	301.237865422331
1609	1	0.359051000000	0.741993000000	0.636206000000	300.154854708490
1609	2	0.407122000000	0.705814000000	0.650276000000	300.853020204301
1609	3	0.424628000000	0.762123000000	0.658611000000	301.084172113973
1610	0	0.381407000000	0.825067000000	0.778413000000	300.464955958653
1610	1	0.351675000000	0.759965000000	0.811423000000	300.026052889974
1610	2	0.398754000000	0.787923000000	0.810779000000	300.711285546256
1610	3	0.348547000000	0.809514000000	0.819218000000	299.977461319716
1611	0	0.368954000000	0.753962000000	0.790815000000	300.286885631460
1611	1	0.421742000000	0.784084000000	0.731919000000	301.044848807094
1611	2	0.398686000000	0.819064000000	0.757805000000	300.720587753117
1611	3	0.416033000000	0.781920000000	0.790170000000	300.960375283189
1612	0	0.463972000000	0.390644000000	0.591957000000	301.613288317760
1612	1	0.430066000000	0.475429000000	0.616633000000	301.174046540604
1612	2	0.521815000000	0.463610000000	0.599920000000	302.310741257547
1612	3	0.476132000000	0.465168000000	0.555044000000	301.771786324305
1613	0	0.566711000000	0.424494000000	0.603815000000	302.784282718546
1613	1	0.508868000000	0.351528000000	0.595852000000	302.154410040344
1613	2	0.579831000000	0.366441000000	0.565053000000	302.901986758688
1613	3	0.561447000000	0.369344000000	0.627021000000	302.722792898763
1614	0	0.486368000000	0.355646000000	0.621925000000	301.890685847291
1614	1	0.544211000000	0.428611000000	0.629889000000	302.546863767592
1614	2	0.484520000000	0.383882000000	0.675501000000	301.864895057565
1614	3	0.538947000000	0.373462000000	0.653095000000	302.482125249226
1615	0	0.580053000000	0.403927000000	0.518762000000	302.914585251449
1615	1	0.566933000000	0.461981000000	0.557524000000	302.782461290744
1615	2	0.550228000000	0.453616000000	0.467842000000	302.611962764838
1615	3	0.521251000000	0.463539000000	0.512649000000	302.296018297163
1616	0	0.496378000000	0.369052000000	0.574814000000	302.011280695756
1616	1	0.567341000000	0.383964000000	0.544015000000	302.783590586477
1616	2	0.508538000000	0.443576000000	0.537902000000	302.155963113028
1616	3	0.554221000000	0.442018000000	0.582777000000	302.652059029157
1617	0	0.593623000000	0.489395000000	0.539250000000	303.049828798595
1617	1	0.646988000000	0.483870000000	0.471205000000	303.520803503832
1617	2	0.576917000000	0.481030000000	0.449567000000	302.888504779361
1617	3	0.594063000000	0.527139000000	0.464520000000	303.054917641692
1618	0	0.517486000000	0.449306000000	0.627882000000	302.254197189360
1618	1	0.425737000000	0.461126000000	0.644595000000	301.120334717063
1618	2	0.459643000000	0.376340000000	0.619919000000	301.555968562541
1618	3	0.457795000000	0.404576000000	0.673495000000	301.535786460196
1619	0	0.563015000000	0.491584000000	0.546410000000	302.744097537586
1619	1	0.563455000000	0.529328000000	0.471679000000	302.749002568259
1619	2	0.546310000000	0.483219000000	0.456727000000	302.565852690558
1619	3	0.517332000000	0.493142000000	0.501534000000	302.254328470213
1620	0	0.597541000000	0.459792000000	0.550365000000	303.083866329680
1620	1	0.580836000000	0.451427000000	0.460682000000	302.927617717552
1620	2	0.650906000000	0.454266000000	0.482320000000	303.545746041063
1620	3	0.610661000000	0.401738000000	0.511602000000	303.206724742230
1621	0	0.499319000000	0.541772000000	0.505003000000	302.049962667858
1621	1	0.506558000000	0.610316000000	0.537829000000	302.128364641629
1621	2	0.545442000000	0.577958000000	0.475148000000	302.565793311385
1621	3	0.508449000000	0.619115000000	0.483469000000	302.150974701654
1622	0	0.465538000000	0.645577000000	0.498252000000	301.637088900172
1622	1	0.407608000000	0.609927000000	0.514773000000	300.866861991279
1622	2	0.463647000000	0.636778000000	0.552612000000	301.608397657557
1622	3	0.412468000000	0.648357000000	0.542781000000	300.935059686031
1623	0	0.406864000000	0.533005000000	0.599954000000	300.858997060122
1623	1	0.460168000000	0.591288000000	0.571192000000	301.569211929640
1623	2	0.452930000000	0.522744000000	0.538366000000	301.478976108026
1623	3	0.404129000000	0.564438000000	0.533353000000	300.824563758541
1624	0	0.462565000000	0.756445000000	0.587762000000	301.584405215563
1624	1	0.473724000000	0.683767000000	0.604898000000	301.731781996811
1624	2	0.451698000000	0.748378000000	0.651220000000	301.445652818292
1624	3	0.434193000000	0.692068000000	0.642885000000	301.224967509758
1625	0	0.421186000000	0.585168000000	0.507667000000	301.060372679940
1625	1	0.469987000000	0.543474000000	0.512679000000	301.691489139687
1625	2	0.479116000000	0.620817000000	0.491146000000	301.811086969880
1625	3	0.477225000000	0.612018000000	0.545506000000	301.781568101514
1626	0	0.436061000000	0.519640000000	0.615370000000	301.258287919203
1626	1	0.489365000000	0.577923000000	0.586608000000	301.927071080037
1626	2	0.527809000000	0.507820000000	0.598657000000	302.370508402347
1626	3	0.482127000000	0.509379000000	0.553782000000	301.839996272897
1627	0	0.425184000000	0.675681000000	0.625533000000	301.109529756866
1627	1	0.453556000000	0.740057000000	0.570410000000	301.473121906118
1627	2	0.464715000000	0.667380000000	0.587546000000	301.619756615775
1627	3	0.413537000000	0.678959000000	0.577715000000	300.951182291823
1628	0	0.398387000000	0.568628000000	0.630492000000	300.739552444718
1628	1	0.451691000000	0.626911000000	0.601729000000	301.454505161803
1628	2	0.400513000000	0.638490000000	0.591898000000	300.768257956262
1628	3	0.412160000000	0.635212000000	0.639716000000	300.927900001394
1629	0	0.479407000000	0.676333000000	0.504649000000	301.806607184420
1629	1	0.466357000000	0.740211000000	0.541873000000	301.638097017354
1629	2	0.426337000000	0.679113000000	0.549178000000	301.122937429100
1629	3	0.477515000000	0.667533000000	0.559009000000	301.775518054931
1630	0	0.393286000000	0.557765000000	0.607060000000	300.670400473081
1630	1	0.446590000000	0.616048000000	0.578298000000	301.392462532290
1630	2	0.390551000000	0.589198000000	0.540459000000	300.628162510696
1630	3	0.395412000000	0.627628000000	0.568467000000	300.696977996215
1631	0	0.517853000000	0.585934000000	0.558351000000	302.256169373586
1631	1	0.556737000000	0.553576000000	0.495669000000	302.681931783196
1631	2	0.556297000000	0.515832000000	0.570400000000	302.676235905314
1631	3	0.510615000000	0.517390000000	0.525524000000	302.180402515361
1632	0	0.475287000000	0.668762000000	0.628771000000	301.750434912979
1632	1	0.453261000000	0.733373000000	0.675092000000	301.466671018679
1632	2	0.435756000000	0.677063000000	0.666758000000	301.243231923981
1632	3	0.469185000000	0.692882000000	0.688889000000	301.672902767373
1633	0	0.430142000000	0.744031000000	0.707607000000	301.161569747225
1633	1	0.377354000000	0.713909000000	0.766503000000	300.418698381917
1633	2	0.412637000000	0.687721000000	0.699272000000	300.930146034491
1633	3	0.446066000000	0.703540000000	0.721403000000	301.368988549283
1634	0	0.380999000000	0.730640000000	0.787079000000	300.465585464065
1634	1	0.449712000000	0.720272000000	0.741979000000	301.416733174748
1634	2	0.433787000000	0.760762000000	0.728183000000	301.209339906474
1634	3	0.428078000000	0.758598000000	0.786434000000	301.127830832603
1635	0	0.410253000000	0.536720000000	0.733983000000	300.902755691988
1635	1	0.415992000000	0.605413000000	0.688081000000	300.982832087948
1635	2	0.462013000000	0.572651000000	0.712886000000	301.581025631605
1635	3	0.402218000000	0.538829000000	0.678856000000	300.793126370871
1636	0	0.440303000000	0.533262000000	0.644918000000	301.312396453645
1636	1	0.532052000000	0.521443000000	0.628205000000	302.417434298454
1636	2	0.493608000000	0.591545000000	0.616156000000	301.974275604761
1636	3	0.500097000000	0.567085000000	0.678948000000	302.052273238322
1637	0	0.469512000000	0.615773000000	0.624171000000	301.680054453120
1637	1	0.416207000000	0.557490000000	0.652933000000	300.987474745483
1637	2	0.476002000000	0.591313000000	0.686963000000	301.752870034479
1637	3	0.429981000000	0.624075000000	0.662158000000	301.174993994169
1638	0	0.490588000000	0.616777000000	0.696653000000	301.929859197282
1638	1	0.484098000000	0.641237000000	0.633861000000	301.861356777929
1638	2	0.444567000000	0.649539000000	0.671847000000	301.362383616161
1638	3	0.477997000000	0.665358000000	0.693978000000	301.782746436741
1639	0	0.657213000000	0.715791000000	0.375179000000	303.582651404394
1639	1	0.661333000000	0.696599000000	0.448568000000	303.625291233334
1639	2	0.683313000000	0.754591000000	0.437238000000	303.773503112704
1639	3	0.623063000000	0.741221000000	0.413512000000	303.302018266900
1640	0	0.685092000000	0.526908000000	0.454047000000	303.811440617173
1640	1	0.632167000000	0.570177000000	0.447361000000	303.394399818799
1640	2	0.669956000000	0.611560000000	0.465965000000	303.685204656183
1640	3	0.700100000000	0.584214000000	0.433009000000	303.908149854514
1641	0	0.624365000000	0.667618000000	0.455597000000	303.321762386119
1641	1	0.549584000000	0.667392000000	0.445314000000	302.597901761382
1641	2	0.586095000000	0.712240000000	0.420541000000	302.966640153375
1641	3	0.597375000000	0.651243000000	0.403906000000	303.078480795688
1642	0	0.646201000000	0.673618000000	0.436096000000	303.500403398320
1642	1	0.607931000000	0.718241000000	0.401040000000	303.165906426243
1642	2	0.642080000000	0.692810000000	0.362707000000	303.466010900807
1642	3	0.619210000000	0.657244000000	0.384405000000	303.272294593963
1643	0	0.667342000000	0.651379000000	0.436745000000	303.674153951919
1643	1	0.663221000000	0.670571000000	0.363356000000	303.639742136235
1643	2	0.697486000000	0.624032000000	0.403789000000	303.896990005306
1643	3	0.640352000000	0.635004000000	0.385054000000	303.453726754416
1644	0	0.689751000000	0.661585000000	0.434834000000	303.840059251971
1644	1	0.685630000000	0.680777000000	0.361444000000	303.799147783316
1644	2	0.735279000000	0.678238000000	0.376958000000	304.129801208626
1644	3	0.719896000000	0.634238000000	0.401878000000	304.039733432652
1645	0	0.709208000000	0.745948000000	0.430186000000	303.959453555423
1645	1	0.687228000000	0.687956000000	0.441516000000	303.818847194222
1645	2	0.683107000000	0.707148000000	0.368127000000	303.777424068227
1645	3	0.732756000000	0.704609000000	0.383641000000	304.116953017285
1646	0	0.624514000000	0.641040000000	0.460681000000	303.323298977701
1646	1	0.549732000000	0.640814000000	0.450398000000	302.605339540214
1646	2	0.597524000000	0.624666000000	0.408990000000	303.081160706729
1646	3	0.586725000000	0.599657000000	0.442077000000	302.978115625487
1647	0	0.687082000000	0.605313000000	0.420719000000	303.822392438566
1647	1	0.619149000000	0.591277000000	0.435071000000	303.284353972803
1647	2	0.656938000000	0.632660000000	0.453674000000	303.593060049604
1647	3	0.629948000000	0.616286000000	0.401984000000	303.372014905223
1648	0	0.532488000000	0.634286000000	0.534352000000	302.423963864251
1648	1	0.609161000000	0.643311000000	0.490275000000	303.194020116377
1648	2	0.571372000000	0.601928000000	0.471671000000	302.827700463825
1648	3	0.534379000000	0.643085000000	0.479992000000	302.444655129755
1649	0	0.398342000000	0.294659000000	0.729792000000	300.726114199439
1649	1	0.438191000000	0.339043000000	0.735341000000	301.271784479890
1649	2	0.418317000000	0.281312000000	0.781668000000	300.994622884903
1649	3	0.463955000000	0.302132000000	0.766612000000	301.595515640051
1650	0	0.401599000000	0.266245000000	0.725770000000	300.770379562866
1650	1	0.451988000000	0.218683000000	0.718301000000	301.446322875324
1650	2	0.467212000000	0.273719000000	0.762590000000	301.637311386272
1650	3	0.421574000000	0.252899000000	0.777646000000	301.038165879499
1651	0	0.501974000000	0.203705000000	0.726063000000	302.047553848862
1651	1	0.521464000000	0.211606000000	0.803818000000	302.264444434613
1651	2	0.563437000000	0.229113000000	0.740239000000	302.720418022520
1651	3	0.517197000000	0.258741000000	0.770351000000	302.226265229053
1652	0	0.470667000000	0.311246000000	0.735740000000	301.684947423007
1652	1	0.446751000000	0.319922000000	0.650893000000	301.384494630918
1652	2	0.405054000000	0.303773000000	0.698920000000	300.822865798532
1652	3	0.444903000000	0.348158000000	0.704469000000	301.361393539013
1653	0	0.493072000000	0.214328000000	0.817776000000	301.935526940489
1653	1	0.473582000000	0.206427000000	0.740021000000	301.711635027913
1653	2	0.443168000000	0.240643000000	0.799365000000	301.324165167772
1653	3	0.488806000000	0.261463000000	0.784309000000	301.899157799769
1654	0	0.473924000000	0.282833000000	0.731718000000	301.725306282180
1654	1	0.450008000000	0.291508000000	0.646871000000	301.427400485249
1654	2	0.458701000000	0.227798000000	0.687429000000	301.533916691225
1654	3	0.408311000000	0.275360000000	0.694898000000	300.868618193936
1655	0	0.487834000000	0.238293000000	0.682220000000	301.889723719241
1655	1	0.479141000000	0.302004000000	0.641661000000	301.798464421542
1655	2	0.503057000000	0.293329000000	0.726508000000	302.074878966646
1655	3	0.531721000000	0.319820000000	0.672830000000	302.400937634602
1656	0	0.509513000000	0.226457000000	0.699134000000	302.140766621064
1656	1	0.553400000000	0.307984000000	0.689744000000	302.630202542573
1656	2	0.524736000000	0.281492000000	0.743422000000	302.318848696516
1656	3	0.570976000000	0.251865000000	0.713310000000	302.801361751826
1657	0	0.475884000000	0.330417000000	0.645684000000	301.760546068344
1657	1	0.499800000000	0.321742000000	0.730531000000	302.036057784753
1657	2	0.528463000000	0.348233000000	0.676853000000	302.372982541983
1657	3	0.474036000000	0.358653000000	0.699260000000	301.735972255094
1658	0	0.290576000000	0.350983000000	0.854804000000	299.051477860544
1658	1	0.367848000000	0.300954000000	0.824017000000	300.276136525769
1658	2	0.327941000000	0.355937000000	0.801956000000	299.667032596628
1658	3	0.367246000000	0.351402000000	0.839073000000	300.266598705141
1659	0	0.392438000000	0.450169000000	0.773875000000	300.643985397148
1659	1	0.416460000000	0.395728000000	0.747648000000	300.979830019283
1659	2	0.395984000000	0.388445000000	0.809032000000	300.690850251913
1659	3	0.356679000000	0.392980000000	0.771915000000	300.119775448186
1660	0	0.275260000000	0.379878000000	0.864753000000	298.793272255842
1660	1	0.351930000000	0.380296000000	0.849023000000	300.032191299970
1660	2	0.312625000000	0.384832000000	0.811906000000	299.421673684763
1660	3	0.302969000000	0.423355000000	0.866163000000	299.260694151895
1661	0	0.424303000000	0.292777000000	0.802352000000	301.076630030930
1661	1	0.444177000000	0.350508000000	0.756024000000	301.343094944225
1661	2	0.423701000000	0.343224000000	0.817408000000	301.071320915765
1661	3	0.469941000000	0.313597000000	0.787295000000	301.670458009482
1662	0	0.397868000000	0.303334000000	0.800187000000	300.709460996562
1662	1	0.417742000000	0.361065000000	0.753860000000	300.994570502864
1662	2	0.357961000000	0.358317000000	0.778127000000	300.132230680720
1662	3	0.397266000000	0.353782000000	0.815243000000	300.707572668036
1663	0	0.329172000000	0.320050000000	0.938159000000	299.666930029845
1663	1	0.368139000000	0.292482000000	0.856170000000	300.275388421372
1663	2	0.290866000000	0.342511000000	0.886957000000	299.052057534692
1663	3	0.367537000000	0.342930000000	0.871226000000	300.262522059488
1664	0	0.325566000000	0.442558000000	0.850438000000	299.624061622195
1664	1	0.370981000000	0.461224000000	0.798141000000	300.331135128234
1664	2	0.374527000000	0.399500000000	0.833297000000	300.381951254159
1664	3	0.335222000000	0.404035000000	0.796181000000	299.785601915603
1665	0	0.352221000000	0.371825000000	0.881175000000	300.033974057464
1665	1	0.313856000000	0.348945000000	0.948108000000	299.424237673506
1665	2	0.303260000000	0.414883000000	0.898316000000	299.260143533752
1665	3	0.275550000000	0.371406000000	0.896906000000	298.795257495290
1666	0	0.658703000000	0.371806000000	0.518454000000	303.606389955088
1666	1	0.698949000000	0.424334000000	0.489171000000	303.907744909962
1666	2	0.716054000000	0.397596000000	0.548453000000	304.018288594035
1666	3	0.713876000000	0.356894000000	0.498468000000	304.006998643956
1667	0	0.676833000000	0.404809000000	0.594805000000	303.744598814222
1667	1	0.601099000000	0.381922000000	0.626774000000	303.107282723726
1667	2	0.606362000000	0.437072000000	0.603568000000	303.162568010182
1667	3	0.619482000000	0.379018000000	0.564806000000	303.284579909780
1668	0	0.624480000000	0.452407000000	0.575370000000	303.328279897272
1668	1	0.677845000000	0.446882000000	0.507326000000	303.761173590932
1668	2	0.694951000000	0.420144000000	0.566607000000	303.871242313796
1668	3	0.637600000000	0.394353000000	0.536608000000	303.436875396207
1669	0	0.724233000000	0.432088000000	0.484254000000	304.076766312507
1669	1	0.741339000000	0.405350000000	0.543536000000	304.180747573902
1669	2	0.739161000000	0.364647000000	0.493551000000	304.161779806728
1669	3	0.765810000000	0.404650000000	0.497625000000	304.315882177018
1670	0	0.663416000000	0.499603000000	0.497047000000	303.651579506287
1670	1	0.610491000000	0.542872000000	0.490361000000	303.202645226832
1670	2	0.610051000000	0.505128000000	0.565092000000	303.195528963109
1670	3	0.646509000000	0.547675000000	0.559033000000	303.514083641971
1671	0	0.702163000000	0.451231000000	0.576713000000	303.925765053215
1671	1	0.685057000000	0.477969000000	0.517432000000	303.815215159031
1671	2	0.631692000000	0.483494000000	0.585477000000	303.389237310896
1671	3	0.668149000000	0.526042000000	0.579418000000	303.685179502813
1672	0	0.675230000000	0.524054000000	0.479703000000	303.737457028475
1672	1	0.658322000000	0.572127000000	0.541689000000	303.605552326697
1672	2	0.660093000000	0.608707000000	0.491621000000	303.617386065084
1672	3	0.622304000000	0.567324000000	0.473017000000	303.307531570551
1673	0	0.582120000000	0.566242000000	0.507665000000	302.940235113510
1673	1	0.543236000000	0.598600000000	0.570346000000	302.536195640227
1673	2	0.581680000000	0.528498000000	0.582395000000	302.933961267670
1673	3	0.618138000000	0.571045000000	0.576337000000	303.268407767105
1674	0	0.555049000000	0.623052000000	0.553002000000	302.663924113737
1674	1	0.629951000000	0.595497000000	0.558993000000	303.373619458764
1674	2	0.593933000000	0.590694000000	0.490321000000	303.055925265689
1674	3	0.631723000000	0.632077000000	0.508924000000	303.384077960948
1675	0	0.645765000000	0.305463000000	0.573421000000	303.495747478467
1675	1	0.644958000000	0.252248000000	0.658955000000	303.485261311993
1675	2	0.696890000000	0.238513000000	0.584336000000	303.878293150917
1675	3	0.706347000000	0.274348000000	0.635581000000	303.949895200353
1676	0	0.663064000000	0.317300000000	0.540813000000	303.644838890591
1676	1	0.723645000000	0.286184000000	0.602973000000	304.059956144682
1676	2	0.714189000000	0.250349000000	0.551729000000	303.997606103938
1676	3	0.718236000000	0.302388000000	0.520828000000	304.030935897090
1677	0	0.684867000000	0.295934000000	0.651357000000	303.790731661557
1677	1	0.624285000000	0.327050000000	0.589197000000	303.315697476367
1677	2	0.623478000000	0.273834000000	0.674731000000	303.296849893192
1677	3	0.605902000000	0.329953000000	0.651165000000	303.149341834202
1678	0	0.623874000000	0.354367000000	0.634004000000	303.317372516805
1678	1	0.702839000000	0.320348000000	0.634196000000	303.922572865429
1678	2	0.642257000000	0.351464000000	0.572036000000	303.470950339574
1678	3	0.699608000000	0.377254000000	0.602035000000	303.909450652434
1679	0	0.664988000000	0.345958000000	0.546711000000	303.660017737650
1679	1	0.725569000000	0.314843000000	0.608870000000	304.074760515735
1679	2	0.720160000000	0.331046000000	0.526725000000	304.046475168039
1679	3	0.722339000000	0.371749000000	0.576710000000	304.061126728225
1680	0	0.826633000000	0.383138000000	0.533851000000	304.601417715276
1680	1	0.763334000000	0.353092000000	0.505259000000	304.295476261218
1680	2	0.765512000000	0.393794000000	0.555244000000	304.314075705950
1680	3	0.789983000000	0.393095000000	0.509333000000	304.435775416173
1681	0	0.843058000000	0.366025000000	0.513089000000	304.659413126788
1681	1	0.835092000000	0.321306000000	0.467293000000	304.617833742299
1681	2	0.779759000000	0.335979000000	0.484497000000	304.383447361734
1681	3	0.806409000000	0.375982000000	0.488570000000	304.514393669497
1682	0	0.980458000000	0.214556000000	0.419392000000	304.882544350861
1682	1	0.980458000000	0.287850000000	0.373332000000	304.894742798158
1682	2	0.917218000000	0.273961000000	0.429991000000	304.834266721313
1682	3	0.980458000000	0.280337000000	0.460810000000	304.890401425635
1683	0	0.964888000000	0.256566000000	0.484734000000	304.886222572342
1683	1	0.901648000000	0.250190000000	0.453914000000	304.797728364769
1683	2	0.964888000000	0.190785000000	0.443316000000	304.874856114647
1683	3	0.914503000000	0.187154000000	0.474675000000	304.811154811655
1684	0	0.684990000000	0.052255000000	0.693163000000	303.751476229887
1684	1	0.646749000000	0.104404000000	0.738099000000	303.470059947242
1684	2	0.711605000000	0.123925000000	0.716134000000	303.950638084321
1684	3	0.693933000000	0.097536800000	0.663531000000	303.832743465543
1685	0	0.728981000000	0.022147100000	0.724136000000	304.035356557959
1685	1	0.755596000000	0.093816800000	0.747108000000	304.206790307645
1685	2	0.760440000000	0.022147100000	0.806424000000	304.205126768095
1685	3	0.810582000000	0.022147100000	0.757383000000	304.456591489106
1686	0	0.636228000000	0.136634000000	0.742843000000	303.384003566510
1686	1	0.683412000000	0.129767000000	0.668275000000	303.753860352353
1686	2	0.640423000000	0.188784000000	0.713261000000	303.421490376016
1686	3	0.701084000000	0.156155000000	0.720879000000	303.885920959430
1687	0	0.723407000000	0.038262200000	0.810037000000	303.998523092288
1687	1	0.691947000000	0.038262200000	0.727748000000	303.791435992609
1687	2	0.653707000000	0.090411500000	0.772684000000	303.517813136840
1687	3	0.718563000000	0.109932000000	0.750720000000	303.987413920477
1688	0	0.722351000000	0.055314800000	0.838999000000	303.987606790101
1688	1	0.717507000000	0.126984000000	0.779682000000	303.981904997083
1688	2	0.652652000000	0.107464000000	0.801646000000	303.503520583398
1688	3	0.687477000000	0.110498000000	0.850434000000	303.764054661772
1689	0	0.715386000000	0.211986000000	0.613122000000	303.998330067897
1689	1	0.663453000000	0.225721000000	0.687740000000	303.622283701129
1689	2	0.724114000000	0.193092000000	0.695358000000	304.047664594212
1689	3	0.724842000000	0.247820000000	0.664366000000	304.053733803420
1690	0	0.657767000000	0.200654000000	0.681062000000	303.575041198116
1690	1	0.709700000000	0.186919000000	0.606443000000	303.955691673022
1690	2	0.718428000000	0.168025000000	0.688679000000	304.007591783799
1690	3	0.700756000000	0.141637000000	0.636075000000	303.888531546440
1691	0	0.884632000000	0.250546000000	0.560959000000	304.757785475475
1691	1	0.945942000000	0.270674000000	0.512506000000	304.878012280270
1691	2	0.895557000000	0.201262000000	0.502447000000	304.781909611496
1691	3	0.882703000000	0.264297000000	0.481686000000	304.763202219402
1692	0	0.750379000000	0.215038000000	0.599695000000	304.211570378009
1692	1	0.759108000000	0.196144000000	0.681931000000	304.243731357416
1692	2	0.811689000000	0.238651000000	0.630863000000	304.511103561172
1692	3	0.759836000000	0.250873000000	0.650939000000	304.266304631688
1693	0	0.883122000000	0.283844000000	0.568695000000	304.760788613640
1693	1	0.944432000000	0.303972000000	0.520242000000	304.871542758246
1693	2	0.881192000000	0.297596000000	0.489423000000	304.763163232217
1693	3	0.889159000000	0.342316000000	0.535218000000	304.788502955062
1694	0	0.831000000000	0.234952000000	0.565505000000	304.598003620838
1694	1	0.829070000000	0.248703000000	0.486232000000	304.593185247798
1694	2	0.790987000000	0.178944000000	0.504419000000	304.412454820872
1694	3	0.769690000000	0.211339000000	0.534337000000	304.321203256705
1695	0	0.754905000000	0.317654000000	0.539729000000	304.248186992827
1695	1	0.812167000000	0.289229000000	0.601799000000	304.527160251606
1695	2	0.757083000000	0.358357000000	0.589714000000	304.265677141175
1695	3	0.760314000000	0.301451000000	0.621875000000	304.265697329200
1696	0	0.830056000000	0.303521000000	0.585250000000	304.603454039014
1696	1	0.772794000000	0.331946000000	0.523181000000	304.347019355244
1696	2	0.774972000000	0.372649000000	0.573165000000	304.359695732509
1696	3	0.836093000000	0.361992000000	0.551773000000	304.632937132020
1697	0	0.825670000000	0.261043000000	0.565201000000	304.578810446640
1697	1	0.823740000000	0.274795000000	0.485928000000	304.572924348061
1697	2	0.764360000000	0.237430000000	0.534033000000	304.296859906985
1697	3	0.768408000000	0.289469000000	0.503132000000	304.320075005234
1698	0	0.846481000000	0.286409000000	0.564488000000	304.661529251808
1698	1	0.789219000000	0.314834000000	0.502418000000	304.431803974127
1698	2	0.852518000000	0.344880000000	0.531010000000	304.682542738823
1698	3	0.844552000000	0.300160000000	0.485215000000	304.655200877293
1699	0	0.752981000000	0.288996000000	0.533832000000	304.238555457185
1699	1	0.810243000000	0.260570000000	0.595902000000	304.511957552990
1699	2	0.758390000000	0.272792000000	0.615978000000	304.252884896348
1699	3	0.748933000000	0.236957000000	0.564734000000	304.205138172458
1700	0	0.851392000000	0.240770000000	0.477782000000	304.663799738151
1700	1	0.853322000000	0.227019000000	0.557055000000	304.671794081452
1700	2	0.813308000000	0.171011000000	0.495969000000	304.519679006090
1700	3	0.864246000000	0.177734000000	0.498543000000	304.692245768366
1701	0	0.735100000000	0.031634100000	0.659375000000	304.085634562051
1701	1	0.815499000000	0.088722400000	0.661950000000	304.502889936193
1701	2	0.805235000000	0.031634100000	0.615366000000	304.455685818033
1701	3	0.744043000000	0.076915900000	0.629742000000	304.150056289522
1702	0	0.775503000000	0.174726000000	0.685205000000	304.324002634612
1702	1	0.766774000000	0.193620000000	0.602969000000	304.295706202479
1702	2	0.828084000000	0.217233000000	0.634137000000	304.578530239366
1702	3	0.829287000000	0.160145000000	0.664809000000	304.573876601952
1703	0	0.802050000000	0.110870000000	0.682648000000	304.447749035462
1703	1	0.721651000000	0.053781200000	0.680073000000	303.996724869443
1703	2	0.748266000000	0.125451000000	0.703044000000	304.174732436700
1703	3	0.730594000000	0.099063000000	0.650440000000	304.071148498097
1704	0	0.745065000000	0.172330000000	0.602494000000	304.170599284352
1704	1	0.807577000000	0.138855000000	0.664334000000	304.477618682637
1704	2	0.753794000000	0.153437000000	0.684730000000	304.213547481796
1704	3	0.736122000000	0.127049000000	0.632127000000	304.104555369169
1705	0	0.825705000000	0.039788400000	0.732750000000	304.523786138188
1705	1	0.744104000000	0.039788400000	0.699503000000	304.134501650668
1705	2	0.770719000000	0.111458000000	0.722475000000	304.284532490434
1705	3	0.824503000000	0.096876700000	0.702079000000	304.540465335784
1706	0	0.837951000000	0.074729600000	0.681381000000	304.584679202919
1706	1	0.757552000000	0.017641300000	0.678805000000	304.203223441878
1706	2	0.827688000000	0.017641300000	0.634797000000	304.530255948687
1706	3	0.839154000000	0.017641300000	0.712052000000	304.574709688487
1707	0	0.791954000000	0.157053000000	0.538393000000	304.417853258752
1707	1	0.833170000000	0.155973000000	0.630151000000	304.585678766314
1707	2	0.831968000000	0.213061000000	0.599480000000	304.593600781539
1707	3	0.770658000000	0.189448000000	0.568312000000	304.315422195013
1708	0	0.855492000000	0.148040000000	0.621701000000	304.661761555203
1708	1	0.814276000000	0.149120000000	0.529944000000	304.518951690459
1708	2	0.854290000000	0.205128000000	0.591030000000	304.673318176516
1708	3	0.865214000000	0.155844000000	0.532518000000	304.693973511691
1709	0	0.871107000000	0.017641300000	0.632770000000	304.680788724519
1709	1	0.941477000000	0.017641300000	0.670218000000	304.808228838210
1709	2	0.881370000000	0.074729600000	0.679354000000	304.717728399817
1709	3	0.882573000000	0.017641300000	0.710025000000	304.691949780866
1710	0	0.811461000000	0.134683000000	0.629677000000	304.495734993304
1710	1	0.770245000000	0.135764000000	0.537919000000	304.307892931582
1710	2	0.740005000000	0.122877000000	0.597469000000	304.137575340308
1710	3	0.748949000000	0.168158000000	0.567837000000	304.194476157110
1711	0	0.852692000000	0.112757000000	0.616784000000	304.640849024830
1711	1	0.842429000000	0.055669100000	0.570201000000	304.598028947980
1711	2	0.811476000000	0.113838000000	0.525027000000	304.499532697349
1711	3	0.862414000000	0.120561000000	0.527600000000	304.681936834773
1712	0	0.827607000000	0.106698000000	0.634391000000	304.558073436400
1712	1	0.786391000000	0.107778000000	0.542633000000	304.382844733980
1712	2	0.817344000000	0.049609200000	0.587807000000	304.512314451923
1712	3	0.756151000000	0.094891000000	0.602184000000	304.221062696513
1713	0	0.892314000000	0.040531900000	0.559423000000	304.741947850596
1713	1	0.962684000000	0.106804000000	0.563041000000	304.859994925762
1713	2	0.962684000000	0.040531900000	0.522335000000	304.840383379871
1713	3	0.912299000000	0.105424000000	0.516822000000	304.790564290543
1714	0	0.978254000000	0.086751000000	0.587777000000	304.858412700025
1714	1	0.907884000000	0.020479100000	0.584159000000	304.767588867494
1714	2	0.978254000000	0.020479100000	0.547072000000	304.840657271802
1714	3	0.978254000000	0.020479100000	0.621608000000	304.838430821224
1715	0	0.965484000000	0.251621000000	0.533203000000	304.886373081992
1715	1	0.904174000000	0.231493000000	0.581657000000	304.803044990293
1715	2	0.915099000000	0.182209000000	0.523144000000	304.816813313079
1715	3	0.965484000000	0.183589000000	0.569362000000	304.871580315665
1716	0	0.984430000000	0.061706800000	0.499481000000	304.855291143870
1716	1	0.984430000000	0.127979000000	0.540186000000	304.871076024532
1716	2	0.984430000000	0.130230000000	0.462609000000	304.870589772625
1716	3	0.934045000000	0.126599000000	0.493968000000	304.836352581148
1717	0	0.984430000000	0.169481000000	0.541591000000	304.876001116105
1717	1	0.984430000000	0.237513000000	0.505431000000	304.891253814322
1717	2	0.984430000000	0.171733000000	0.464013000000	304.879827655611
1717	3	0.934045000000	0.168101000000	0.495372000000	304.851192749987
1718	0	0.959680000000	0.104392000000	0.613633000000	304.852627996023
1718	1	0.889309000000	0.038120400000	0.610015000000	304.732801875564
1718	2	0.959680000000	0.038120400000	0.647463000000	304.830774276226
1718	3	0.899573000000	0.095208700000	0.656598000000	304.765591625255
1719	0	0.944110000000	0.124445000000	0.588896000000	304.848352830376
1719	1	0.873739000000	0.058173100000	0.585278000000	304.699608144762
1719	2	0.884003000000	0.115261000000	0.631862000000	304.740822934276
1719	3	0.893725000000	0.123065000000	0.542678000000	304.756167403743
1720	0	0.896525000000	0.158348000000	0.547595000000	304.776143007582
1720	1	0.886803000000	0.150544000000	0.636779000000	304.753867037743
1720	2	0.946910000000	0.159728000000	0.593813000000	304.859568996020
1720	3	0.885600000000	0.207632000000	0.606108000000	304.757360805961
1721	0	0.631952000000	0.225728000000	0.793017000000	303.350491404248
1721	1	0.688936000000	0.178808000000	0.750327000000	303.800386344368
1721	2	0.624080000000	0.159288000000	0.772291000000	303.285128353479
1721	3	0.628275000000	0.211437000000	0.742709000000	303.330291978409
1722	0	0.541593000000	0.223873000000	0.823745000000	302.487197471595
1722	1	0.583567000000	0.241380000000	0.760166000000	302.920857761508
1722	2	0.537327000000	0.271008000000	0.790278000000	302.452508432909
1722	3	0.587244000000	0.255671000000	0.810474000000	302.947861587909
1723	0	0.554586000000	0.198603000000	0.823581000000	302.621539071994
1723	1	0.592365000000	0.163961000000	0.789584000000	302.985307298507
1723	2	0.596559000000	0.216110000000	0.760002000000	303.041170334801
1723	3	0.600237000000	0.230400000000	0.810310000000	303.070628030976
1724	0	0.641418000000	0.210550000000	0.817235000000	303.425410815572
1724	1	0.698402000000	0.163631000000	0.774544000000	303.860795050409
1724	2	0.668372000000	0.147144000000	0.845296000000	303.627655827753
1724	3	0.633546000000	0.144110000000	0.796509000000	303.355681700575
1725	0	0.609702000000	0.215223000000	0.834528000000	303.150337425165
1725	1	0.636656000000	0.151817000000	0.862589000000	303.375538885676
1725	2	0.564051000000	0.183425000000	0.847798000000	302.711955552690
1725	3	0.601830000000	0.148783000000	0.813802000000	303.071056562677
1726	0	0.652219000000	0.248672000000	0.776653000000	303.528192157214
1726	1	0.709931000000	0.256481000000	0.702971000000	303.959094389429
1726	2	0.709203000000	0.201752000000	0.733962000000	303.949676989403
1726	3	0.648542000000	0.234381000000	0.726345000000	303.505022981524
1727	0	0.495010000000	0.282119000000	0.925029000000	301.953404387371
1727	1	0.448226000000	0.258511000000	0.843040000000	301.384317480390
1727	2	0.493864000000	0.279331000000	0.827984000000	301.946061103872
1727	3	0.498130000000	0.232196000000	0.861450000000	301.991275655177
1728	0	0.479403000000	0.305840000000	0.923992000000	301.771604609202
1728	1	0.478257000000	0.303052000000	0.826947000000	301.766177818552
1728	2	0.432619000000	0.282232000000	0.842004000000	301.182934459058
1728	3	0.432017000000	0.332680000000	0.857060000000	301.176581236559
1729	0	0.524538000000	0.283814000000	0.926617000000	302.282991898163
1729	1	0.523392000000	0.281025000000	0.829572000000	302.288132116357
1729	2	0.573309000000	0.265688000000	0.849768000000	302.809685451832
1729	3	0.527658000000	0.233890000000	0.863038000000	302.327184251023
1730	0	0.436574000000	0.238536000000	0.873028000000	301.223287210447
1730	1	0.483358000000	0.262144000000	0.955017000000	301.812547321237
1730	2	0.444505000000	0.194713000000	0.955017000000	301.312559302261
1730	3	0.486478000000	0.212221000000	0.891439000000	301.846009197977
1731	0	0.370144000000	0.282754000000	0.974664000000	300.286244686564
1731	1	0.409111000000	0.255186000000	0.892675000000	300.853262634321
1731	2	0.455895000000	0.278795000000	0.974664000000	301.465728086368
1731	3	0.417042000000	0.211364000000	0.974664000000	300.947022318828
1732	0	0.367507000000	0.311885000000	0.953981000000	300.255449710642
1732	1	0.453259000000	0.307926000000	0.953981000000	301.432357970519
1732	2	0.406475000000	0.284317000000	0.871992000000	300.824054065425
1732	3	0.405872000000	0.334765000000	0.887048000000	300.812951491011
1733	0	0.588306000000	0.020690100000	0.910996000000	302.911622956836
1733	1	0.586610000000	0.087644700000	0.978989000000	302.895101965936
1733	2	0.547641000000	0.020690100000	0.978989000000	302.484503363078
1733	3	0.622177000000	0.020690100000	0.978989000000	303.198100311169
1734	0	0.567462000000	0.047510200000	0.891349000000	302.713299869219
1734	1	0.533878000000	0.134302000000	0.895763000000	302.381060510008
1734	2	0.526797000000	0.047510200000	0.959342000000	302.269604936332
1734	3	0.565765000000	0.114465000000	0.959342000000	302.693964901457
1735	0	0.511753000000	0.197959000000	0.916774000000	302.137148148819
1735	1	0.508633000000	0.247882000000	0.980353000000	302.093068420797
1735	2	0.469780000000	0.180452000000	0.980353000000	301.619507816943
1735	3	0.543641000000	0.178122000000	0.980353000000	302.470563554848
1736	0	0.503448000000	0.068920200000	0.980353000000	302.016135757430
1736	1	0.510529000000	0.155712000000	0.916774000000	302.116868373497
1736	2	0.468556000000	0.138205000000	0.980353000000	301.605547430575
1736	3	0.542417000000	0.135875000000	0.980353000000	302.457535463830
1737	0	0.570718000000	0.193358000000	0.956606000000	302.755923749232
1737	1	0.535710000000	0.263118000000	0.956606000000	302.397811485694
1737	2	0.584481000000	0.244993000000	0.879757000000	302.910898984046
1737	3	0.538831000000	0.213195000000	0.893027000000	302.445395944764
1738	0	0.592086000000	0.064562800000	0.876273000000	302.965288207501
1738	1	0.558502000000	0.151354000000	0.880687000000	302.637961736499
1738	2	0.590390000000	0.131517000000	0.944266000000	302.941744163191
1738	3	0.631107000000	0.119746000000	0.895478000000	303.314272967334
1739	0	0.612931000000	0.037742700000	0.895919000000	303.141876973724
1739	1	0.611234000000	0.104697000000	0.963913000000	303.128268005928
1739	2	0.646801000000	0.037742700000	0.963913000000	303.415196821160
1739	3	0.651951000000	0.092926100000	0.915125000000	303.478414188676
1740	0	0.594119000000	0.168163000000	0.941529000000	302.978905326137
1740	1	0.607882000000	0.219798000000	0.864680000000	303.131961306292
1740	2	0.634835000000	0.156392000000	0.892742000000	303.353503365820
1740	3	0.562231000000	0.188000000000	0.877951000000	302.684362825261
1741	0	0.685022000000	0.165924000000	0.856874000000	303.753754007094
1741	1	0.715052000000	0.182410000000	0.786122000000	303.970646803181
1741	2	0.658068000000	0.229330000000	0.828813000000	303.561688572281
1741	3	0.704077000000	0.223661000000	0.845553000000	303.891916250305
1742	0	0.622443000000	0.176238000000	0.942602000000	303.239610271433
1742	1	0.636206000000	0.227873000000	0.865753000000	303.380219755250
1742	2	0.682215000000	0.222204000000	0.882493000000	303.730902665070
1742	3	0.663160000000	0.164467000000	0.893814000000	303.580441870934
1743	0	0.725285000000	0.259145000000	0.723690000000	304.060574848439
1743	1	0.667573000000	0.251336000000	0.797372000000	303.638791853272
1743	2	0.724557000000	0.204417000000	0.754681000000	304.042214032842
1743	3	0.713582000000	0.245668000000	0.814112000000	303.968320002960
1744	0	0.669621000000	0.055732900000	0.984924000000	303.591741726574
1744	1	0.634054000000	0.122687000000	0.984924000000	303.318877685661
1744	2	0.709597000000	0.113950000000	0.984924000000	303.888983247737
1744	3	0.674771000000	0.110916000000	0.936136000000	303.648301778046
1745	0	0.754445000000	0.017990200000	0.921167000000	304.149542842756
1745	1	0.754397000000	0.076207700000	0.981390000000	304.146003828759
1745	2	0.714421000000	0.017990200000	0.981390000000	303.898264513031
1745	3	0.788956000000	0.017990200000	0.981390000000	304.314941085372
1746	0	0.733004000000	0.035042800000	0.906091000000	304.035494850264
1746	1	0.692980000000	0.035042800000	0.966314000000	303.764086867302
1746	2	0.732955000000	0.093260300000	0.966314000000	304.033371276446
1746	3	0.698130000000	0.090226200000	0.917526000000	303.821168274007
1747	0	0.641534000000	0.157582000000	0.966349000000	303.398794896365
1747	1	0.701306000000	0.203548000000	0.906240000000	303.858760595256
1747	2	0.717077000000	0.148845000000	0.966349000000	303.949262197344
1747	3	0.682251000000	0.145811000000	0.917561000000	303.714390596190
1748	0	0.966108000000	0.078014900000	0.784999000000	304.830322273479
1748	1	0.915335000000	0.018416800000	0.842058000000	304.749449953845
1748	2	0.907203000000	0.018416800000	0.784407000000	304.746415161434
1748	3	0.966108000000	0.018416800000	0.819136000000	304.806015774987
1749	0	0.963223000000	0.095656200000	0.734673000000	304.840508644225
1749	1	0.963223000000	0.036058100000	0.694274000000	304.828994256573
1749	2	0.904318000000	0.036058100000	0.734081000000	304.746757137975
1749	3	0.903116000000	0.093146400000	0.703410000000	304.767429540878
1750	0	0.981797000000	0.078014900000	0.754883000000	304.840251926741
1750	1	0.922893000000	0.018416800000	0.754291000000	304.782009370489
1750	2	0.981797000000	0.018416800000	0.714484000000	304.832165186536
1750	3	0.981797000000	0.018416800000	0.789020000000	304.820727613713
1751	0	0.921318000000	0.113626000000	0.680654000000	304.805591593872
1751	1	0.981426000000	0.056537200000	0.671519000000	304.842430558361
1751	2	0.981426000000	0.122809000000	0.637689000000	304.861677634057
1751	3	0.981426000000	0.116135000000	0.711918000000	304.853690681506
1752	0	0.946535000000	0.102092000000	0.791061000000	304.822370615504
1752	1	0.883197000000	0.120409000000	0.844817000000	304.709783450126
1752	2	0.887630000000	0.042493900000	0.790470000000	304.706736928542
1752	3	0.895763000000	0.042493900000	0.848121000000	304.717381416606
1753	0	0.800317000000	0.171929000000	0.894462000000	304.418041855464
1753	1	0.754560000000	0.152232000000	0.949379000000	304.163160278027
1753	2	0.738790000000	0.206935000000	0.889270000000	304.105553186209
1753	3	0.719734000000	0.149198000000	0.900591000000	303.979792262082
1754	0	0.845118000000	0.141780000000	0.814166000000	304.604114833748
1754	1	0.849551000000	0.063865500000	0.759818000000	304.611486872527
1754	2	0.794565000000	0.135535000000	0.749543000000	304.412064785708
1754	3	0.848349000000	0.120954000000	0.729147000000	304.616835698974
1755	0	0.805205000000	0.137035000000	0.894426000000	304.427464515430
1755	1	0.759497000000	0.059119900000	0.889121000000	304.196332543107
1755	2	0.759448000000	0.117337000000	0.949344000000	304.193489816983
1755	3	0.724623000000	0.114303000000	0.900556000000	303.999152409584
1756	0	0.803723000000	0.141192000000	0.857487000000	304.435279526990
1756	1	0.753171000000	0.134946000000	0.792864000000	304.194206097276
1756	2	0.758015000000	0.063276800000	0.852181000000	304.191844798242
1756	3	0.723141000000	0.118460000000	0.863616000000	303.998904520854
1757	0	0.884746000000	0.060135100000	0.763176000000	304.707630806377
1757	1	0.880312000000	0.138050000000	0.817524000000	304.709095987912
1757	2	0.943651000000	0.119733000000	0.763768000000	304.833056693400
1757	3	0.883543000000	0.117223000000	0.732505000000	304.729884360682
1758	0	0.853933000000	0.024077100000	0.805441000000	304.606138527426
1758	1	0.849499000000	0.101992000000	0.859789000000	304.604235027182
1758	2	0.803791000000	0.024077100000	0.854483000000	304.409166536242
1758	3	0.862065000000	0.024077100000	0.863093000000	304.627548090707
1759	0	0.829995000000	0.124139000000	0.838798000000	304.541303304515
1759	1	0.779442000000	0.117894000000	0.774176000000	304.332396623257
1759	2	0.834428000000	0.046224200000	0.784451000000	304.545795528305
1759	3	0.784286000000	0.046224200000	0.833493000000	304.335178960197
1760	0	0.798835000000	0.176086000000	0.857522000000	304.421534612311
1760	1	0.748282000000	0.169841000000	0.792899000000	304.176976247248
1760	2	0.718252000000	0.153355000000	0.863651000000	303.971988632872
1760	3	0.737308000000	0.211092000000	0.852330000000	304.109450527731
1761	0	0.859554000000	0.066157900000	0.965441000000	304.600580891066
1761	1	0.802474000000	0.015617800000	0.905218000000	304.390125931550
1761	2	0.860749000000	0.015617800000	0.913828000000	304.607459805015
1761	3	0.836986000000	0.015617800000	0.965441000000	304.513371144275
1762	0	0.784452000000	0.033608000000	0.921167000000	304.314917031429
1762	1	0.841531000000	0.084148100000	0.981390000000	304.539422744766
1762	2	0.784403000000	0.091825500000	0.981390000000	304.308558626711
1762	3	0.818963000000	0.033608000000	0.981390000000	304.449710250632
1763	0	0.805935000000	0.039694800000	0.888248000000	304.413835571202
1763	1	0.851643000000	0.117610000000	0.893553000000	304.605050236320
1763	2	0.863014000000	0.090235000000	0.948470000000	304.624904651175
1763	3	0.864209000000	0.039694800000	0.896857000000	304.620140256154
1764	0	0.833620000000	0.135600000000	0.909503000000	304.548389615836
1764	1	0.787912000000	0.057685000000	0.904197000000	304.339412549904
1764	2	0.844992000000	0.108225000000	0.964420000000	304.565079244617
1764	3	0.787864000000	0.115903000000	0.964420000000	304.336724048590
1765	0	0.933538000000	0.033946700000	0.860352000000	304.784901159470
1765	1	0.984310000000	0.093544800000	0.803293000000	304.839352195543
1765	2	0.984310000000	0.084202600000	0.861901000000	304.825140530976
1765	3	0.984310000000	0.033946700000	0.837430000000	304.816475928886
1766	0	0.897906000000	0.055224700000	0.899996000000	304.705529928885
1766	1	0.948679000000	0.105481000000	0.901545000000	304.806333868013
1766	2	0.885341000000	0.133140000000	0.896692000000	304.702023162040
1766	3	0.896712000000	0.105765000000	0.951610000000	304.711632466544
1767	0	0.913965000000	0.058023800000	0.866415000000	304.754192011175
1767	1	0.964738000000	0.117622000000	0.809355000000	304.830841471441
1767	2	0.901399000000	0.135939000000	0.863111000000	304.747029304936
1767	3	0.964738000000	0.108280000000	0.867963000000	304.820955298010
1768	0	0.984310000000	0.015529900000	0.945547000000	304.790652755694
1768	1	0.933538000000	0.015529900000	0.893934000000	304.769825751384
1768	2	0.984310000000	0.065785800000	0.895483000000	304.815676040449
1768	3	0.984310000000	0.015529900000	0.871012000000	304.806995307957
1769	0	0.894446000000	0.015617800000	0.932438000000	304.689380581097
1769	1	0.945219000000	0.015617800000	0.984051000000	304.753963766781
1769	2	0.893252000000	0.066157900000	0.984051000000	304.689568071550
1769	3	0.870683000000	0.015617800000	0.984051000000	304.616453645512
1770	0	0.917479000000	0.031147700000	0.916967000000	304.742968785670
1770	1	0.916284000000	0.081687900000	0.968580000000	304.741081623757
1770	2	0.968252000000	0.031147700000	0.968580000000	304.784447081202
1770	3	0.968252000000	0.081403600000	0.918516000000	304.808594477484
1771	0	0.638977000000	0.868306000000	0.410806000000	303.417061004336
1771	1	0.583773000000	0.859882000000	0.471226000000	302.929062691346
1771	2	0.548060000000	0.853192000000	0.413748000000	302.567803800950
1771	3	0.586013000000	0.807673000000	0.419092000000	302.952387554178
1772	0	0.536909000000	0.927104000000	0.505407000000	302.437658834421
1772	1	0.472297000000	0.982792000000	0.463928000000	301.669812216310
1772	2	0.481036000000	0.982792000000	0.520750000000	301.787432593653
1772	3	0.527472000000	0.982792000000	0.472118000000	302.324725091103
1773	0	0.614119000000	0.849947000000	0.480209000000	303.204877707803
1773	1	0.616359000000	0.797739000000	0.428075000000	303.238547872526
1773	2	0.669323000000	0.858371000000	0.419789000000	303.666841054733
1773	3	0.676609000000	0.811108000000	0.451801000000	303.725551619996
1774	0	0.478527000000	0.963516000000	0.441425000000	301.761991334962
1774	1	0.543139000000	0.907829000000	0.482903000000	302.506302432453
1774	2	0.507426000000	0.901139000000	0.425425000000	302.104618844316
1774	3	0.533701000000	0.963516000000	0.449615000000	302.394349363516
1775	0	0.484110000000	0.847189000000	0.506100000000	301.836342493659
1775	1	0.466820000000	0.936055000000	0.454759000000	301.622402828118
1775	2	0.531432000000	0.880368000000	0.496238000000	302.386541062375
1775	3	0.495719000000	0.873678000000	0.438760000000	301.979175521834
1776	0	0.544451000000	0.886534000000	0.419572000000	302.521256212674
1776	1	0.635368000000	0.901648000000	0.416630000000	303.382208431092
1776	2	0.570727000000	0.948911000000	0.443761000000	302.784013947817
1776	3	0.580165000000	0.893224000000	0.477050000000	302.884045294675
1777	0	0.460590000000	0.955331000000	0.477262000000	301.533945696940
1777	1	0.477880000000	0.866464000000	0.528604000000	301.760452715359
1777	2	0.525203000000	0.899643000000	0.518741000000	302.317056079253
1777	3	0.469329000000	0.955331000000	0.534085000000	301.648604304815
1778	0	0.504769000000	0.813847000000	0.502807000000	302.095065186953
1778	1	0.554331000000	0.794817000000	0.440810000000	302.639305471438
1778	2	0.516378000000	0.840336000000	0.435467000000	302.222236233721
1778	3	0.552091000000	0.847026000000	0.492945000000	302.609327096765
1779	0	0.371544000000	0.891999000000	0.622440000000	300.326829647011
1779	1	0.428675000000	0.949175000000	0.579270000000	301.119666287608
1779	2	0.448522000000	0.905441000000	0.614388000000	301.383322794913
1779	3	0.390085000000	0.885614000000	0.569560000000	300.593119714655
1780	0	0.447806000000	0.875487000000	0.632304000000	301.382377424838
1780	1	0.389369000000	0.855660000000	0.587476000000	300.582354793237
1780	2	0.425644000000	0.822289000000	0.655163000000	301.096156438753
1780	3	0.370829000000	0.862045000000	0.640356000000	300.316114624831
1781	0	0.360823000000	0.968817000000	0.658773000000	300.153424383050
1781	1	0.421767000000	0.968817000000	0.600331000000	301.022623190949
1781	2	0.441614000000	0.925083000000	0.635448000000	301.298144421864
1781	3	0.364637000000	0.911640000000	0.643500000000	300.221533290916
1782	0	0.448972000000	0.939383000000	0.564236000000	301.386664750531
1782	1	0.410381000000	0.875821000000	0.554526000000	300.890349913173
1782	2	0.457523000000	0.850517000000	0.558755000000	301.515565985180
1782	3	0.468819000000	0.895649000000	0.599354000000	301.646163744299
1783	0	0.445940000000	0.812496000000	0.640129000000	301.366474201961
1783	1	0.409666000000	0.845867000000	0.572442000000	300.873575483989
1783	2	0.468103000000	0.865695000000	0.617270000000	301.646960731865
1783	3	0.456807000000	0.820563000000	0.576671000000	301.504447392698
1784	0	0.451891000000	0.875985000000	0.661219000000	301.438660795371
1784	1	0.374914000000	0.862542000000	0.669271000000	300.374074035606
1784	2	0.429729000000	0.822786000000	0.684079000000	301.152272246301
1784	3	0.406673000000	0.857766000000	0.709965000000	300.830404156374
1785	0	0.352983000000	0.949672000000	0.684688000000	300.044806995488
1785	1	0.433774000000	0.905938000000	0.661363000000	301.188262322574
1785	2	0.388556000000	0.887720000000	0.710108000000	300.562550462791
1785	3	0.356797000000	0.892496000000	0.669415000000	300.104111897969
1786	0	0.478163000000	0.941816000000	0.562495000000	301.758970602916
1786	1	0.486714000000	0.852950000000	0.557014000000	301.873732218543
1786	2	0.534036000000	0.886129000000	0.547152000000	302.410279927532
1786	3	0.498009000000	0.898082000000	0.597613000000	301.999393720467
1787	0	0.824193000000	0.986533000000	0.360173000000	304.518900527868
1787	1	0.749528000000	0.986533000000	0.314075000000	304.156066012616
1787	2	0.831837000000	0.986533000000	0.283413000000	304.537445400443
1787	3	0.803948000000	0.942951000000	0.288900000000	304.444363833596
1788	0	0.780765000000	0.928346000000	0.308267000000	304.338103063192
1788	1	0.801010000000	0.971928000000	0.379541000000	304.429080145959
1788	2	0.726345000000	0.971928000000	0.333442000000	304.025110742157
1788	3	0.733632000000	0.924664000000	0.365454000000	304.090334955768
1789	0	0.754104000000	0.900600000000	0.366946000000	304.210112961318
1789	1	0.821482000000	0.947863000000	0.381033000000	304.519619798885
1789	2	0.813068000000	0.869988000000	0.339763000000	304.502500495382
1789	3	0.801238000000	0.904282000000	0.309759000000	304.433095809129
1790	0	0.856787000000	0.912137000000	0.266415000000	304.643525105771
1790	1	0.943595000000	0.894842000000	0.260129000000	304.823903568401
1790	2	0.884675000000	0.955719000000	0.260928000000	304.712585456636
1790	3	0.906793000000	0.916880000000	0.296387000000	304.768478125655
1791	0	0.938633000000	0.870777000000	0.271096000000	304.827212428116
1791	1	0.851825000000	0.888073000000	0.277382000000	304.633021481120
1791	2	0.863655000000	0.853779000000	0.307386000000	304.684350221113
1791	3	0.901831000000	0.892815000000	0.307354000000	304.767641735436
1792	0	0.831255000000	0.906885000000	0.301349000000	304.563508627759
1792	1	0.851500000000	0.950466000000	0.372623000000	304.627843804600
1792	2	0.843086000000	0.872591000000	0.331353000000	304.618771239228
1792	3	0.881262000000	0.911627000000	0.331321000000	304.713964370513
1793	0	0.856463000000	0.974531000000	0.361656000000	304.636569975014
1793	1	0.836218000000	0.930949000000	0.290382000000	304.566723213749
1793	2	0.864106000000	0.974531000000	0.284895000000	304.654470239229
1793	3	0.886224000000	0.935692000000	0.320354000000	304.719222574038
1794	0	0.981793000000	0.920311000000	0.247885000000	304.841649534238
1794	1	0.922873000000	0.981188000000	0.248683000000	304.779766147416
1794	2	0.981793000000	0.981188000000	0.286612000000	304.829628034990
1794	3	0.981793000000	0.981188000000	0.212077000000	304.821101567587
1795	0	0.911501000000	0.969186000000	0.270953000000	304.766263314977
1795	1	0.970420000000	0.908309000000	0.270154000000	304.842625585364
1795	2	0.970420000000	0.969186000000	0.308882000000	304.832585853277
1795	3	0.933618000000	0.930347000000	0.306412000000	304.823895355754
1796	0	0.883288000000	0.987998000000	0.371681000000	304.704048941644
1796	1	0.890931000000	0.987998000000	0.294920000000	304.715824695350
1796	2	0.949851000000	0.987998000000	0.332849000000	304.817578532450
1796	3	0.913049000000	0.949159000000	0.330379000000	304.776607257448
1797	0	0.787313000000	0.985395000000	0.414024000000	304.369045992689
1797	1	0.722743000000	0.985395000000	0.454342000000	304.009360230300
1797	2	0.712648000000	0.985395000000	0.367926000000	303.933137793656
1797	3	0.719934000000	0.938132000000	0.399938000000	303.999209266827
1798	0	0.681946000000	0.985395000000	0.458374000000	303.727207838542
1798	1	0.614496000000	0.985395000000	0.431101000000	303.176441991620
1798	2	0.671852000000	0.985395000000	0.371957000000	303.652343058230
1798	3	0.679138000000	0.938132000000	0.403969000000	303.718064109504
1799	0	0.664331000000	0.920923000000	0.432532000000	303.612629605568
1799	1	0.609127000000	0.912499000000	0.492953000000	303.154372484313
1799	2	0.667139000000	0.968187000000	0.486937000000	303.630945745559
1799	3	0.599689000000	0.968187000000	0.459664000000	303.053180402802
1800	0	0.591761000000	0.927104000000	0.518799000000	302.990209197283
1800	1	0.649773000000	0.982792000000	0.512783000000	303.487931680293
1800	2	0.582323000000	0.982792000000	0.485510000000	302.886805544696
1800	3	0.590765000000	0.982792000000	0.542019000000	302.968177978197
1801	0	0.500695000000	0.982792000000	0.540743000000	302.016948914556
1801	1	0.556568000000	0.927104000000	0.525399000000	302.640510806228
1801	2	0.547130000000	0.982792000000	0.492111000000	302.534130369990
1801	3	0.555572000000	0.982792000000	0.548619000000	302.611313139796
1802	0	0.548352000000	0.913590000000	0.551280000000	302.554313289104
1802	1	0.492478000000	0.969277000000	0.566623000000	301.921591209416
1802	2	0.512325000000	0.925543000000	0.601741000000	302.156528772222
1802	3	0.547356000000	0.969277000000	0.574499000000	302.529491798997
1803	0	0.509683000000	0.986485000000	0.657914000000	302.118851295768
1803	1	0.483350000000	0.986485000000	0.591796000000	301.808806470663
1803	2	0.538227000000	0.986485000000	0.599672000000	302.437230328408
1803	3	0.503197000000	0.942751000000	0.626914000000	302.047539207844
1804	0	0.414347000000	0.905388000000	0.717200000000	300.926760996894
1804	1	0.378775000000	0.967341000000	0.691780000000	300.414803802617
1804	2	0.466052000000	0.967341000000	0.699455000000	301.598562872429
1804	3	0.459566000000	0.923607000000	0.668455000000	301.527835325080
1805	0	0.386615000000	0.986485000000	0.665864000000	300.519061971634
1805	1	0.447559000000	0.986485000000	0.607422000000	301.359472692723
1805	2	0.473892000000	0.986485000000	0.673540000000	301.684817714527
1805	3	0.467406000000	0.942751000000	0.642540000000	301.617571910914
1806	0	0.377240000000	0.944202000000	0.828284000000	300.387067022608
1806	1	0.293299000000	0.903094000000	0.803950000000	299.084150307374
1806	2	0.366150000000	0.882249000000	0.780329000000	300.237592130278
1806	3	0.333290000000	0.866696000000	0.821134000000	299.731314702869
1807	0	0.376402000000	0.968153000000	0.807819000000	300.371244301632
1807	1	0.292461000000	0.927045000000	0.783486000000	299.071680915513
1807	2	0.329739000000	0.968153000000	0.734444000000	299.669780007424
1807	3	0.365312000000	0.906200000000	0.759865000000	300.221572950353
1808	0	0.355946000000	0.987297000000	0.824288000000	300.066587826328
1808	1	0.309283000000	0.987297000000	0.750913000000	299.335630410156
1808	2	0.272005000000	0.946189000000	0.799954000000	298.717313817140
1808	3	0.278660000000	0.987297000000	0.829627000000	298.826249215787
1809	0	0.368229000000	0.980856000000	0.721661000000	300.260067113184
1809	1	0.455506000000	0.980856000000	0.729336000000	301.462566204612
1809	2	0.414892000000	0.980856000000	0.795036000000	300.918079771192
1809	3	0.403801000000	0.918903000000	0.747082000000	300.773650625637
1810	0	0.367875000000	0.951371000000	0.852167000000	300.245723600715
1810	1	0.283934000000	0.910263000000	0.827834000000	298.925142772232
1810	2	0.323924000000	0.873865000000	0.845017000000	299.581114731984
1810	3	0.326478000000	0.912618000000	0.881500000000	299.609900200689
1811	0	0.357574000000	0.975322000000	0.856026000000	300.081931731583
1811	1	0.273633000000	0.934214000000	0.831693000000	298.742247536817
1811	2	0.316177000000	0.936569000000	0.885359000000	299.441969768389
1811	3	0.280287000000	0.975322000000	0.861365000000	298.848355451416
1812	0	0.254042000000	0.898715000000	0.942180000000	298.388673997736
1812	1	0.249192000000	0.916130000000	0.852031000000	298.317383940339
1812	2	0.255847000000	0.957237000000	0.881703000000	298.428122734252
1812	3	0.291737000000	0.918484000000	0.905697000000	299.047454706106
1813	0	0.255125000000	0.829515000000	0.890564000000	298.421569598688
1813	1	0.257317000000	0.881497000000	0.836898000000	298.464961496634
1813	2	0.299862000000	0.883852000000	0.890564000000	299.186661903487
1813	3	0.297308000000	0.845099000000	0.854081000000	299.155249028023
1814	0	0.246459000000	0.887363000000	0.859446000000	298.270151966434
1814	1	0.251309000000	0.869949000000	0.949595000000	298.349314871797
1814	2	0.244266000000	0.835382000000	0.913112000000	298.234050459461
1814	3	0.289003000000	0.889718000000	0.913112000000	299.001472456104
1815	0	0.294224000000	0.988025000000	0.889223000000	299.080326432007
1815	1	0.371510000000	0.988025000000	0.883884000000	300.287390045574
1815	2	0.332667000000	0.988025000000	0.949700000000	299.692905006155
1815	3	0.330113000000	0.949272000000	0.913217000000	299.660358099779
1816	0	0.247540000000	0.981916000000	0.920835000000	298.272034075886
1816	1	0.245735000000	0.923393000000	0.981312000000	298.240428687187
1816	2	0.285983000000	0.981916000000	0.981312000000	298.932353770312
1816	3	0.211448000000	0.981916000000	0.981312000000	297.618741017174
1817	0	0.267979000000	0.911418000000	0.970038000000	298.631110159095
1817	1	0.269783000000	0.969940000000	0.909561000000	298.668269721267
1817	2	0.308227000000	0.969940000000	0.970038000000	299.302422721870
1817	3	0.305673000000	0.931187000000	0.933555000000	299.273650345075
1818	0	0.787607000000	0.480838000000	0.551742000000	304.427981069572
1818	1	0.832363000000	0.413294000000	0.544824000000	304.625885395228
1818	2	0.771242000000	0.423951000000	0.566217000000	304.343654946263
1818	3	0.795713000000	0.423252000000	0.520306000000	304.462609841470
1819	0	0.686791000000	0.604653000000	0.507532000000	303.817683204839
1819	1	0.701928000000	0.520000000000	0.495615000000	303.935067476377
1819	2	0.735398000000	0.550149000000	0.540421000000	304.149431540564
1819	3	0.685020000000	0.568073000000	0.557601000000	303.813910096201
1820	0	0.711891000000	0.485578000000	0.510251000000	303.995195065645
1820	1	0.694983000000	0.533651000000	0.572237000000	303.882055360033
1820	2	0.728996000000	0.458840000000	0.569532000000	304.100618529263
1820	3	0.745361000000	0.515728000000	0.555057000000	304.205814682446
1821	0	0.696654000000	0.607506000000	0.481877000000	303.878723896820
1821	1	0.745261000000	0.553003000000	0.514765000000	304.203570180747
1821	2	0.711790000000	0.522853000000	0.469959000000	303.993170327654
1821	3	0.726798000000	0.580159000000	0.448921000000	304.086773689783
1822	0	0.729964000000	0.462244000000	0.495227000000	304.110981892713
1822	1	0.763434000000	0.492394000000	0.540033000000	304.306967505646
1822	2	0.747069000000	0.435507000000	0.554509000000	304.217081557521
1822	3	0.771540000000	0.434807000000	0.508598000000	304.344232235589
1823	0	0.933488000000	0.646559000000	0.249331000000	304.849075706872
1823	1	0.973811000000	0.724965000000	0.189011000000	304.861549559200
1823	2	0.929382000000	0.733127000000	0.237820000000	304.834446460349
1823	3	0.973811000000	0.694598000000	0.270272000000	304.879308164254
1824	0	0.986271000000	0.764094000000	0.186480000000	304.865064997600
1824	1	0.986271000000	0.733727000000	0.267741000000	304.882675748416
1824	2	0.986271000000	0.812312000000	0.238606000000	304.866201362155
1824	3	0.941842000000	0.772256000000	0.235288000000	304.846951421398
1825	0	0.947217000000	0.620693000000	0.236948000000	304.869549474854
1825	1	0.987540000000	0.699099000000	0.176629000000	304.870959298402
1825	2	0.987540000000	0.668732000000	0.257890000000	304.884181637160
1825	3	0.987540000000	0.623556000000	0.185366000000	304.876832135892
1826	0	0.987540000000	0.634570000000	0.282147000000	304.890249155962
1826	1	0.987540000000	0.589394000000	0.209623000000	304.882301491678
1826	2	0.987540000000	0.554386000000	0.279383000000	304.892034256963
1826	3	0.947217000000	0.586531000000	0.261205000000	304.874118678309
1827	0	0.827738000000	0.520069000000	0.381657000000	304.588285531395
1827	1	0.762506000000	0.475282000000	0.431201000000	304.300554321314
1827	2	0.817127000000	0.440901000000	0.385216000000	304.553100686525
1827	3	0.840115000000	0.483040000000	0.436994000000	304.646827308765
1828	0	0.851060000000	0.423954000000	0.528295000000	304.685420919237
1828	1	0.806304000000	0.491498000000	0.535213000000	304.509125978545
1828	2	0.850443000000	0.469107000000	0.496200000000	304.681170003320
1828	3	0.814410000000	0.433911000000	0.503777000000	304.545843197241
1829	0	0.937259000000	0.498223000000	0.341500000000	304.872977684559
1829	1	0.858380000000	0.446317000000	0.364040000000	304.698425131118
1829	2	0.881369000000	0.488456000000	0.415819000000	304.769207844821
1829	3	0.868991000000	0.525484000000	0.360481000000	304.735742076839
1830	0	0.782131000000	0.503054000000	0.523505000000	304.404420164067
1830	1	0.748660000000	0.472904000000	0.478699000000	304.224553582025
1830	2	0.826269000000	0.480663000000	0.484492000000	304.600160268258
1830	3	0.790237000000	0.445467000000	0.492069000000	304.439373988659
1831	0	0.755196000000	0.452963000000	0.450643000000	304.255852444065
1831	1	0.809817000000	0.418583000000	0.404658000000	304.518924831930
1831	2	0.832805000000	0.460722000000	0.456436000000	304.624224806380
1831	3	0.796773000000	0.425526000000	0.464013000000	304.467785707051
1832	0	0.861811000000	0.434416000000	0.479911000000	304.719616137401
1832	1	0.854462000000	0.344543000000	0.466211000000	304.692929419976
1832	2	0.862428000000	0.389263000000	0.512006000000	304.716486442464
1832	3	0.825778000000	0.399220000000	0.487488000000	304.591313976981
1833	0	0.750265000000	0.503615000000	0.438910000000	304.232415272147
1833	1	0.827874000000	0.511373000000	0.444703000000	304.606545764052
1833	2	0.815497000000	0.548401000000	0.389366000000	304.553974192232
1833	3	0.765273000000	0.560921000000	0.417873000000	304.309309875067
1834	0	0.818059000000	0.506850000000	0.473859000000	304.565725647464
1834	1	0.755458000000	0.556398000000	0.447029000000	304.256392040500
1834	2	0.740450000000	0.499092000000	0.468066000000	304.173093691754
1834	3	0.773921000000	0.529241000000	0.512872000000	304.363608854424
1835	0	0.847167000000	0.345474000000	0.440292000000	304.664400652314
1835	1	0.854517000000	0.435347000000	0.453992000000	304.697362199486
1835	2	0.831528000000	0.393208000000	0.402214000000	304.607025700771
1835	3	0.818484000000	0.400151000000	0.461569000000	304.566230939007
1836	0	0.915499000000	0.721829000000	0.276937000000	304.806239550271
1836	1	0.915001000000	0.677106000000	0.354714000000	304.835097974011
1836	2	0.919605000000	0.635261000000	0.288448000000	304.836267362246
1836	3	0.959927000000	0.683300000000	0.309390000000	304.877379311835
1837	0	0.882713000000	0.643935000000	0.357666000000	304.759135178267
1837	1	0.846996000000	0.634235000000	0.273221000000	304.652830956797
1837	2	0.887318000000	0.602090000000	0.291399000000	304.768848403437
1837	3	0.859373000000	0.597206000000	0.328558000000	304.708507928141
1838	0	0.866207000000	0.623409000000	0.412158000000	304.726919935472
1838	1	0.855244000000	0.539653000000	0.438388000000	304.696623786419
1838	2	0.792643000000	0.589201000000	0.411557000000	304.451013742419
1838	3	0.842867000000	0.576681000000	0.383051000000	304.653155456604
1839	0	0.778052000000	0.618108000000	0.395566000000	304.376372614299
1839	1	0.851616000000	0.652317000000	0.396166000000	304.680900557068
1839	2	0.828276000000	0.605589000000	0.367059000000	304.598086992640
1839	3	0.793435000000	0.662108000000	0.370646000000	304.449609371051
1840	0	0.825520000000	0.685576000000	0.283012000000	304.567962117358
1840	1	0.861238000000	0.695276000000	0.367456000000	304.703357926631
1840	2	0.831187000000	0.763057000000	0.329286000000	304.591311306820
1840	3	0.803057000000	0.705067000000	0.341936000000	304.485417386356
1841	0	0.827594000000	0.650191000000	0.285812000000	304.578265579405
1841	1	0.863312000000	0.659891000000	0.370257000000	304.710463928590
1841	2	0.805130000000	0.669682000000	0.344737000000	304.500628946239
1841	3	0.839971000000	0.613163000000	0.341150000000	304.639859397738
1842	0	0.890080000000	0.672195000000	0.342626000000	304.779734186602
1842	1	0.890578000000	0.716918000000	0.264848000000	304.770675018628
1842	2	0.894685000000	0.630350000000	0.276359000000	304.786453191671
1842	3	0.854362000000	0.662495000000	0.258181000000	304.675987454510
1843	0	0.879371000000	0.706071000000	0.351308000000	304.749515058376
1843	1	0.843653000000	0.696371000000	0.266863000000	304.630641696014
1843	2	0.849320000000	0.773852000000	0.313137000000	304.656976632627
1843	3	0.879869000000	0.750794000000	0.273530000000	304.740417768092
1844	0	0.917218000000	0.314452000000	0.434292000000	304.842302968018
1844	1	0.980458000000	0.328341000000	0.377633000000	304.896381295262
1844	2	0.980458000000	0.386079000000	0.437614000000	304.906018130378
1844	3	0.980458000000	0.320828000000	0.465112000000	304.897767509338
1845	0	0.956083000000	0.398859000000	0.416324000000	304.888231701548
1845	1	0.956083000000	0.341121000000	0.356343000000	304.879516683659
1845	2	0.892844000000	0.327232000000	0.413002000000	304.791844609455
1845	3	0.877205000000	0.374965000000	0.374924000000	304.749660118388
1846	0	0.896747000000	0.405756000000	0.356192000000	304.803829833254
1846	1	0.975625000000	0.371911000000	0.337611000000	304.893444943581
1846	2	0.975625000000	0.457662000000	0.333651000000	304.898365060107
1846	3	0.975625000000	0.429649000000	0.397592000000	304.904175861706
1847	0	0.879476000000	0.429236000000	0.377934000000	304.761107105196
1847	1	0.958354000000	0.481142000000	0.355393000000	304.897602758315
1847	2	0.902464000000	0.471375000000	0.429712000000	304.821238329669
1847	3	0.958354000000	0.453129000000	0.419334000000	304.898603001906
1848	0	0.875573000000	0.350712000000	0.434744000000	304.753932969587
1848	1	0.938812000000	0.422339000000	0.438066000000	304.876081099075
1848	2	0.859934000000	0.398446000000	0.396666000000	304.710490990168
1848	3	0.882922000000	0.440585000000	0.448444000000	304.777941119292
1849	0	0.963378000000	0.395606000000	0.469274000000	304.900509188643
1849	1	0.900138000000	0.323979000000	0.465952000000	304.805409386067
1849	2	0.963378000000	0.330355000000	0.496772000000	304.892385998382
1849	3	0.908105000000	0.368699000000	0.511748000000	304.827908961338
1850	0	0.882867000000	0.349781000000	0.460662000000	304.768041128173
1850	1	0.946107000000	0.421408000000	0.463984000000	304.887465488303
1850	2	0.890217000000	0.439653000000	0.474362000000	304.796827026494
1850	3	0.890834000000	0.394501000000	0.506458000000	304.793965401444
1851	0	0.926839000000	0.495857000000	0.440056000000	304.868424191577
1851	1	0.982729000000	0.505625000000	0.365738000000	304.904675079057
1851	2	0.982729000000	0.532945000000	0.421753000000	304.906446717641
1851	3	0.982729000000	0.477612000000	0.429678000000	304.906718436452
1852	0	0.973657000000	0.602195000000	0.389125000000	304.901685131902
1852	1	0.933334000000	0.607020000000	0.314932000000	304.866462111338
1852	2	0.928730000000	0.648864000000	0.381198000000	304.859737018565
1852	3	0.973657000000	0.655058000000	0.335874000000	304.887622945742
1853	0	0.905743000000	0.512938000000	0.426163000000	304.828712405636
1853	1	0.961633000000	0.522705000000	0.351844000000	304.899363943352
1853	2	0.893366000000	0.549967000000	0.370826000000	304.794926167815
1853	3	0.961633000000	0.550026000000	0.407860000000	304.899065254583
1854	0	0.891860000000	0.535802000000	0.441023000000	304.801234352749
1854	1	0.902823000000	0.619559000000	0.414793000000	304.815915784139
1854	2	0.947750000000	0.572890000000	0.422720000000	304.889305491175
1854	3	0.879483000000	0.572831000000	0.385686000000	304.760828148331
1855	0	0.912238000000	0.590666000000	0.319943000000	304.823050535426
1855	1	0.952561000000	0.585841000000	0.394137000000	304.894506971823
1855	2	0.907634000000	0.632510000000	0.386210000000	304.818818771226
1855	3	0.884293000000	0.585782000000	0.357103000000	304.766546545941
1856	0	0.987540000000	0.632194000000	0.321014000000	304.893550501455
1856	1	0.987540000000	0.579331000000	0.374265000000	304.904848336192
1856	2	0.947217000000	0.584156000000	0.300072000000	304.878329122852
1856	3	0.987540000000	0.552011000000	0.318250000000	304.898787746748
1857	0	0.898177000000	0.562918000000	0.342243000000	304.800700686841
1857	1	0.966444000000	0.562977000000	0.379277000000	304.903165339560
1857	2	0.966444000000	0.535657000000	0.323261000000	304.897476494824
1857	3	0.926122000000	0.567802000000	0.305083000000	304.849186810991
1858	0	0.592032000000	0.726536000000	0.537502000000	303.019906752857
1858	1	0.548322000000	0.685166000000	0.476852000000	302.586455943454
1858	2	0.584834000000	0.730014000000	0.452079000000	302.956578866153
1858	3	0.623104000000	0.685392000000	0.487134000000	303.302280046976
1859	0	0.500031000000	0.696705000000	0.595103000000	302.051855546649
1859	1	0.478006000000	0.761316000000	0.641425000000	301.782219182003
1859	2	0.545633000000	0.746874000000	0.601393000000	302.550540158079
1859	3	0.488872000000	0.769383000000	0.577967000000	301.914627897374
1860	0	0.501594000000	0.681700000000	0.618976000000	302.061100167508
1860	1	0.547195000000	0.731869000000	0.625266000000	302.572295886249
1860	2	0.479568000000	0.746311000000	0.665298000000	301.796759703853
1860	3	0.495493000000	0.705820000000	0.679094000000	301.986727676789
1861	0	0.611237000000	0.668814000000	0.511588000000	303.208521978842
1861	1	0.580165000000	0.709958000000	0.561955000000	302.911302629237
1861	2	0.536455000000	0.668588000000	0.501305000000	302.464079239048
1861	3	0.534564000000	0.659788000000	0.555665000000	302.443773515179
1862	0	0.632027000000	0.620999000000	0.580306000000	303.388920969568
1862	1	0.557125000000	0.648554000000	0.574315000000	302.685898021659
1862	2	0.602727000000	0.698723000000	0.580605000000	303.125766939940
1862	3	0.633798000000	0.657580000000	0.530237000000	303.403701004939
1863	0	0.553023000000	0.729627000000	0.570281000000	302.628496651382
1863	1	0.496263000000	0.752136000000	0.546854000000	302.000453391087
1863	2	0.509314000000	0.688257000000	0.509631000000	302.150613178935
1863	3	0.507422000000	0.679458000000	0.563991000000	302.139463668081
1864	0	0.500210000000	0.850920000000	0.625816000000	302.033660925512
1864	1	0.545675000000	0.783279000000	0.608643000000	302.547756892981
1864	2	0.478048000000	0.797721000000	0.648675000000	301.776297225835
1864	3	0.488915000000	0.805788000000	0.585217000000	301.907510794155
1865	0	0.609415000000	0.774449000000	0.542456000000	303.180183781741
1865	1	0.662467000000	0.791297000000	0.480758000000	303.619231251674
1865	2	0.602217000000	0.777927000000	0.457033000000	303.108119393866
1865	3	0.599977000000	0.830136000000	0.509167000000	303.084455054732
1866	0	0.621933000000	0.744526000000	0.537178000000	303.293198446766
1866	1	0.614735000000	0.748005000000	0.451755000000	303.226515440923
1866	2	0.674985000000	0.761374000000	0.475481000000	303.717229564012
1866	3	0.653005000000	0.703382000000	0.486811000000	303.563988459626
1867	0	0.564891000000	0.746205000000	0.545827000000	302.754923863736
1867	1	0.557692000000	0.749684000000	0.460404000000	302.675627883307
1867	2	0.521181000000	0.704835000000	0.485177000000	302.290952357258
1867	3	0.508130000000	0.768714000000	0.522401000000	302.133496851141
1868	0	0.575481000000	0.776198000000	0.554282000000	302.855705813525
1868	1	0.568283000000	0.779676000000	0.468859000000	302.788686609051
1868	2	0.518721000000	0.798706000000	0.530856000000	302.256221768552
1868	3	0.566043000000	0.831885000000	0.520994000000	302.754447693028
1869	0	0.563656000000	0.796025000000	0.585986000000	302.735291240016
1869	1	0.518192000000	0.863665000000	0.603159000000	302.235764194105
1869	2	0.554218000000	0.851712000000	0.552697000000	302.625166723748
1869	3	0.506896000000	0.818533000000	0.562560000000	302.113734851567
1870	0	0.554090000000	0.310627000000	0.751046000000	302.628677896185
1870	1	0.633856000000	0.349874000000	0.731430000000	303.391483090488
1870	2	0.600330000000	0.281000000000	0.720934000000	303.091205432122
1870	3	0.582753000000	0.337119000000	0.697368000000	302.928451830329
1871	0	0.640424000000	0.336948000000	0.754258000000	303.440856945926
1871	1	0.560658000000	0.297702000000	0.773875000000	302.700740269349
1871	2	0.606898000000	0.268074000000	0.743762000000	303.148156133590
1871	3	0.610575000000	0.282364000000	0.794071000000	303.167827256546
1872	0	0.694978000000	0.300773000000	0.681032000000	303.859440568350
1872	1	0.616013000000	0.334792000000	0.680840000000	303.240787950017
1872	2	0.633589000000	0.278673000000	0.704406000000	303.387165660759
1872	3	0.667116000000	0.347548000000	0.714902000000	303.666273449680
1873	0	0.709719000000	0.382093000000	0.631710000000	303.976182520672
1873	1	0.633984000000	0.359206000000	0.663679000000	303.402471480856
1873	2	0.712950000000	0.325187000000	0.663871000000	303.992343450696
1873	3	0.685087000000	0.371962000000	0.697741000000	303.798424826006
1874	0	0.616473000000	0.441911000000	0.633243000000	303.256475806451
1874	1	0.686944000000	0.409648000000	0.624480000000	303.821608909543
1874	2	0.662312000000	0.399517000000	0.690510000000	303.630884831464
1874	3	0.611209000000	0.386761000000	0.656449000000	303.200678969723
1875	0	0.716900000000	0.290512000000	0.724579000000	304.008882885597
1875	1	0.705197000000	0.277034000000	0.815002000000	303.915564493972
1875	2	0.689037000000	0.337287000000	0.758449000000	303.815010433709
1875	3	0.659188000000	0.282703000000	0.798262000000	303.587222270895
1876	0	0.701546000000	0.287847000000	0.703860000000	303.901974543393
1876	1	0.643834000000	0.280038000000	0.777543000000	303.470714789633
1876	2	0.673683000000	0.334622000000	0.737730000000	303.707700779798
1876	3	0.640157000000	0.265748000000	0.727234000000	303.441766097777
1877	0	0.638175000000	0.488073000000	0.612782000000	303.438874173885
1877	1	0.708646000000	0.455810000000	0.604019000000	303.969028007714
1877	2	0.674633000000	0.530621000000	0.606724000000	303.736487494677
1877	3	0.712523000000	0.497366000000	0.633101000000	303.997285273773
1878	0	0.701467000000	0.538230000000	0.599543000000	303.920281646623
1878	1	0.735480000000	0.463420000000	0.596838000000	304.144375306283
1878	2	0.751845000000	0.520307000000	0.582363000000	304.242190056835
1878	3	0.739357000000	0.504976000000	0.625920000000	304.167743719001
1879	0	0.641074000000	0.461825000000	0.632351000000	303.463913822797
1879	1	0.686914000000	0.419431000000	0.689618000000	303.818194168208
1879	2	0.711545000000	0.429562000000	0.623588000000	303.992267590105
1879	3	0.715422000000	0.471118000000	0.652670000000	304.020579412937
1880	0	0.445467000000	0.509446000000	0.667839000000	301.378142650462
1880	1	0.537216000000	0.497626000000	0.651126000000	302.471942809632
1880	2	0.505261000000	0.543268000000	0.701869000000	302.115420557259
1880	3	0.515483000000	0.490656000000	0.713252000000	302.226117836274
1881	0	0.587981000000	0.449727000000	0.655149000000	302.981046376700
1881	1	0.633820000000	0.407333000000	0.712416000000	303.401491547125
1881	2	0.566248000000	0.442757000000	0.717274000000	302.763072823221
1881	3	0.582717000000	0.394577000000	0.678355000000	302.932408800982
1882	0	0.419598000000	0.512447000000	0.690039000000	301.028028678796
1882	1	0.489614000000	0.493657000000	0.735451000000	301.922731422702
1882	2	0.479392000000	0.546269000000	0.724069000000	301.798983494667
1882	3	0.427633000000	0.510338000000	0.745165000000	301.138845340077
1883	0	0.623336000000	0.382104000000	0.736175000000	303.305743225917
1883	1	0.543569000000	0.342857000000	0.755791000000	302.526786244390
1883	2	0.555763000000	0.417528000000	0.741033000000	302.651174352543
1883	3	0.572233000000	0.369349000000	0.702113000000	302.827675195694
1884	0	0.481043000000	0.465731000000	0.733866000000	301.818118472603
1884	1	0.411027000000	0.484520000000	0.688454000000	300.908691139900
1884	2	0.443085000000	0.427971000000	0.717353000000	301.346841255889
1884	3	0.419062000000	0.482412000000	0.743580000000	301.015873010284
1885	0	0.510959000000	0.342136000000	0.752190000000	302.161087023339
1885	1	0.523153000000	0.416807000000	0.737431000000	302.310419066702
1885	2	0.539622000000	0.368627000000	0.698512000000	302.485928461952
1885	3	0.485195000000	0.379047000000	0.720918000000	301.861217879622
1886	0	0.441572000000	0.372733000000	0.808195000000	301.315287512834
1886	1	0.500006000000	0.417776000000	0.763324000000	302.043393231374
1886	2	0.487812000000	0.343105000000	0.778082000000	301.895700613315
1886	3	0.462048000000	0.380016000000	0.746811000000	301.577990317453
1887	0	0.484622000000	0.446005000000	0.761765000000	301.857413134521
1887	1	0.426187000000	0.400962000000	0.806636000000	301.110645000535
1887	2	0.422641000000	0.462686000000	0.771479000000	301.065003394955
1887	3	0.446663000000	0.408246000000	0.745252000000	301.385911212011
1888	0	0.528645000000	0.469700000000	0.649541000000	302.381848269466
1888	1	0.436896000000	0.481519000000	0.666254000000	301.265513659912
1888	2	0.468954000000	0.424970000000	0.695153000000	301.670493177257
1888	3	0.506912000000	0.462730000000	0.711666000000	302.130729038465
1889	0	0.495679000000	0.404275000000	0.697160000000	301.997140564937
1889	1	0.555370000000	0.449005000000	0.651547000000	302.662397505845
1889	2	0.533637000000	0.442035000000	0.713673000000	302.420215760177
1889	3	0.550106000000	0.393855000000	0.674753000000	302.603686625245
1890	0	0.625903000000	0.502422000000	0.633904000000	303.336456498831
1890	1	0.656660000000	0.516594000000	0.693491000000	303.581200159515
1890	2	0.700251000000	0.511715000000	0.654223000000	303.909546372374
1890	3	0.662361000000	0.544970000000	0.627846000000	303.638167564970
1891	0	0.644951000000	0.428754000000	0.723659000000	303.494816468520
1891	1	0.599112000000	0.471148000000	0.666391000000	303.090664798778
1891	2	0.577379000000	0.464178000000	0.728517000000	302.880256054247
1891	3	0.629869000000	0.485320000000	0.725978000000	303.359999197618
1892	0	0.543118000000	0.543995000000	0.715118000000	302.529593901304
1892	1	0.575072000000	0.498353000000	0.664375000000	302.865573490133
1892	2	0.605829000000	0.512525000000	0.723962000000	303.150471439081
1892	3	0.553339000000	0.491383000000	0.726500000000	302.634660966165
1893	0	0.628802000000	0.476174000000	0.653472000000	303.359460979145
1893	1	0.674641000000	0.433780000000	0.710740000000	303.728135297690
1893	2	0.703150000000	0.485467000000	0.673791000000	303.933876964235
1893	3	0.659559000000	0.490346000000	0.713059000000	303.613593566154
1894	0	0.409330000000	0.645133000000	0.772832000000	300.873723854954
1894	1	0.354764000000	0.682995000000	0.783391000000	300.085049143239
1894	2	0.390047000000	0.656807000000	0.716160000000	300.608239642936
1894	3	0.348596000000	0.640571000000	0.744607000000	299.998011189042
1895	0	0.399177000000	0.627488000000	0.709569000000	300.740328216959
1895	1	0.393438000000	0.558795000000	0.755471000000	300.659220010533
1895	2	0.418460000000	0.615814000000	0.766241000000	301.004698632307
1895	3	0.357726000000	0.611251000000	0.738016000000	300.132439197595
1896	0	0.359360000000	0.599365000000	0.846550000000	300.145350876732
1896	1	0.341352000000	0.627011000000	0.775388000000	299.880042258708
1896	2	0.347520000000	0.669435000000	0.814172000000	299.969845122088
1896	3	0.402086000000	0.631573000000	0.803613000000	300.771769492432
1897	0	0.413186000000	0.666713000000	0.714209000000	300.940171797148
1897	1	0.377904000000	0.692901000000	0.781440000000	300.426829826543
1897	2	0.432470000000	0.655039000000	0.770881000000	301.197890065556
1897	3	0.446616000000	0.682532000000	0.736340000000	301.377374726806
1898	0	0.368489000000	0.570046000000	0.839959000000	300.285907199553
1898	1	0.350482000000	0.597691000000	0.768796000000	300.024302304953
1898	2	0.411216000000	0.602253000000	0.797022000000	300.905154365744
1898	3	0.386194000000	0.545235000000	0.786252000000	300.553809577911
1899	0	0.484331000000	0.615735000000	0.725904000000	301.859207486350
1899	1	0.438310000000	0.648497000000	0.701098000000	301.278988894032
1899	2	0.457594000000	0.636822000000	0.757770000000	301.521095617537
1899	3	0.471740000000	0.664315000000	0.723229000000	301.705629177956
1900	0	0.381549000000	0.709632000000	0.802016000000	300.475651672684
1900	1	0.450261000000	0.699263000000	0.756916000000	301.425142420262
1900	2	0.428627000000	0.737590000000	0.801371000000	301.131873320773
1900	3	0.436115000000	0.671770000000	0.791457000000	301.242337201854
1901	0	0.426207000000	0.622381000000	0.708444000000	301.119296495634
1901	1	0.420469000000	0.553688000000	0.754346000000	301.037146777175
1901	2	0.472228000000	0.589619000000	0.733250000000	301.709640410337
1901	3	0.445490000000	0.610707000000	0.765116000000	301.370430832842
1902	0	0.288180000000	0.701542000000	0.939013000000	299.002668027980
1902	1	0.250403000000	0.685969000000	0.858897000000	298.359177146392
1902	2	0.252171000000	0.747892000000	0.902530000000	298.381488575598
1902	3	0.297482000000	0.713926000000	0.858253000000	299.162134039340
1903	0	0.263866000000	0.737039000000	0.988726000000	298.569874608272
1903	1	0.185674000000	0.767806000000	0.988726000000	297.148502143646
1903	2	0.234899000000	0.817956000000	0.988726000000	298.055928182006
1903	3	0.227857000000	0.783389000000	0.952243000000	297.939267708003
1904	0	0.219945000000	0.588881000000	0.985049000000	297.799344510142
1904	1	0.312604000000	0.574659000000	0.936666000000	299.411623350438
1904	2	0.291463000000	0.632343000000	0.985049000000	299.050719010051
1904	3	0.287977000000	0.552722000000	0.985049000000	298.997339376180
1905	0	0.209348000000	0.608673000000	0.960292000000	297.595281138762
1905	1	0.302007000000	0.594451000000	0.911909000000	299.234570833178
1905	2	0.243089000000	0.636563000000	0.880176000000	298.228175454597
1905	3	0.280866000000	0.652136000000	0.960292000000	298.871710728774
1906	0	0.191688000000	0.640822000000	0.963969000000	297.265223429535
1906	1	0.225428000000	0.668711000000	0.883854000000	297.902998589410
1906	2	0.227197000000	0.730634000000	0.927486000000	297.929892459961
1906	3	0.263206000000	0.684284000000	0.963969000000	298.570592205682
1907	0	0.305841000000	0.669393000000	0.935336000000	299.295376636198
1907	1	0.326981000000	0.611708000000	0.886953000000	299.646026139309
1907	2	0.268063000000	0.653820000000	0.855220000000	298.672888329565
1907	3	0.315142000000	0.681778000000	0.854575000000	299.451870524582
1908	0	0.179199000000	0.655141000000	0.988726000000	297.015480856237
1908	1	0.250717000000	0.698604000000	0.988726000000	298.348958835469
1908	2	0.214708000000	0.744954000000	0.952243000000	297.689087301551
1908	3	0.172525000000	0.729370000000	0.988726000000	296.892705507276
1909	0	0.366518000000	0.674652000000	0.836162000000	300.252746162272
1909	1	0.378358000000	0.604583000000	0.868540000000	300.429466517649
1909	2	0.421084000000	0.636790000000	0.825603000000	301.037173794031
1909	3	0.421829000000	0.649112000000	0.868540000000	301.039815981707
1910	0	0.424486000000	0.732902000000	0.825313000000	301.076299691498
1910	1	0.377407000000	0.704944000000	0.825958000000	300.410656152444
1910	2	0.431973000000	0.667082000000	0.815399000000	301.187306617003
1910	3	0.432718000000	0.679404000000	0.858336000000	301.186599106459
1911	0	0.345196000000	0.791802000000	0.841797000000	299.920584431443
1911	1	0.395403000000	0.770211000000	0.833358000000	300.658756853431
1911	2	0.367213000000	0.750040000000	0.874060000000	300.253638845019
1911	3	0.348324000000	0.742254000000	0.834003000000	299.975684130302
1912	0	0.421693000000	0.693510000000	0.873977000000	301.038920941978
1912	1	0.413461000000	0.747008000000	0.840955000000	300.924409268123
1912	2	0.366383000000	0.719050000000	0.841599000000	300.246757956432
1912	3	0.385271000000	0.726837000000	0.881657000000	300.517790743699
1913	0	0.355493000000	0.688758000000	0.851804000000	300.089556678798
1913	1	0.367333000000	0.618689000000	0.884181000000	300.258865061786
1913	2	0.410804000000	0.663218000000	0.884181000000	300.887636002329
1913	3	0.374382000000	0.696545000000	0.891862000000	300.359545706217
1914	0	0.326226000000	0.680439000000	0.947515000000	299.614401083007
1914	1	0.347366000000	0.622754000000	0.899132000000	299.957449090001
1914	2	0.335527000000	0.692823000000	0.866755000000	299.777365874868
1914	3	0.354416000000	0.700610000000	0.906813000000	300.067541278540
1915	0	0.274464000000	0.778076000000	0.892162000000	298.772057801261
1915	1	0.338663000000	0.751897000000	0.887942000000	299.819616623653
1915	2	0.319774000000	0.744110000000	0.847884000000	299.521498747184
1915	3	0.316646000000	0.793659000000	0.855679000000	299.474906953894
1916	0	0.272556000000	0.758937000000	0.914709000000	298.739952685557
1916	1	0.308565000000	0.712587000000	0.951192000000	299.334350872510
1916	2	0.317867000000	0.724972000000	0.870432000000	299.488202582890
1916	3	0.336755000000	0.732758000000	0.910490000000	299.783632708427
1917	0	0.348336000000	0.462523000000	0.865316000000	299.979222044339
1917	1	0.431678000000	0.488610000000	0.859207000000	301.172957281353
1917	2	0.397297000000	0.419465000000	0.848176000000	300.700581239484
1917	3	0.393751000000	0.481189000000	0.813019000000	300.656257876438
1918	0	0.430416000000	0.534754000000	0.782803000000	301.172784118815
1918	1	0.468343000000	0.542175000000	0.828991000000	301.653825689148
1918	2	0.482175000000	0.570685000000	0.761707000000	301.835062808606
1918	3	0.455437000000	0.591773000000	0.793573000000	301.497089380061
1919	0	0.488918000000	0.465121000000	0.784142000000	301.905028478387
1919	1	0.430484000000	0.420078000000	0.829013000000	301.164424736823
1919	2	0.464865000000	0.489223000000	0.840044000000	301.607296526600
1919	3	0.426938000000	0.481803000000	0.793856000000	301.125529106493
1920	0	0.399207000000	0.577556000000	0.876222000000	300.726966114609
1920	1	0.454840000000	0.560166000000	0.868703000000	301.481806364754
1920	2	0.441934000000	0.609764000000	0.833285000000	301.318150624092
1920	3	0.442679000000	0.622086000000	0.876222000000	301.319595943618
1921	0	0.493596000000	0.547910000000	0.755377000000	301.975341370944
1921	1	0.479764000000	0.519400000000	0.822661000000	301.798605783597
1921	2	0.441836000000	0.511980000000	0.776473000000	301.318742341874
1921	3	0.503817000000	0.495298000000	0.766759000000	302.081664458806
1922	0	0.341769000000	0.489264000000	0.871048000000	299.879550774548
1922	1	0.425111000000	0.515351000000	0.864939000000	301.083917221732
1922	2	0.387184000000	0.507930000000	0.818751000000	300.560508187161
1922	3	0.369479000000	0.532741000000	0.872458000000	300.295688308068
1923	0	0.433972000000	0.588336000000	0.816689000000	301.208524123161
1923	1	0.391245000000	0.556129000000	0.859625000000	300.615396732747
1923	2	0.408950000000	0.531318000000	0.805919000000	300.874257446746
1923	3	0.446877000000	0.538738000000	0.852106000000	301.376185929501
1924	0	0.329854000000	0.630022000000	0.985049000000	299.674332576239
1924	1	0.326369000000	0.550401000000	0.985049000000	299.616830866625
1924	2	0.350995000000	0.572338000000	0.936666000000	300.009283878337
1924	3	0.382574000000	0.579049000000	0.985049000000	300.470742134128
1925	0	0.387799000000	0.676966000000	0.916818000000	300.555958081091
1925	1	0.412329000000	0.605821000000	0.957520000000	300.900160914319
1925	2	0.380750000000	0.599110000000	0.909138000000	300.459520987223
1925	3	0.424221000000	0.643640000000	0.909138000000	301.069690302010
1926	0	0.392363000000	0.609887000000	0.972471000000	300.614604601388
1926	1	0.367833000000	0.681031000000	0.931769000000	300.263974996097
1926	2	0.360784000000	0.603175000000	0.924089000000	300.161994988076
1926	3	0.339643000000	0.660860000000	0.972471000000	299.824990711110
1927	0	0.439234000000	0.614207000000	0.904441000000	301.268953606704
1927	1	0.451395000000	0.552287000000	0.896922000000	301.430385177788
1927	2	0.427342000000	0.576389000000	0.952823000000	301.104912816790
1927	3	0.395763000000	0.569677000000	0.904441000000	300.679336892349
1928	0	0.411673000000	0.361819000000	0.912384000000	300.893932445655
1928	1	0.373308000000	0.338939000000	0.979317000000	300.331105486025
1928	2	0.459059000000	0.334980000000	0.979317000000	301.505290399510
1928	3	0.431046000000	0.398920000000	0.979317000000	301.145490614697
1929	0	0.410706000000	0.489802000000	0.985049000000	300.869974837216
1929	1	0.370082000000	0.539236000000	0.936666000000	300.300715156799
1929	2	0.345455000000	0.517299000000	0.985049000000	299.926175282317
1929	3	0.401661000000	0.545947000000	0.985049000000	300.745868985350
1930	0	0.394883000000	0.540641000000	0.919392000000	300.663930509038
1930	1	0.435507000000	0.491207000000	0.967774000000	301.211195536660
1930	2	0.450515000000	0.523251000000	0.911873000000	301.416920526062
1930	3	0.426462000000	0.547352000000	0.967774000000	301.093568715663
1931	0	0.324051000000	0.480250000000	0.919870000000	299.597434448964
1931	1	0.392385000000	0.474293000000	0.969662000000	300.614665170263
1931	2	0.351760000000	0.523727000000	0.921280000000	300.025391307258
1931	3	0.327134000000	0.501790000000	0.969662000000	299.636229297143
1932	0	0.355419000000	0.454914000000	0.896864000000	300.087484040865
1932	1	0.438761000000	0.481001000000	0.890754000000	301.263700043038
1932	2	0.423753000000	0.448957000000	0.946656000000	301.055932096048
1932	3	0.404380000000	0.411856000000	0.879723000000	300.791717196503
1933	0	0.348852000000	0.481655000000	0.902596000000	299.984407632457
1933	1	0.417186000000	0.475698000000	0.952388000000	300.967490382457
1933	2	0.432194000000	0.507742000000	0.896486000000	301.170177384766
1933	3	0.376562000000	0.525132000000	0.904005000000	300.398974502466
1934	0	0.329358000000	0.380501000000	0.984613000000	299.665632788360
1934	1	0.387096000000	0.440482000000	0.984613000000	300.531136487124
1934	2	0.318762000000	0.446439000000	0.934821000000	299.508625279321
1934	3	0.321845000000	0.467979000000	0.984613000000	299.546815075669
1935	0	0.401273000000	0.420520000000	0.963930000000	300.737947781663
1935	1	0.343535000000	0.360539000000	0.963930000000	299.895898595925
1935	2	0.332939000000	0.426477000000	0.914138000000	299.734680029943
1935	3	0.381900000000	0.383419000000	0.896998000000	300.479175812275
1936	0	0.558768000000	0.792812000000	0.635013000000	302.685343045019
1936	1	0.491141000000	0.807254000000	0.675045000000	301.928356524942
1936	2	0.544378000000	0.846171000000	0.696922000000	302.517709497277
1936	3	0.513303000000	0.860453000000	0.652186000000	302.181328930773
1937	0	0.459347000000	0.841288000000	0.794651000000	301.524083790403
1937	1	0.443081000000	0.804699000000	0.732824000000	301.326771267347
1937	2	0.437371000000	0.802534000000	0.791076000000	301.244608947378
1937	3	0.420025000000	0.839679000000	0.758710000000	301.010485876676
1938	0	0.442068000000	0.847291000000	0.815259000000	301.297650168012
1938	1	0.369886000000	0.830129000000	0.820123000000	300.292059688033
1938	2	0.402746000000	0.845682000000	0.779319000000	300.769558692836
1938	3	0.420092000000	0.808538000000	0.811684000000	301.007169202503
1939	0	0.478649000000	0.962208000000	0.748298000000	301.746407200392
1939	1	0.438035000000	0.962208000000	0.813998000000	301.226237608891
1939	2	0.426945000000	0.900255000000	0.766043000000	301.095720656011
1939	3	0.466267000000	0.901864000000	0.801984000000	301.599632731617
1940	0	0.491535000000	0.859612000000	0.768347000000	301.913202706111
1940	1	0.475270000000	0.823024000000	0.706521000000	301.727790600774
1940	2	0.497432000000	0.876222000000	0.683662000000	301.987017944828
1940	3	0.528507000000	0.861941000000	0.728398000000	302.335651980303
1941	0	0.467960000000	0.858396000000	0.769586000000	301.631911604293
1941	1	0.473856000000	0.875006000000	0.684900000000	301.708196664173
1941	2	0.451694000000	0.821807000000	0.707760000000	301.439162930960
1941	3	0.428638000000	0.856787000000	0.733646000000	301.126764944859
1942	0	0.476813000000	0.888350000000	0.772102000000	301.732619559661
1942	1	0.489195000000	0.948694000000	0.718416000000	301.876921950941
1942	2	0.482709000000	0.904960000000	0.687416000000	301.809238194578
1942	3	0.437491000000	0.886741000000	0.736161000000	301.242852828373
1943	0	0.512771000000	0.949910000000	0.717177000000	302.151842911292
1943	1	0.500388000000	0.889566000000	0.770863000000	302.013085466074
1943	2	0.506285000000	0.906176000000	0.686177000000	302.085636815052
1943	3	0.537359000000	0.891895000000	0.730914000000	302.430597214951
1944	0	0.367953000000	0.860751000000	0.824941000000	300.258877909807
1944	1	0.411903000000	0.938257000000	0.832091000000	300.881057332544
1944	2	0.440135000000	0.877913000000	0.820076000000	301.265623984938
1944	3	0.400813000000	0.876305000000	0.784136000000	300.735742173232
1945	0	0.430769000000	0.885082000000	0.843960000000	301.132073124756
1945	1	0.402538000000	0.945427000000	0.855974000000	300.746315638127
1945	2	0.358588000000	0.867920000000	0.848824000000	300.115204659341
1945	3	0.361142000000	0.906674000000	0.885307000000	300.132749444144
1946	0	0.457558000000	0.802196000000	0.877306000000	301.491431210666
1946	1	0.382825000000	0.819863000000	0.843255000000	300.480474404932
1946	2	0.455007000000	0.837025000000	0.838391000000	301.462709960799
1946	3	0.433032000000	0.798272000000	0.834816000000	301.184951761821
1947	0	0.367323000000	0.801654000000	0.854728000000	300.253362402987
1947	1	0.442056000000	0.783988000000	0.888779000000	301.298586863601
1947	2	0.389340000000	0.759892000000	0.886991000000	300.574767683626
1947	3	0.417530000000	0.780063000000	0.846289000000	300.977633873886
1948	0	0.443820000000	0.703362000000	0.886908000000	301.325111526294
1948	1	0.460114000000	0.760784000000	0.896375000000	301.526842703100
1948	2	0.435588000000	0.756860000000	0.853886000000	301.218786854903
1948	3	0.407398000000	0.736689000000	0.894588000000	300.835073266953
1949	0	0.363709000000	0.883572000000	0.988726000000	300.169337327624
1949	1	0.290151000000	0.891029000000	0.988726000000	299.010772284111
1949	2	0.330400000000	0.949552000000	0.988726000000	299.655529946303
1949	3	0.327846000000	0.910799000000	0.952243000000	299.621916054704
1950	0	0.301808000000	0.750232000000	0.988726000000	299.220734053902
1950	1	0.346398000000	0.823692000000	0.988726000000	299.918996013388
1950	2	0.265799000000	0.796582000000	0.952243000000	298.598840278379
1950	3	0.272841000000	0.831149000000	0.988726000000	298.723601233536
1951	0	0.283461000000	0.777811000000	0.939666000000	298.912951822579
1951	1	0.364061000000	0.804921000000	0.976148000000	300.187143919618
1951	2	0.319470000000	0.731461000000	0.976148000000	299.508638456423
1951	3	0.347660000000	0.751632000000	0.935446000000	299.954002779379
1952	0	0.268496000000	0.827696000000	0.940970000000	298.656019465031
1952	1	0.349095000000	0.854806000000	0.977452000000	299.950901981569
1952	2	0.313232000000	0.882032000000	0.940970000000	299.396887749025
1952	3	0.275538000000	0.862263000000	0.977452000000	298.763357966135
1953	0	0.365968000000	0.824059000000	0.953601000000	300.212452943257
1953	1	0.285369000000	0.796949000000	0.917118000000	298.952481271022
1953	2	0.327551000000	0.812532000000	0.880635000000	299.638561579195
1953	3	0.349568000000	0.770770000000	0.912898000000	299.979332520619
1954	0	0.279354000000	0.821830000000	0.918422000000	298.843196681004
1954	1	0.359954000000	0.848940000000	0.954905000000	300.124511091761
1954	2	0.321537000000	0.837413000000	0.881939000000	299.542174019270
1954	3	0.324091000000	0.876166000000	0.918422000000	299.572032327754
1955	0	0.402097000000	0.823415000000	0.952849000000	300.741463923205
1955	1	0.363680000000	0.811888000000	0.879884000000	300.192149538567
1955	2	0.438413000000	0.794222000000	0.913934000000	301.241209524820
1955	3	0.385697000000	0.770126000000	0.912147000000	300.522332995373
1956	0	0.417599000000	0.841624000000	0.941376000000	300.954923737032
1956	1	0.379182000000	0.830097000000	0.868411000000	300.422893752610
1956	2	0.451364000000	0.847259000000	0.863546000000	301.409096261593
1956	3	0.453914000000	0.812430000000	0.902461000000	301.441194156379
1957	0	0.395294000000	0.859059000000	0.942128000000	300.642731896608
1957	1	0.429059000000	0.864694000000	0.864298000000	301.108965821923
1957	2	0.356878000000	0.847532000000	0.869162000000	300.089978055529
1957	3	0.359432000000	0.886285000000	0.905645000000	300.118582854118
1958	0	0.733530000000	0.925693000000	0.427580000000	304.090051843667
1958	1	0.800909000000	0.972956000000	0.441667000000	304.433582710825
1958	2	0.736339000000	0.972956000000	0.481985000000	304.097934515600
1958	3	0.770242000000	0.932702000000	0.485020000000	304.293195603815
1959	0	0.818262000000	0.948891000000	0.416455000000	304.508536706486
1959	1	0.809848000000	0.871016000000	0.375185000000	304.484209710433
1959	2	0.787595000000	0.908637000000	0.459808000000	304.386483419061
1959	3	0.750883000000	0.901628000000	0.402368000000	304.193337103952
1960	0	0.695650000000	0.908484000000	0.441898000000	303.842112410876
1960	1	0.640447000000	0.900060000000	0.502319000000	303.420035316106
1960	2	0.732362000000	0.915494000000	0.499338000000	304.082009755717
1960	3	0.698459000000	0.955747000000	0.496303000000	303.846644081167
1961	0	0.733745000000	0.886283000000	0.492419000000	304.101337555132
1961	1	0.641831000000	0.870850000000	0.495399000000	303.444187282099
1961	2	0.697034000000	0.879274000000	0.434978000000	303.858146530613
1961	3	0.704320000000	0.832011000000	0.466990000000	303.919152578971
1962	0	0.769025000000	0.879427000000	0.465348000000	304.301260022402
1962	1	0.791278000000	0.841806000000	0.380724000000	304.409252400709
1962	2	0.739600000000	0.825154000000	0.439919000000	304.146601516450
1962	3	0.732314000000	0.872418000000	0.407907000000	304.091361283755
1963	0	0.904291000000	0.732840000000	0.377481000000	304.805799188465
1963	1	0.949218000000	0.809769000000	0.377733000000	304.860748486795
1963	2	0.904790000000	0.777563000000	0.299703000000	304.787086411586
1963	3	0.874241000000	0.800622000000	0.339310000000	304.719046168932
1964	0	0.963101000000	0.835967000000	0.354724000000	304.861508716316
1964	1	0.888124000000	0.826820000000	0.316301000000	304.751048882495
1964	2	0.963101000000	0.843818000000	0.280012000000	304.855136239593
1964	3	0.918673000000	0.803762000000	0.276694000000	304.814805178627
1965	0	0.890480000000	0.846008000000	0.328530000000	304.755174838862
1965	1	0.965458000000	0.855155000000	0.366953000000	304.858061838056
1965	2	0.965458000000	0.863006000000	0.292241000000	304.854369402727
1965	3	0.928656000000	0.885044000000	0.328499000000	304.825047463449
1966	0	0.988628000000	0.887071000000	0.292995000000	304.854665247616
1966	1	0.988628000000	0.879220000000	0.367707000000	304.860534815564
1966	2	0.988628000000	0.947948000000	0.331722000000	304.845859762171
1966	3	0.951826000000	0.909109000000	0.329252000000	304.840090027159
1967	0	0.986271000000	0.816935000000	0.352513000000	304.870869022096
1967	1	0.986271000000	0.746201000000	0.306936000000	304.884613733664
1967	2	0.941842000000	0.784730000000	0.274483000000	304.845434192456
1967	3	0.986271000000	0.824786000000	0.277801000000	304.869095030376
1968	0	0.927959000000	0.758532000000	0.297492000000	304.840893655820
1968	1	0.972388000000	0.790737000000	0.375522000000	304.876947336246
1968	2	0.927461000000	0.713809000000	0.375270000000	304.844703461932
1968	3	0.972388000000	0.720003000000	0.329945000000	304.882427612538
1969	0	0.868400000000	0.806933000000	0.378638000000	304.708805650309
1969	1	0.898451000000	0.739152000000	0.416808000000	304.796270746644
1969	2	0.943378000000	0.816081000000	0.417061000000	304.857271188726
1969	3	0.880050000000	0.804301000000	0.466298000000	304.746625284085
1970	0	0.822932000000	0.799355000000	0.464830000000	304.558484701332
1970	1	0.811283000000	0.801987000000	0.377171000000	304.503170283566
1970	2	0.783152000000	0.743997000000	0.389821000000	304.385593231987
1970	3	0.759605000000	0.785336000000	0.436366000000	304.269829055613
1971	0	0.840083000000	0.938618000000	0.435143000000	304.598108074989
1971	1	0.831668000000	0.860743000000	0.393873000000	304.583105185082
1971	2	0.843318000000	0.858110000000	0.481532000000	304.625360424992
1971	3	0.809416000000	0.898364000000	0.478497000000	304.488974158878
1972	0	0.848188000000	0.783555000000	0.458333000000	304.657064579002
1972	1	0.836538000000	0.786187000000	0.370674000000	304.612127729232
1972	2	0.866589000000	0.718406000000	0.408844000000	304.715382051022
1972	3	0.808408000000	0.728197000000	0.383324000000	304.508799265338
1973	0	0.870911000000	0.839942000000	0.366833000000	304.711606275689
1973	1	0.882561000000	0.837309000000	0.454492000000	304.747509300836
1973	2	0.945889000000	0.849089000000	0.405256000000	304.851102758563
1973	3	0.909087000000	0.878978000000	0.366801000000	304.788831371530
1974	0	0.858756000000	0.939055000000	0.408983000000	304.657063491187
1974	1	0.861992000000	0.858548000000	0.455372000000	304.688334399530
1974	2	0.850342000000	0.861180000000	0.367713000000	304.646247740034
1974	3	0.888518000000	0.900216000000	0.367681000000	304.742377724763
1975	0	0.761421000000	0.814881000000	0.458607000000	304.275005783628
1975	1	0.813099000000	0.831533000000	0.399412000000	304.511600863732
1975	2	0.790846000000	0.869154000000	0.484036000000	304.411657949823
1975	3	0.824749000000	0.828900000000	0.487072000000	304.565756709130
1976	0	0.676676000000	0.710692000000	0.510461000000	303.741832884871
1976	1	0.645604000000	0.751835000000	0.560829000000	303.489645071188
1976	2	0.715007000000	0.778968000000	0.551939000000	304.002995991628
1976	3	0.698656000000	0.768684000000	0.499131000000	303.887314846226
1977	0	0.750504000000	0.812914000000	0.493218000000	304.213104791432
1977	1	0.813832000000	0.826933000000	0.521683000000	304.518515031100
1977	2	0.779929000000	0.867186000000	0.518647000000	304.359606993878
1977	3	0.766856000000	0.823198000000	0.546027000000	304.292841692212
1978	0	0.633086000000	0.781758000000	0.566106000000	303.381194484784
1978	1	0.623648000000	0.837445000000	0.532817000000	303.296334290386
1978	2	0.702489000000	0.808890000000	0.557217000000	303.911130808477
1978	3	0.686138000000	0.798606000000	0.504409000000	303.796439256147
1979	0	0.741050000000	0.874856000000	0.518630000000	304.144706014342
1979	1	0.649135000000	0.859423000000	0.521610000000	303.508372306370
1979	2	0.711625000000	0.820584000000	0.493201000000	303.968731421391
1979	3	0.727976000000	0.830868000000	0.546009000000	304.069695323938
1980	0	0.710141000000	0.633872000000	0.489567000000	303.983676872254
1980	1	0.758748000000	0.579369000000	0.522456000000	304.275757587533
1980	2	0.740285000000	0.606525000000	0.456612000000	304.163021607458
1980	3	0.768923000000	0.634540000000	0.502537000000	304.330234646637
1981	0	0.803811000000	0.705337000000	0.409125000000	304.489228390799
1981	1	0.843591000000	0.760695000000	0.484135000000	304.644869486342
1981	2	0.817065000000	0.689352000000	0.479970000000	304.550559265832
1981	3	0.861992000000	0.695546000000	0.434645000000	304.710825895118
1982	0	0.818336000000	0.776495000000	0.490632000000	304.545889668507
1982	1	0.778555000000	0.721137000000	0.415622000000	304.371164311429
1982	2	0.791810000000	0.705152000000	0.486467000000	304.443712860531
1982	3	0.755008000000	0.762476000000	0.462167000000	304.234975679274
1983	0	0.789586000000	0.721105000000	0.517169000000	304.430132080295
1983	1	0.816112000000	0.792448000000	0.521334000000	304.535039898336
1983	2	0.752784000000	0.778429000000	0.492869000000	304.230666101936
1983	3	0.769135000000	0.788713000000	0.545678000000	304.316384315257
1984	0	0.800019000000	0.658649000000	0.464492000000	304.485401726317
1984	1	0.844946000000	0.664843000000	0.419167000000	304.664534918770
1984	2	0.771381000000	0.630634000000	0.418566000000	304.339464415343
1984	3	0.786765000000	0.674634000000	0.393647000000	304.419550877872
1985	0	0.704442000000	0.698184000000	0.498905000000	303.935346864637
1985	1	0.742774000000	0.766460000000	0.540383000000	304.169854276172
1985	2	0.763224000000	0.698852000000	0.511874000000	304.291157364338
1985	3	0.726422000000	0.756176000000	0.487575000000	304.076985115323
1986	0	0.848574000000	0.552178000000	0.461389000000	304.674506869904
1986	1	0.859537000000	0.635935000000	0.435159000000	304.706851984073
1986	2	0.785973000000	0.601726000000	0.434558000000	304.421744588449
1986	3	0.814610000000	0.629741000000	0.480483000000	304.548967300723
1987	0	0.768945000000	0.582763000000	0.454719000000	304.332498004643
1987	1	0.831546000000	0.533216000000	0.481550000000	304.615229685944
1987	2	0.797583000000	0.610778000000	0.500644000000	304.476680813617
1987	3	0.787408000000	0.555607000000	0.520563000000	304.423935428425
1988	0	0.752194000000	0.698885000000	0.410327000000	304.236813129804
1988	1	0.765448000000	0.682900000000	0.481172000000	304.302505359059
1988	2	0.728646000000	0.740224000000	0.456873000000	304.094135788433
1988	3	0.706666000000	0.682231000000	0.468203000000	303.948312223264
1989	0	0.754717000000	0.672514000000	0.403645000000	304.248345863799
1989	1	0.767971000000	0.656529000000	0.474490000000	304.320972014134
1989	2	0.709189000000	0.655860000000	0.461520000000	303.974435319640
1989	3	0.739334000000	0.628514000000	0.428565000000	304.155561012005
1990	0	0.463956000000	0.786549000000	0.740218000000	301.593913985928
1990	1	0.508453000000	0.762793000000	0.790030000000	302.113716622334
1990	2	0.480222000000	0.823137000000	0.802044000000	301.783431531203
1990	3	0.458246000000	0.784384000000	0.798469000000	301.515873091046
1991	0	0.565670000000	0.769032000000	0.657470000000	302.755818955640
1991	1	0.542540000000	0.759719000000	0.747314000000	302.507704955309
1991	2	0.551280000000	0.822391000000	0.719379000000	302.591191541597
1991	3	0.498043000000	0.783474000000	0.697502000000	302.005362350776
1992	0	0.454549000000	0.734869000000	0.822506000000	301.467724693901
1992	1	0.504755000000	0.713278000000	0.814067000000	302.078751265476
1992	2	0.462781000000	0.681372000000	0.855528000000	301.573189691096
1992	3	0.462036000000	0.669050000000	0.812592000000	301.568242864700
1993	0	0.526668000000	0.775488000000	0.778790000000	302.318163606637
1993	1	0.482171000000	0.799243000000	0.728978000000	301.808851954754
1993	2	0.498437000000	0.835832000000	0.790804000000	301.993569755093
1993	3	0.535408000000	0.838161000000	0.750855000000	302.419970060191
1994	0	0.554140000000	0.744494000000	0.654973000000	302.640052114964
1994	1	0.531010000000	0.735180000000	0.744817000000	302.382444710927
1994	2	0.486512000000	0.758936000000	0.695005000000	301.872087056524
1994	3	0.502437000000	0.718445000000	0.708801000000	302.061737103365
1995	0	0.519473000000	0.691110000000	0.777214000000	302.254948464349
1995	1	0.503491000000	0.625794000000	0.743872000000	302.073607721491
1995	2	0.476754000000	0.646882000000	0.775739000000	301.758570110001
1995	3	0.490900000000	0.674375000000	0.741198000000	301.926161530520
1996	0	0.466177000000	0.673738000000	0.788650000000	301.623659669393
1996	1	0.458690000000	0.739557000000	0.798564000000	301.524030774884
1996	2	0.508897000000	0.717966000000	0.790125000000	302.134038181862
1996	3	0.480324000000	0.701231000000	0.754109000000	301.802796881303
1997	0	0.486036000000	0.823681000000	0.833175000000	301.847334628909
1997	1	0.514268000000	0.763337000000	0.821161000000	302.180141909156
1997	2	0.488587000000	0.788852000000	0.872090000000	301.877185815545
1997	3	0.464061000000	0.784928000000	0.829600000000	301.584751569922
1998	0	0.510021000000	0.734830000000	0.830261000000	302.135033255578
1998	1	0.468046000000	0.702924000000	0.871722000000	301.631599007717
1998	2	0.484340000000	0.760345000000	0.881190000000	301.829652153400
1998	3	0.459814000000	0.756421000000	0.838700000000	301.535658626292
1999	0	0.508347000000	0.738974000000	0.775188000000	302.127182897112
1999	1	0.458141000000	0.760565000000	0.783627000000	301.518571813812
1999	2	0.463850000000	0.762730000000	0.725376000000	301.599334269501
1999	3	0.479774000000	0.722239000000	0.739172000000	301.793583482561
2000	0	0.585379000000	0.540609000000	0.617448000000	302.963662152134
2000	1	0.546935000000	0.610711000000	0.605399000000	302.573632564109
2000	2	0.597790000000	0.617546000000	0.656152000000	303.073164484528
2000	3	0.621837000000	0.583156000000	0.611390000000	303.302740472342
2001	0	0.598033000000	0.601218000000	0.695841000000	303.079582157260
2001	1	0.585623000000	0.524282000000	0.657138000000	302.966205113479
2001	2	0.616380000000	0.538453000000	0.716724000000	303.243929695294
2001	3	0.553669000000	0.569923000000	0.707881000000	302.641741957855
2002	0	0.525794000000	0.611668000000	0.622952000000	302.344949824993
2002	1	0.564239000000	0.541565000000	0.635001000000	302.759519429816
2002	2	0.576649000000	0.618502000000	0.673705000000	302.876093993756
2002	3	0.532284000000	0.587207000000	0.685744000000	302.412925857372
2003	0	0.576661000000	0.726640000000	0.656342000000	302.869062579936
2003	1	0.553531000000	0.717326000000	0.746186000000	302.630487383631
2003	2	0.524958000000	0.700591000000	0.710170000000	302.320293930557
2003	3	0.581914000000	0.683305000000	0.700806000000	302.917164746782
2004	0	0.549147000000	0.647877000000	0.603619000000	302.597468384827
2004	1	0.624049000000	0.620322000000	0.609610000000	303.320141568078
2004	2	0.594748000000	0.698046000000	0.609909000000	303.046475350212
2004	3	0.600001000000	0.654712000000	0.654372000000	303.098212331384
2005	0	0.606764000000	0.523325000000	0.639585000000	303.167565201016
2005	1	0.619174000000	0.600262000000	0.678289000000	303.269877531258
2005	2	0.637521000000	0.537497000000	0.699172000000	303.426334419841
2005	3	0.643221000000	0.565873000000	0.633527000000	303.484419615443
2006	0	0.524115000000	0.663846000000	0.620345000000	302.328014406126
2006	1	0.569717000000	0.714015000000	0.626635000000	302.796211808942
2006	2	0.518014000000	0.687966000000	0.680463000000	302.246076106987
2006	3	0.574970000000	0.670680000000	0.671099000000	302.849823375055
2007	0	0.512029000000	0.640784000000	0.637806000000	302.187786877461
2007	1	0.562884000000	0.647618000000	0.688559000000	302.728874220258
2007	2	0.505928000000	0.664904000000	0.697923000000	302.105667953717
2007	3	0.518519000000	0.616323000000	0.700598000000	302.262824367347
2008	0	0.525463000000	0.628948000000	0.730305000000	302.330106452438
2008	1	0.541445000000	0.694265000000	0.763646000000	302.501220586270
2008	2	0.569828000000	0.660243000000	0.718266000000	302.796988192585
2008	3	0.512872000000	0.677529000000	0.727630000000	302.178243450134
2009	0	0.546331000000	0.614739000000	0.741104000000	302.561748420587
2009	1	0.562313000000	0.680055000000	0.774445000000	302.716599390421
2009	2	0.601272000000	0.617338000000	0.773376000000	303.106349213980
2009	3	0.590696000000	0.646034000000	0.729065000000	303.007296194594
2010	0	0.560772000000	0.584831000000	0.733534000000	302.707591629978
2010	1	0.623483000000	0.553360000000	0.742377000000	303.298619720479
2010	2	0.605137000000	0.616126000000	0.721494000000	303.146325975690
2010	3	0.615712000000	0.587430000000	0.765805000000	303.231736994762
2011	0	0.560442000000	0.506290000000	0.752153000000	302.709143468901
2011	1	0.550221000000	0.558902000000	0.740771000000	302.605750525279
2011	2	0.605161000000	0.561501000000	0.773043000000	303.134279654359
2011	3	0.612932000000	0.527432000000	0.749615000000	303.212069911896
2012	0	0.540341000000	0.676901000000	0.788013000000	302.489665124218
2012	1	0.579300000000	0.614184000000	0.786943000000	302.888191922466
2012	2	0.497622000000	0.632673000000	0.786538000000	302.005423858698
2012	3	0.524360000000	0.611585000000	0.754671000000	302.315874371178
2013	0	0.512736000000	0.531306000000	0.826114000000	302.184922330889
2013	1	0.581508000000	0.562416000000	0.791102000000	302.909999251770
2013	2	0.536789000000	0.507205000000	0.770212000000	302.459291102915
2013	3	0.526568000000	0.559817000000	0.758830000000	302.346789176086
2014	0	0.570087000000	0.585190000000	0.797432000000	302.800042872937
2014	1	0.501315000000	0.554081000000	0.832444000000	302.051797851523
2014	2	0.488409000000	0.603679000000	0.797027000000	301.899733565576
2014	3	0.515147000000	0.582591000000	0.765160000000	302.213461871749
2015	0	0.739566000000	0.582852000000	0.566312000000	304.172375119321
2015	1	0.719582000000	0.658529000000	0.605292000000	304.034305503349
2015	2	0.690959000000	0.637355000000	0.533424000000	303.847698769119
2015	3	0.689188000000	0.600775000000	0.583493000000	303.842381948168
2016	0	0.694960000000	0.688086000000	0.610694000000	303.868967938617
2016	1	0.635265000000	0.708056000000	0.589193000000	303.403172154994
2016	2	0.666337000000	0.666912000000	0.538825000000	303.665351768401
2016	3	0.664566000000	0.630332000000	0.588894000000	303.652461908484
2017	0	0.738294000000	0.670040000000	0.593828000000	304.151958011015
2017	1	0.758278000000	0.594362000000	0.554848000000	304.276217650142
2017	2	0.709671000000	0.648866000000	0.521960000000	303.978132506007
2017	3	0.768453000000	0.649534000000	0.534929000000	304.321026610084
2018	0	0.706495000000	0.686807000000	0.524614000000	303.952210685685
2018	1	0.744827000000	0.755083000000	0.566093000000	304.185631584798
2018	2	0.735119000000	0.707981000000	0.596483000000	304.125768951265
2018	3	0.765277000000	0.687475000000	0.537584000000	304.302890734336
2019	0	0.627287000000	0.707379000000	0.618497000000	303.340399873083
2019	1	0.656587000000	0.629654000000	0.618198000000	303.592034639522
2019	2	0.686982000000	0.687409000000	0.639998000000	303.817384115247
2019	3	0.632540000000	0.664044000000	0.662960000000	303.387816892476
2020	0	0.678729000000	0.699314000000	0.536171000000	303.753204011767
2020	1	0.717060000000	0.767591000000	0.577649000000	304.013476679194
2020	2	0.647657000000	0.740458000000	0.586538000000	303.506821875570
2020	3	0.707353000000	0.720488000000	0.608039000000	303.944716928798
2021	0	0.537902000000	0.311052000000	0.928472000000	302.428290476396
2021	1	0.536756000000	0.308263000000	0.831427000000	302.444324718170
2021	2	0.584267000000	0.349272000000	0.870897000000	302.919744471730
2021	3	0.586673000000	0.292926000000	0.851623000000	302.944915792797
2022	0	0.561051000000	0.319530000000	0.795377000000	302.699644771374
2022	1	0.640817000000	0.358776000000	0.775760000000	303.445557447699
2022	2	0.608562000000	0.360539000000	0.834847000000	303.158635010817
2022	3	0.610968000000	0.304192000000	0.815573000000	303.179102665162
2023	0	0.557967000000	0.385380000000	0.839412000000	302.667052667663
2023	1	0.464216000000	0.373999000000	0.830055000000	301.594378428842
2023	2	0.522650000000	0.419042000000	0.785184000000	302.296310902339
2023	3	0.510455000000	0.344371000000	0.799942000000	302.157124525850
2024	0	0.554553000000	0.363167000000	0.873961000000	302.629315825684
2024	1	0.508188000000	0.324947000000	0.931537000000	302.107426721476
2024	2	0.460801000000	0.351786000000	0.864604000000	301.548272764095
2024	3	0.507041000000	0.322158000000	0.834492000000	302.109819099118
2025	0	0.554302000000	0.415903000000	0.852126000000	302.631173791238
2025	1	0.460551000000	0.404521000000	0.842769000000	301.548270250876
2025	2	0.494932000000	0.473666000000	0.853800000000	301.968059143491
2025	3	0.518985000000	0.449564000000	0.797898000000	302.251452683297
2026	0	0.549394000000	0.347344000000	0.784575000000	302.584189745437
2026	1	0.629160000000	0.386590000000	0.764959000000	303.351784307751
2026	2	0.561588000000	0.422014000000	0.769817000000	302.710600964871
2026	3	0.596905000000	0.388353000000	0.824045000000	303.053096590602
2027	0	0.581576000000	0.451622000000	0.764472000000	302.912909947801
2027	1	0.616893000000	0.417960000000	0.818700000000	303.234407118660
2027	2	0.649149000000	0.416198000000	0.759614000000	303.519608625487
2027	3	0.634067000000	0.472764000000	0.761933000000	303.392334897398
2028	0	0.563349000000	0.381339000000	0.903950000000	302.716297098167
2028	1	0.469598000000	0.369957000000	0.894593000000	301.654002843979
2028	2	0.516984000000	0.343118000000	0.961525000000	302.204309887037
2028	3	0.544304000000	0.399133000000	0.961525000000	302.503581566163
2029	0	0.521320000000	0.407081000000	0.979317000000	302.248885747053
2029	1	0.446614000000	0.377905000000	0.912384000000	301.363617423246
2029	2	0.494000000000	0.351066000000	0.979317000000	301.936332969851
2029	3	0.465987000000	0.415006000000	0.979317000000	301.599018605977
2030	0	0.465579000000	0.399618000000	0.877318000000	301.607122457106
2030	1	0.540285000000	0.428794000000	0.944250000000	302.471014432693
2030	2	0.559330000000	0.410999000000	0.886675000000	302.678585328557
2030	3	0.499960000000	0.468763000000	0.888349000000	302.021191196675
2031	0	0.442595000000	0.407566000000	0.895110000000	301.319400922920
2031	1	0.517301000000	0.436742000000	0.962042000000	302.211256783904
2031	2	0.476976000000	0.476711000000	0.906140000000	301.745267297641
2031	3	0.461968000000	0.444667000000	0.962042000000	301.551502317536
2032	0	0.965649000000	0.431701000000	0.538506000000	304.898128459099
2032	1	0.909759000000	0.458992000000	0.492739000000	304.840867408992
2032	2	0.965649000000	0.440746000000	0.482361000000	304.900851948722
2032	3	0.910376000000	0.413840000000	0.524834000000	304.838970273332
2033	0	0.927647000000	0.388038000000	0.530124000000	304.863173326652
2033	1	0.982920000000	0.349694000000	0.515148000000	304.902181740155
2033	2	0.982920000000	0.414945000000	0.487651000000	304.906489529502
2033	3	0.982920000000	0.405900000000	0.543796000000	304.904722691637
2034	0	0.831435000000	0.307333000000	0.625567000000	304.601530018229
2034	1	0.836528000000	0.394343000000	0.640412000000	304.626567476608
2034	2	0.776352000000	0.376460000000	0.613482000000	304.365617749772
2034	3	0.779582000000	0.319554000000	0.645643000000	304.371987224052
2035	0	0.727086000000	0.384560000000	0.696183000000	304.079004138705
2035	1	0.811894000000	0.412574000000	0.657082000000	304.524770483458
2035	2	0.754949000000	0.337785000000	0.662313000000	304.243501159967
2035	3	0.751718000000	0.394691000000	0.630153000000	304.235802536881
2036	0	0.849324000000	0.321625000000	0.609018000000	304.669262458959
2036	1	0.794241000000	0.390752000000	0.596933000000	304.454080473881
2036	2	0.854417000000	0.408635000000	0.623863000000	304.690606241216
2036	3	0.855361000000	0.380096000000	0.575541000000	304.697097727925
2037	0	0.824763000000	0.463710000000	0.631253000000	304.581890560953
2037	1	0.780951000000	0.502715000000	0.589848000000	304.392210727477
2037	2	0.764586000000	0.445828000000	0.604324000000	304.312482618760
2037	3	0.768463000000	0.487384000000	0.633406000000	304.330214474760
2038	0	0.892059000000	0.442883000000	0.601214000000	304.794471071418
2038	1	0.892387000000	0.459497000000	0.520796000000	304.801462260593
2038	2	0.948277000000	0.432206000000	0.566564000000	304.890436088676
2038	3	0.893004000000	0.414344000000	0.552892000000	304.794491584154
2039	0	0.798641000000	0.486581000000	0.574251000000	304.482154418355
2039	1	0.843397000000	0.419037000000	0.567333000000	304.659025886787
2039	2	0.842452000000	0.447575000000	0.615656000000	304.655247172423
2039	3	0.782276000000	0.429693000000	0.588726000000	304.400579672497
2040	0	0.861149000000	0.458235000000	0.599127000000	304.715342469303
2040	1	0.817337000000	0.497240000000	0.557722000000	304.562268281594
2040	2	0.861476000000	0.474849000000	0.518709000000	304.716409331828
2040	3	0.862093000000	0.429696000000	0.550804000000	304.714635903402
2041	0	0.727286000000	0.414987000000	0.695232000000	304.073571444767
2041	1	0.812094000000	0.443000000000	0.656131000000	304.531247988337
2041	2	0.751918000000	0.425118000000	0.629201000000	304.239832480649
2041	3	0.755794000000	0.466674000000	0.658284000000	304.259354439281
2042	0	0.730718000000	0.650464000000	0.637541000000	304.104173035619
2042	1	0.750702000000	0.574786000000	0.598561000000	304.233366158852
2042	2	0.738131000000	0.603188000000	0.670031000000	304.152138160022
2042	3	0.700323000000	0.592709000000	0.615741000000	303.916027243624
2043	0	0.753018000000	0.546663000000	0.599975000000	304.247166033090
2043	1	0.740447000000	0.575065000000	0.671446000000	304.171319942935
2043	2	0.702639000000	0.564586000000	0.617156000000	303.929163378235
2043	3	0.740529000000	0.531332000000	0.643533000000	304.174240696545
2044	0	0.677325000000	0.608875000000	0.634882000000	303.747889319611
2044	1	0.653277000000	0.643264000000	0.679645000000	303.560496907652
2044	2	0.715132000000	0.619354000000	0.689173000000	304.006354208636
2044	3	0.707719000000	0.666629000000	0.656682000000	303.963927207261
2045	0	0.699815000000	0.594497000000	0.730247000000	303.899709976634
2045	1	0.637960000000	0.618408000000	0.720719000000	303.424412170371
2045	2	0.656307000000	0.555642000000	0.741601000000	303.576844576806
2045	3	0.648536000000	0.589712000000	0.765029000000	303.509794712721
2046	0	0.660470000000	0.553883000000	0.714076000000	303.616262933478
2046	1	0.666171000000	0.582259000000	0.648431000000	303.661909515671
2046	2	0.642123000000	0.616648000000	0.693193000000	303.467750707112
2046	3	0.703978000000	0.592738000000	0.702722000000	303.929625124680
2047	0	0.679610000000	0.532980000000	0.708395000000	303.764812272257
2047	1	0.685310000000	0.561356000000	0.642750000000	303.808283251920
2047	2	0.723117000000	0.571835000000	0.697040000000	304.059858414274
2047	3	0.723200000000	0.528102000000	0.669127000000	304.070232767469
2048	0	0.768641000000	0.196594000000	0.777247000000	304.292163124120
2048	1	0.819194000000	0.202839000000	0.841869000000	304.514286459969
2048	2	0.804493000000	0.266682000000	0.797346000000	304.465230976869
2048	3	0.757667000000	0.237845000000	0.836677000000	304.227217235128
2049	0	0.823747000000	0.399735000000	0.682808000000	304.574568363757
2049	1	0.738939000000	0.371722000000	0.721909000000	304.147100528292
2049	2	0.766801000000	0.324947000000	0.688039000000	304.302736664463
2049	3	0.801925000000	0.340306000000	0.739130000000	304.474541772480
2050	0	0.826559000000	0.322075000000	0.722460000000	304.581080590595
2050	1	0.848380000000	0.381504000000	0.666138000000	304.666789119885
2050	2	0.843288000000	0.294494000000	0.651293000000	304.645871886504
2050	3	0.791434000000	0.306716000000	0.671369000000	304.426451346096
2051	0	0.753973000000	0.266305000000	0.716708000000	304.222465964739
2051	1	0.742270000000	0.252827000000	0.807131000000	304.151255280622
2051	2	0.753244000000	0.211576000000	0.747700000000	304.212383290736
2051	3	0.789097000000	0.281664000000	0.767799000000	304.405029767642
2052	0	0.772884000000	0.211964000000	0.713554000000	304.321999785724
2052	1	0.808736000000	0.282052000000	0.733653000000	304.504509766593
2052	2	0.825465000000	0.254471000000	0.662486000000	304.574312895609
2052	3	0.773612000000	0.266693000000	0.682562000000	304.336330075060
2053	0	0.717725000000	0.344446000000	0.751468000000	304.014802953451
2053	1	0.733885000000	0.284194000000	0.808020000000	304.103339114414
2053	2	0.745588000000	0.297671000000	0.717598000000	304.186879578801
2053	3	0.780712000000	0.313031000000	0.768689000000	304.371245362352
2054	0	0.981054000000	0.274147000000	0.560916000000	304.894825336418
2054	1	0.981054000000	0.206115000000	0.597075000000	304.880371560605
2054	2	0.981054000000	0.277633000000	0.640538000000	304.888907283446
2054	3	0.919744000000	0.254020000000	0.609369000000	304.834670164742
2055	0	0.861528000000	0.325596000000	0.725887000000	304.693208092708
2055	1	0.883349000000	0.385024000000	0.669566000000	304.769702871587
2055	2	0.939567000000	0.321627000000	0.685889000000	304.866877826905
2055	3	0.878257000000	0.298014000000	0.654721000000	304.746435325144
2056	0	0.890384000000	0.394570000000	0.637229000000	304.791764525440
2056	1	0.946602000000	0.331173000000	0.653552000000	304.875586920897
2056	2	0.885292000000	0.307560000000	0.622384000000	304.763263563583
2056	3	0.891329000000	0.366031000000	0.588906000000	304.788200320729
2057	0	0.909330000000	0.418158000000	0.631109000000	304.832342692909
2057	1	0.965548000000	0.354761000000	0.647432000000	304.890427563616
2057	2	0.910275000000	0.389619000000	0.582786000000	304.834793832054
2057	3	0.965548000000	0.407481000000	0.596458000000	304.897484083328
2058	0	0.927647000000	0.368951000000	0.563226000000	304.857244393394
2058	1	0.982920000000	0.334093000000	0.627871000000	304.896901356636
2058	2	0.982920000000	0.330608000000	0.548250000000	304.899415440129
2058	3	0.982920000000	0.386813000000	0.576898000000	304.901978147339
2059	0	0.963974000000	0.307019000000	0.554370000000	304.889700880049
2059	1	0.963974000000	0.310505000000	0.633992000000	304.886423465875
2059	2	0.908701000000	0.345363000000	0.569346000000	304.828610785640
2059	3	0.902664000000	0.286892000000	0.602823000000	304.806411042050
2060	0	0.986515000000	0.179103000000	0.652196000000	304.878089164519
2060	1	0.986515000000	0.250621000000	0.695659000000	304.883657762457
2060	2	0.942877000000	0.214300000000	0.732477000000	304.850822232000
2060	3	0.986515000000	0.172429000000	0.726425000000	304.864834093687
2061	0	0.924303000000	0.189362000000	0.732324000000	304.818954918944
2061	1	0.967941000000	0.154165000000	0.652043000000	304.866907434040
2061	2	0.967941000000	0.147491000000	0.726272000000	304.854660614731
2061	3	0.907834000000	0.144981000000	0.695008000000	304.793311203579
2062	0	0.882144000000	0.267200000000	0.671142000000	304.750723560796
2062	1	0.943454000000	0.290813000000	0.702310000000	304.864899342093
2062	2	0.865415000000	0.294781000000	0.742309000000	304.699172193987
2062	3	0.899816000000	0.254492000000	0.739129000000	304.791180129751
2063	0	0.888261000000	0.148579000000	0.734558000000	304.748858315363
2063	1	0.885030000000	0.169406000000	0.819577000000	304.726790813811
2063	2	0.948368000000	0.151089000000	0.765821000000	304.840727632999
2063	3	0.904730000000	0.192959000000	0.771873000000	304.787255610723
2064	0	0.844294000000	0.199300000000	0.828732000000	304.605295931190
2064	1	0.793742000000	0.193055000000	0.764110000000	304.413640332759
2064	2	0.829594000000	0.263143000000	0.784209000000	304.578828390625
2064	3	0.863995000000	0.222854000000	0.781029000000	304.679744369372
2065	0	0.799283000000	0.166891000000	0.751596000000	304.438085177717
2065	1	0.849836000000	0.173136000000	0.816219000000	304.621553195466
2065	2	0.853067000000	0.152309000000	0.731200000000	304.640899327418
2065	3	0.869536000000	0.196690000000	0.768515000000	304.692364607652
2066	0	0.967569000000	0.195968000000	0.633057000000	304.866781846361
2066	1	0.923931000000	0.231165000000	0.713338000000	304.827354842768
2066	2	0.967569000000	0.267486000000	0.676520000000	304.879766907853
2066	3	0.906259000000	0.243873000000	0.645351000000	304.802026963833
2067	0	0.948995000000	0.171030000000	0.632904000000	304.854097384255
2067	1	0.905357000000	0.206227000000	0.713185000000	304.792155717042
2067	2	0.887685000000	0.218935000000	0.645198000000	304.761835816224
2067	3	0.888888000000	0.161847000000	0.675870000000	304.754660800474
2068	0	0.799910000000	0.178096000000	0.715846000000	304.438969361649
2068	1	0.852491000000	0.220603000000	0.664778000000	304.662493864859
2068	2	0.870163000000	0.207895000000	0.732765000000	304.697298895378
2068	3	0.853693000000	0.163515000000	0.695449000000	304.652621791461
2069	0	0.794369000000	0.204261000000	0.728359000000	304.419058894220
2069	1	0.846950000000	0.246767000000	0.677292000000	304.646646343817
2069	2	0.830221000000	0.274349000000	0.748458000000	304.581196911595
2069	3	0.864622000000	0.234060000000	0.745279000000	304.687470053670
2070	0	0.659233000000	0.463064000000	0.774326000000	303.598730635865
2070	1	0.642060000000	0.408261000000	0.831093000000	303.447528574324
2070	2	0.674315000000	0.406499000000	0.772007000000	303.709147353271
2070	3	0.688183000000	0.410534000000	0.816969000000	303.805066482856
2071	0	0.729561000000	0.299895000000	0.832381000000	304.074723402996
2071	1	0.776387000000	0.328732000000	0.793049000000	304.346586752137
2071	2	0.713401000000	0.360147000000	0.775828000000	303.986298866442
2071	3	0.727269000000	0.364183000000	0.820791000000	304.066842002846
2072	0	0.688613000000	0.357568000000	0.846031000000	303.800019111639
2072	1	0.690905000000	0.293280000000	0.857621000000	303.813567696026
2072	2	0.642490000000	0.355294000000	0.860155000000	303.440378675404
2072	3	0.644896000000	0.298948000000	0.840881000000	303.462736024310
2073	0	0.700873000000	0.292735000000	0.839362000000	303.886980267738
2073	1	0.684713000000	0.352988000000	0.782810000000	303.782967064747
2073	2	0.654863000000	0.298404000000	0.822622000000	303.547835474780
2073	3	0.698581000000	0.357023000000	0.827772000000	303.873230818702
2074	0	0.639902000000	0.317567000000	0.823405000000	303.417719160312
2074	1	0.669752000000	0.372151000000	0.783593000000	303.678942696457
2074	2	0.637497000000	0.373914000000	0.842679000000	303.402928466439
2074	3	0.683620000000	0.376187000000	0.828555000000	303.765690261777
2075	0	0.880684000000	0.409307000000	0.695296000000	304.761663075770
2075	1	0.936901000000	0.345910000000	0.711619000000	304.862127883684
2075	2	0.866967000000	0.400879000000	0.763717000000	304.713634352860
2075	3	0.858863000000	0.349879000000	0.751618000000	304.686498003926
2076	0	0.801466000000	0.404404000000	0.796733000000	304.462172120904
2076	1	0.730375000000	0.384819000000	0.767413000000	304.091741196930
2076	2	0.793362000000	0.353403000000	0.784634000000	304.428506267540
2076	3	0.744243000000	0.388854000000	0.812376000000	304.165962658526
2077	0	0.837105000000	0.420242000000	0.702335000000	304.626943978680
2077	1	0.752297000000	0.392228000000	0.741436000000	304.220677284827
2077	2	0.815283000000	0.360813000000	0.758657000000	304.531808135181
2077	3	0.823387000000	0.411814000000	0.770756000000	304.565352475333
2078	0	0.563034000000	0.312767000000	0.958461000000	302.693178914789
2078	1	0.643217000000	0.315531000000	0.958461000000	303.428176184945
2078	2	0.611805000000	0.294642000000	0.881612000000	303.170639386961
2078	3	0.609399000000	0.350988000000	0.900886000000	303.151973796535
2079	0	0.672506000000	0.308178000000	0.939886000000	303.662888528357
2079	1	0.638688000000	0.343635000000	0.882311000000	303.405732066377
2079	2	0.687103000000	0.281621000000	0.879777000000	303.778216070078
2079	3	0.641094000000	0.287289000000	0.863037000000	303.430928756356
2080	0	0.556405000000	0.335678000000	0.982208000000	302.621518922302
2080	1	0.636588000000	0.338442000000	0.982208000000	303.366411039916
2080	2	0.602770000000	0.373899000000	0.924633000000	303.085576487920
2080	3	0.583725000000	0.391693000000	0.982208000000	302.897803730727
2081	0	0.668996000000	0.274810000000	0.957678000000	303.629233952571
2081	1	0.623821000000	0.202286000000	0.957678000000	303.254838966425
2081	2	0.637584000000	0.253921000000	0.880829000000	303.391174038802
2081	3	0.683593000000	0.248253000000	0.897569000000	303.743817822871
2082	0	0.608295000000	0.261274000000	0.899404000000	303.131160922744
2082	1	0.594532000000	0.209639000000	0.976252000000	302.986387832764
2082	2	0.639708000000	0.282163000000	0.976252000000	303.392094277965
2082	3	0.559524000000	0.279399000000	0.976252000000	302.651517594967
2083	0	0.702684000000	0.229597000000	0.921316000000	303.872835602858
2083	1	0.642912000000	0.183631000000	0.981425000000	303.410865737236
2083	2	0.718454000000	0.174893000000	0.981425000000	303.959160432901
2083	3	0.688087000000	0.256154000000	0.981425000000	303.763593784052
2084	0	0.657970000000	0.352008000000	0.892449000000	303.564218338936
2084	1	0.691788000000	0.316551000000	0.950024000000	303.796258321908
2084	2	0.706385000000	0.289993000000	0.889915000000	303.911432718643
2084	3	0.722772000000	0.322757000000	0.905984000000	304.021547254787
2085	0	0.661772000000	0.363667000000	0.870293000000	303.600274355076
2085	1	0.710187000000	0.301653000000	0.867759000000	303.949023463119
2085	2	0.707895000000	0.365941000000	0.856169000000	303.933452823423
2085	3	0.726575000000	0.334417000000	0.883828000000	304.047952413755
2086	0	0.786445000000	0.320237000000	0.815490000000	304.387068956793
2086	1	0.737326000000	0.355688000000	0.843232000000	304.121513473019
2086	2	0.739618000000	0.291400000000	0.854822000000	304.129350958926
2086	3	0.756006000000	0.324164000000	0.870890000000	304.223393946920
2087	0	0.806166000000	0.289554000000	0.820676000000	304.474908776733
2087	1	0.820867000000	0.225711000000	0.865200000000	304.516938519455
2087	2	0.775727000000	0.293481000000	0.876076000000	304.325537990380
2087	3	0.759340000000	0.260717000000	0.860008000000	304.236495856235
2088	0	0.838201000000	0.240334000000	0.867953000000	304.591053617123
2088	1	0.823501000000	0.304177000000	0.823429000000	304.548985245859
2088	2	0.793062000000	0.308103000000	0.878829000000	304.404041276220
2088	3	0.832770000000	0.322659000000	0.871670000000	304.576839327966
2089	0	0.815690000000	0.349407000000	0.804863000000	304.527356567715
2089	1	0.766571000000	0.384857000000	0.832604000000	304.292442591832
2089	2	0.824959000000	0.367889000000	0.853103000000	304.554789257403
2089	3	0.823794000000	0.400407000000	0.816962000000	304.561003931534
2090	0	0.754661000000	0.370311000000	0.845985000000	304.221175200948
2090	1	0.803780000000	0.334860000000	0.818243000000	304.468093885534
2090	2	0.813049000000	0.353343000000	0.866484000000	304.503524256388
2090	3	0.773341000000	0.338787000000	0.873643000000	304.317739225628
2091	0	0.858238000000	0.226670000000	0.849851000000	304.652055159370
2091	1	0.852807000000	0.308996000000	0.853568000000	304.643993568709
2091	2	0.877938000000	0.250224000000	0.802147000000	304.718815092425
2091	3	0.843537000000	0.290513000000	0.805327000000	304.619782392856
2092	0	0.780222000000	0.169277000000	0.964455000000	304.302992421007
2092	1	0.764452000000	0.223980000000	0.904346000000	304.245665240651
2092	2	0.828440000000	0.221403000000	0.964455000000	304.525130741908
2092	3	0.825979000000	0.188975000000	0.909538000000	304.524846270342
2093	0	0.726522000000	0.296591000000	0.967816000000	304.029194228230
2093	1	0.805108000000	0.267456000000	0.967816000000	304.435812294063
2093	2	0.741119000000	0.270033000000	0.907707000000	304.125831901438
2093	3	0.757507000000	0.302797000000	0.923776000000	304.218278435277
2094	0	0.756699000000	0.188301000000	0.981425000000	304.181644817423
2094	1	0.804917000000	0.240427000000	0.981425000000	304.426487623574
2094	2	0.740928000000	0.243005000000	0.921316000000	304.118237768681
2094	3	0.726331000000	0.269562000000	0.981425000000	304.015566143718
2095	0	0.802749000000	0.150001000000	0.983030000000	304.405036240184
2095	1	0.848506000000	0.169698000000	0.928113000000	304.603338855370
2095	2	0.850967000000	0.202126000000	0.983030000000	304.596509706839
2095	3	0.859877000000	0.142323000000	0.983030000000	304.618784859676
2096	0	0.845966000000	0.263055000000	0.953599000000	304.598022935818
2096	1	0.843505000000	0.230626000000	0.898682000000	304.599454973898
2096	2	0.798365000000	0.298396000000	0.909558000000	304.421426848316
2096	3	0.838073000000	0.312951000000	0.902399000000	304.591265222176
2097	0	0.828631000000	0.248432000000	0.950846000000	304.534619941000
2097	1	0.826170000000	0.216004000000	0.895929000000	304.529715178729
2097	2	0.764643000000	0.251009000000	0.890737000000	304.258064364493
2097	3	0.781031000000	0.283773000000	0.906805000000	304.344724558335
2098	0	0.917089000000	0.169567000000	0.860976000000	304.785330481936
2098	1	0.980427000000	0.151250000000	0.807220000000	304.845625644348
2098	2	0.980427000000	0.200475000000	0.857371000000	304.849976283578
2098	3	0.980427000000	0.141908000000	0.865828000000	304.833246950891
2099	0	0.986515000000	0.234803000000	0.815011000000	304.863314696370
2099	1	0.986515000000	0.263770000000	0.734094000000	304.876659912847
2099	2	0.986515000000	0.185578000000	0.764860000000	304.864651838514
2099	3	0.942877000000	0.227449000000	0.770913000000	304.848978875527
2100	0	0.966942000000	0.167076000000	0.790979000000	304.845900778526
2100	1	0.903604000000	0.185393000000	0.844735000000	304.768610745435
2100	2	0.966942000000	0.216300000000	0.841130000000	304.850965609450
2100	3	0.923304000000	0.208946000000	0.797032000000	304.813948560421
2101	0	0.871595000000	0.301561000000	0.897924000000	304.686876745680
2101	1	0.940364000000	0.250143000000	0.890602000000	304.820817129323
2101	2	0.879487000000	0.251664000000	0.949124000000	304.699621209357
2101	3	0.877026000000	0.219235000000	0.894207000000	304.697298821736
2102	0	0.876922000000	0.298818000000	0.866212000000	304.715210864868
2102	1	0.945692000000	0.247401000000	0.858890000000	304.835199630893
2102	2	0.882353000000	0.216493000000	0.862495000000	304.718178610607
2102	3	0.902054000000	0.240046000000	0.814792000000	304.778560284848
2103	0	0.931974000000	0.104721000000	0.984529000000	304.768457495005
2103	1	0.983941000000	0.054180500000	0.984529000000	304.790837090658
2103	2	0.983941000000	0.104436000000	0.934465000000	304.810978456499
2103	3	0.983941000000	0.128716000000	0.984529000000	304.807363730587
2104	0	0.980427000000	0.170803000000	0.949475000000	304.820200420460
2104	1	0.917089000000	0.174183000000	0.894557000000	304.779686425247
2104	2	0.980427000000	0.205091000000	0.890952000000	304.840106567693
2104	3	0.980427000000	0.146524000000	0.899410000000	304.828826070554
2105	0	0.901030000000	0.156172000000	0.912642000000	304.745125796562
2105	1	0.964369000000	0.128513000000	0.917495000000	304.816494554894
2105	2	0.964369000000	0.152793000000	0.967559000000	304.804370314023
2105	3	0.912401000000	0.128798000000	0.967559000000	304.741570476022
2106	0	0.882218000000	0.174741000000	0.928113000000	304.694138709226
2106	1	0.945557000000	0.171361000000	0.983030000000	304.791145457066
2106	2	0.884679000000	0.207169000000	0.983030000000	304.696593202757
2106	3	0.893589000000	0.147366000000	0.983030000000	304.703304744208
2107	0	0.961615000000	0.223659000000	0.906423000000	304.830922383780
2107	1	0.961615000000	0.189372000000	0.964945000000	304.808001697439
2107	2	0.900738000000	0.225179000000	0.964945000000	304.738747118522
2107	3	0.898277000000	0.192751000000	0.910028000000	304.745515791025
2108	0	0.586644000000	0.805558000000	0.629429000000	302.960828349018
2108	1	0.541179000000	0.873199000000	0.646601000000	302.486615202838
2108	2	0.572254000000	0.858917000000	0.691337000000	302.805576567302
2108	3	0.609225000000	0.861245000000	0.651388000000	303.148345041898
2109	0	0.633282000000	0.897457000000	0.538062000000	303.368101388476
2109	1	0.665302000000	0.897457000000	0.593310000000	303.623232495014
2109	2	0.725197000000	0.912891000000	0.535082000000	304.039142229085
2109	3	0.691294000000	0.953144000000	0.532046000000	303.801996322492
2110	0	0.597180000000	0.895662000000	0.666274000000	303.035532995520
2110	1	0.535621000000	0.951349000000	0.692487000000	302.410716654232
2110	2	0.529134000000	0.907615000000	0.661487000000	302.349668767097
2110	3	0.560209000000	0.893334000000	0.706223000000	302.675909523822
2111	0	0.636591000000	0.909896000000	0.601406000000	303.391478497343
2111	1	0.662583000000	0.965583000000	0.540142000000	303.593646657560
2111	2	0.604571000000	0.909896000000	0.546158000000	303.107052944641
2111	3	0.603575000000	0.965583000000	0.569378000000	303.088072489843
2112	0	0.598403000000	0.913590000000	0.644032000000	303.044342295584
2112	1	0.536843000000	0.969277000000	0.670245000000	302.417002112190
2112	2	0.565387000000	0.969277000000	0.612003000000	302.716913614614
2112	3	0.530357000000	0.925543000000	0.639245000000	302.359543581251
2113	0	0.639719000000	0.871425000000	0.547461000000	303.431985733071
2113	1	0.731634000000	0.886858000000	0.544481000000	304.085994865936
2113	2	0.671738000000	0.871425000000	0.602709000000	303.678517170025
2113	3	0.718560000000	0.842870000000	0.571861000000	304.013810163873
2114	0	0.693073000000	0.820892000000	0.583068000000	303.837470671908
2114	1	0.614232000000	0.849447000000	0.558669000000	303.206132676690
2114	2	0.623670000000	0.793760000000	0.591958000000	303.294973765241
2114	3	0.646251000000	0.849447000000	0.613917000000	303.478383736216
2115	0	0.574516000000	0.952069000000	0.586830000000	302.812512516850
2115	1	0.607531000000	0.896382000000	0.618859000000	303.136060765585
2115	2	0.539485000000	0.908335000000	0.614072000000	302.459321884364
2115	3	0.575512000000	0.896382000000	0.563611000000	302.838021839772
2116	0	0.588174000000	0.806278000000	0.600011000000	302.978786693832
2116	1	0.542710000000	0.873918000000	0.617183000000	302.506840828364
2116	2	0.610755000000	0.861965000000	0.621970000000	303.169410263053
2116	3	0.578736000000	0.861965000000	0.566722000000	302.872842611205
2117	0	0.843225000000	0.962683000000	0.471881000000	304.600736725448
2117	1	0.846461000000	0.882175000000	0.518270000000	304.625926799817
2117	2	0.844981000000	0.962683000000	0.549498000000	304.602314466381
2117	3	0.812558000000	0.922429000000	0.515235000000	304.495325864932
2118	0	0.822272000000	0.987561000000	0.470005000000	304.514238269371
2118	1	0.824028000000	0.987561000000	0.547622000000	304.517536574041
2118	2	0.757702000000	0.987561000000	0.510323000000	304.209538547542
2118	3	0.791605000000	0.947307000000	0.513358000000	304.398649247352
2119	0	0.876507000000	0.894614000000	0.515907000000	304.721296342776
2119	1	0.939835000000	0.975122000000	0.505221000000	304.821420672583
2119	2	0.873271000000	0.975122000000	0.469517000000	304.691292274070
2119	3	0.875027000000	0.975122000000	0.547134000000	304.696012132981
2120	0	0.885161000000	0.882612000000	0.479159000000	304.742908562434
2120	1	0.948489000000	0.963120000000	0.468473000000	304.827930332141
2120	2	0.911687000000	0.924281000000	0.391467000000	304.783372168543
2120	3	0.881926000000	0.963120000000	0.432769000000	304.715897217346
2121	0	0.901495000000	0.987998000000	0.406434000000	304.745394621794
2121	1	0.968058000000	0.987998000000	0.442138000000	304.833415924028
2121	2	0.931256000000	0.949159000000	0.365132000000	304.808601368933
2121	3	0.968058000000	0.987998000000	0.367602000000	304.830299758014
2122	0	0.988628000000	0.966760000000	0.441258000000	304.850312237782
2122	1	0.988628000000	0.898032000000	0.402707000000	304.859989180501
2122	2	0.951826000000	0.927921000000	0.364252000000	304.840428682123
2122	3	0.988628000000	0.966760000000	0.366723000000	304.846528010339
2123	0	0.969058000000	0.941882000000	0.467593000000	304.847429520245
2123	1	0.905730000000	0.861374000000	0.478279000000	304.795240982753
2123	2	0.932256000000	0.903043000000	0.390587000000	304.823517753484
2123	3	0.969058000000	0.873154000000	0.429042000000	304.858537579019
2124	0	0.647766000000	0.964864000000	0.696499000000	303.459582165347
2124	1	0.563626000000	0.964864000000	0.700752000000	302.692936614876
2124	2	0.625185000000	0.909177000000	0.674539000000	303.285170563105
2124	3	0.588214000000	0.906848000000	0.714489000000	302.941300454700
2125	0	0.676044000000	0.982792000000	0.647224000000	303.682366090301
2125	1	0.679456000000	0.982792000000	0.564001000000	303.711191699141
2125	2	0.653463000000	0.927104000000	0.625265000000	303.519917490310
2125	3	0.620448000000	0.982792000000	0.593236000000	303.232102010409
2126	0	0.564848000000	0.982792000000	0.678510000000	302.708507980034
2126	1	0.648989000000	0.982792000000	0.674256000000	303.470595290590
2126	2	0.626408000000	0.927104000000	0.652297000000	303.296555398098
2126	3	0.593393000000	0.982792000000	0.620268000000	302.990966002217
2127	0	0.803020000000	0.987561000000	0.585798000000	304.437296787645
2127	1	0.733283000000	0.987561000000	0.631723000000	304.073164174713
2127	2	0.736695000000	0.987561000000	0.548499000000	304.094096543008
2127	3	0.770598000000	0.947307000000	0.551535000000	304.290123907552
2128	0	0.682174000000	0.914665000000	0.617169000000	303.744871744883
2128	1	0.704755000000	0.970353000000	0.639128000000	303.890929675737
2128	2	0.742070000000	0.930099000000	0.558940000000	304.129204044492
2128	3	0.708167000000	0.970353000000	0.555905000000	303.917033813484
2129	0	0.526320000000	0.963425000000	0.747146000000	302.298268973499
2129	1	0.563678000000	0.963425000000	0.813128000000	302.685185570337
2129	2	0.513937000000	0.903081000000	0.800832000000	302.170462915131
2129	3	0.550908000000	0.905409000000	0.760883000000	302.571693844188
2130	0	0.543530000000	0.981353000000	0.829186000000	302.473823786491
2130	1	0.506171000000	0.981353000000	0.763204000000	302.067255003233
2130	2	0.493788000000	0.921009000000	0.816890000000	301.926051410425
2130	3	0.465557000000	0.981353000000	0.828904000000	301.574796229351
2131	0	0.593506000000	0.982072000000	0.795224000000	302.970856317246
2131	1	0.640288000000	0.982072000000	0.724988000000	303.394098108279
2131	2	0.580736000000	0.924056000000	0.742978000000	302.866709419341
2131	3	0.556147000000	0.982072000000	0.729242000000	302.612398719487
2132	0	0.462842000000	0.969377000000	0.944337000000	301.522600608082
2132	1	0.455381000000	0.909033000000	0.866507000000	301.448742707853
2132	2	0.385753000000	0.930624000000	0.907854000000	300.499128270674
2132	3	0.427149000000	0.969377000000	0.878521000000	301.069989624303
2133	0	0.453671000000	0.888645000000	0.886845000000	301.424848363932
2133	1	0.461132000000	0.948989000000	0.964675000000	301.502689864078
2133	2	0.384043000000	0.910236000000	0.928193000000	300.479533143230
2133	3	0.419906000000	0.883009000000	0.964675000000	300.965486159645
2134	0	0.399179000000	0.901657000000	0.988726000000	300.682101335310
2134	1	0.440405000000	0.967636000000	0.988726000000	301.224409871377
2134	2	0.363316000000	0.928883000000	0.952243000000	300.164824441498
2134	3	0.365870000000	0.967636000000	0.988726000000	300.195701568373
2135	0	0.492268000000	0.921009000000	0.857530000000	301.906881742781
2135	1	0.499730000000	0.981353000000	0.935360000000	301.971341896151
2135	2	0.542009000000	0.981353000000	0.869826000000	302.452798690711
2135	3	0.464037000000	0.981353000000	0.869544000000	301.552348765665
2136	0	0.475975000000	0.871210000000	0.886094000000	301.714942336102
2136	1	0.483437000000	0.931554000000	0.963924000000	301.780974301180
2136	2	0.442210000000	0.865575000000	0.963924000000	301.272930206202
2136	3	0.478526000000	0.836381000000	0.925009000000	301.744288893513
2137	0	0.442115000000	0.988025000000	0.968388000000	301.246726871315
2137	1	0.406423000000	0.988025000000	0.902572000000	300.783335176976
2137	2	0.365026000000	0.949272000000	0.931905000000	300.188247051038
2137	3	0.367580000000	0.988025000000	0.968388000000	300.220923623709
2138	0	0.770342000000	0.658795000000	0.611291000000	304.334479786144
2138	1	0.845427000000	0.601230000000	0.595934000000	304.663938903568
2138	2	0.790326000000	0.583117000000	0.572311000000	304.438199785550
2138	3	0.800501000000	0.638289000000	0.552393000000	304.488412160435
2139	0	0.838399000000	0.592958000000	0.624175000000	304.638079555202
2139	1	0.763313000000	0.650522000000	0.639532000000	304.291540682675
2139	2	0.783297000000	0.574845000000	0.600552000000	304.403077772938
2139	3	0.770726000000	0.603247000000	0.672022000000	304.333238982463
2140	0	0.858138000000	0.544005000000	0.616299000000	304.705509879189
2140	1	0.846847000000	0.486886000000	0.634080000000	304.666933955327
2140	2	0.790547000000	0.510560000000	0.636233000000	304.432553663351
2140	3	0.803036000000	0.525892000000	0.592675000000	304.501865520201
2141	0	0.820315000000	0.607984000000	0.528291000000	304.568693525555
2141	1	0.854279000000	0.530421000000	0.509197000000	304.698110742450
2141	2	0.865242000000	0.570925000000	0.571833000000	304.728986654964
2141	3	0.810140000000	0.552812000000	0.548210000000	304.533202363530
2142	0	0.882270000000	0.633141000000	0.462805000000	304.765258213039
2142	1	0.871306000000	0.549384000000	0.489036000000	304.750521270402
2142	2	0.882270000000	0.589888000000	0.551672000000	304.767753301233
2142	3	0.837343000000	0.626947000000	0.508130000000	304.639472811452
2143	0	0.864673000000	0.501319000000	0.528147000000	304.728618137821
2143	1	0.864346000000	0.484705000000	0.608565000000	304.725050480119
2143	2	0.875636000000	0.541823000000	0.590783000000	304.758946805982
2143	3	0.820535000000	0.523710000000	0.567160000000	304.574902104721
2144	0	0.840715000000	0.564835000000	0.625590000000	304.646334810217
2144	1	0.773042000000	0.575124000000	0.673437000000	304.347306159081
2144	2	0.785613000000	0.546722000000	0.601966000000	304.415120902623
2144	3	0.773124000000	0.531390000000	0.645524000000	304.352931769094
2145	0	0.986117000000	0.678023000000	0.451943000000	304.899283121167
2145	1	0.986117000000	0.671820000000	0.368218000000	304.895452106496
2145	2	0.986117000000	0.618957000000	0.421469000000	304.902743906739
2145	3	0.941190000000	0.665626000000	0.413542000000	304.869950318506
2146	0	0.875453000000	0.761500000000	0.503887000000	304.742807504377
2146	1	0.938781000000	0.708749000000	0.492799000000	304.864981142274
2146	2	0.848927000000	0.690158000000	0.499723000000	304.674722146064
2146	3	0.893854000000	0.696352000000	0.454398000000	304.793932379077
2147	0	0.966547000000	0.798966000000	0.440723000000	304.873789102657
2147	1	0.903220000000	0.787187000000	0.489959000000	304.803727435118
2147	2	0.921621000000	0.722038000000	0.440470000000	304.835524518505
2147	3	0.966547000000	0.734435000000	0.478871000000	304.880927900877
2148	0	0.986117000000	0.780748000000	0.411424000000	304.885302521081
2148	1	0.986117000000	0.710014000000	0.365846000000	304.893904115373
2148	2	0.986117000000	0.716217000000	0.449572000000	304.896963364690
2148	3	0.941190000000	0.703820000000	0.411171000000	304.865803724558
2149	0	0.944467000000	0.675251000000	0.504967000000	304.873567662611
2149	1	0.899541000000	0.619601000000	0.555433000000	304.808001714043
2149	2	0.854614000000	0.656660000000	0.511891000000	304.695237638991
2149	3	0.899541000000	0.662854000000	0.466566000000	304.810018568763
2150	0	0.895584000000	0.503050000000	0.527794000000	304.809577118289
2150	1	0.895256000000	0.486436000000	0.608212000000	304.803895165898
2150	2	0.951474000000	0.531044000000	0.565667000000	304.891446190401
2150	3	0.906547000000	0.543554000000	0.590431000000	304.821919339852
2151	0	0.926839000000	0.481596000000	0.494524000000	304.869317222862
2151	1	0.982729000000	0.509590000000	0.532396000000	304.905112490237
2151	2	0.982729000000	0.454305000000	0.540291000000	304.906421962270
2151	3	0.982729000000	0.463350000000	0.484146000000	304.908742977020
2152	0	0.926839000000	0.501490000000	0.474725000000	304.868074127863
2152	1	0.982729000000	0.529484000000	0.512597000000	304.904822056660
2152	2	0.982729000000	0.483244000000	0.464347000000	304.906281216729
2152	3	0.982729000000	0.538577000000	0.456422000000	304.907247462371
2153	0	0.909139000000	0.465486000000	0.602999000000	304.834549715177
2153	1	0.909467000000	0.482100000000	0.522581000000	304.838891814132
2153	2	0.965357000000	0.510094000000	0.560454000000	304.899860857351
2153	3	0.965357000000	0.454809000000	0.568349000000	304.897955382914
2154	0	0.912956000000	0.533010000000	0.469826000000	304.839929278132
2154	1	0.923919000000	0.616767000000	0.443596000000	304.858400386153
2154	2	0.968846000000	0.561005000000	0.507699000000	304.899159671581
2154	3	0.968846000000	0.570098000000	0.451523000000	304.900917272871
2155	0	0.986117000000	0.590718000000	0.511460000000	304.909111963065
2155	1	0.941190000000	0.646480000000	0.447357000000	304.872049956345
2155	2	0.986117000000	0.658878000000	0.485758000000	304.906221068373
2155	3	0.986117000000	0.599811000000	0.455284000000	304.906817244700
2156	0	0.927307000000	0.647536000000	0.472369000000	304.857222769961
2156	1	0.927307000000	0.604284000000	0.561236000000	304.861842219541
2156	2	0.972234000000	0.591774000000	0.536472000000	304.897645537574
2156	3	0.972234000000	0.659934000000	0.510770000000	304.893071228039
2157	0	0.899073000000	0.534066000000	0.494838000000	304.814132757892
2157	1	0.910036000000	0.617823000000	0.468608000000	304.831638903398
2157	2	0.910036000000	0.574571000000	0.557475000000	304.834449441995
2157	3	0.954963000000	0.562060000000	0.532711000000	304.894285721993
2158	0	0.693291000000	0.773502000000	0.685215000000	303.844604553618
2158	1	0.651095000000	0.757971000000	0.621723000000	303.534580974095
2158	2	0.720498000000	0.785104000000	0.612834000000	304.029959319829
2158	3	0.710790000000	0.738002000000	0.643224000000	303.974838122894
2159	0	0.582547000000	0.730175000000	0.749173000000	302.917267513923
2159	1	0.605677000000	0.739489000000	0.659329000000	303.140300876892
2159	2	0.647874000000	0.755019000000	0.722821000000	303.498990287104
2159	3	0.610930000000	0.696154000000	0.703792000000	303.192890444422
2160	0	0.639626000000	0.781351000000	0.621864000000	303.435336284635
2160	1	0.681822000000	0.796881000000	0.685357000000	303.760123668365
2160	2	0.709029000000	0.808483000000	0.612975000000	303.953301836611
2160	3	0.662207000000	0.837038000000	0.643824000000	303.607100452541
2161	0	0.631272000000	0.736196000000	0.638210000000	303.373211451626
2161	1	0.673468000000	0.751726000000	0.701702000000	303.707709532895
2161	2	0.636525000000	0.692861000000	0.682673000000	303.411347447113
2161	3	0.690967000000	0.716226000000	0.659710000000	303.842034588535
2162	0	0.599607000000	0.769369000000	0.664720000000	303.075304795634
2162	1	0.576477000000	0.760055000000	0.754564000000	302.857006192617
2162	2	0.641803000000	0.784899000000	0.728212000000	303.445343290733
2162	3	0.585217000000	0.822728000000	0.726628000000	302.937793476457
2163	0	0.655929000000	0.804986000000	0.707234000000	303.557313191945
2163	1	0.613733000000	0.789455000000	0.643742000000	303.209900838831
2163	2	0.599343000000	0.842814000000	0.705651000000	303.067052493024
2163	3	0.636314000000	0.845142000000	0.665702000000	303.397439257752
2164	0	0.716244000000	0.947498000000	0.664846000000	303.972013238790
2164	1	0.753559000000	0.907245000000	0.584658000000	304.208516868911
2164	2	0.756837000000	0.873540000000	0.664846000000	304.230020679572
2164	3	0.693663000000	0.891811000000	0.642886000000	303.834840458140
2165	0	0.701154000000	0.865779000000	0.626568000000	303.891145286537
2165	1	0.761050000000	0.881212000000	0.568340000000	304.251774107286
2165	2	0.764327000000	0.847508000000	0.648528000000	304.267659621534
2165	3	0.747976000000	0.837224000000	0.595719000000	304.181480223058
2166	0	0.735529000000	0.820046000000	0.626547000000	304.116782230524
2166	1	0.688707000000	0.848600000000	0.657396000000	303.803625358805
2166	2	0.708322000000	0.808444000000	0.698928000000	303.940287197558
2166	3	0.751880000000	0.830330000000	0.679356000000	304.205946682031
2167	0	0.744772000000	0.964707000000	0.657440000000	304.143745173468
2167	1	0.785364000000	0.890749000000	0.657441000000	304.375855920243
2167	2	0.782087000000	0.924453000000	0.577253000000	304.359710770617
2167	3	0.814510000000	0.964707000000	0.611516000000	304.493238999009
2168	0	0.795198000000	0.516788000000	0.720669000000	304.452492420861
2168	1	0.856287000000	0.541856000000	0.646514000000	304.697584402352
2168	2	0.844997000000	0.484737000000	0.664295000000	304.657908582088
2168	3	0.788697000000	0.508411000000	0.666448000000	304.426984987315
2169	0	0.730110000000	0.484578000000	0.776358000000	304.091501737291
2169	1	0.708969000000	0.428550000000	0.804048000000	303.957051207036
2169	2	0.680019000000	0.481080000000	0.761405000000	303.754473767613
2169	3	0.695101000000	0.424515000000	0.759085000000	303.871865474929
2170	0	0.721730000000	0.413087000000	0.767429000000	304.038155900495
2170	1	0.792820000000	0.432673000000	0.796749000000	304.431884080233
2170	2	0.756739000000	0.473151000000	0.784701000000	304.252402106720
2170	3	0.735598000000	0.417122000000	0.812392000000	304.117100535878
2171	0	0.777775000000	0.537618000000	0.729960000000	304.369796492871
2171	1	0.838864000000	0.562686000000	0.655805000000	304.638679033426
2171	2	0.771274000000	0.529241000000	0.675739000000	304.340651896163
2171	3	0.771192000000	0.572975000000	0.703652000000	304.334281406026
2172	0	0.693327000000	0.525292000000	0.733301000000	303.854897774125
2172	1	0.736917000000	0.520414000000	0.694033000000	304.147084489967
2172	2	0.736835000000	0.564147000000	0.721946000000	304.146980819153
2172	3	0.743419000000	0.528790000000	0.748254000000	304.177892184073
2173	0	0.669684000000	0.571397000000	0.776103000000	303.681220401740
2173	1	0.720963000000	0.576183000000	0.741321000000	304.044194500414
2173	2	0.727547000000	0.540826000000	0.767628000000	304.083460500371
2173	3	0.677456000000	0.537328000000	0.752675000000	303.741705515235
2174	0	0.728133000000	0.490927000000	0.696825000000	304.095521340077
2174	1	0.699625000000	0.439240000000	0.733774000000	303.903121498232
2174	2	0.734634000000	0.499304000000	0.751046000000	304.123732041479
2174	3	0.684543000000	0.495806000000	0.736093000000	303.795044344278
2175	0	0.743651000000	0.420497000000	0.741452000000	304.180345761950
2175	1	0.828459000000	0.448510000000	0.702351000000	304.597518036358
2175	2	0.778661000000	0.480561000000	0.758724000000	304.365102859235
2175	3	0.814742000000	0.440082000000	0.770772000000	304.535378329301
2176	0	0.815301000000	0.458430000000	0.681873000000	304.542162111275
2176	1	0.730493000000	0.430417000000	0.720974000000	304.098209578318
2176	2	0.765502000000	0.490481000000	0.738246000000	304.306834206860
2176	3	0.759001000000	0.482104000000	0.684026000000	304.272729138307
2177	0	0.634090000000	0.530384000000	0.835985000000	303.384836974936
2177	1	0.580241000000	0.499558000000	0.774630000000	302.906494064094
2177	2	0.624960000000	0.554769000000	0.795520000000	303.307259978853
2177	3	0.632731000000	0.520699000000	0.772092000000	303.379406007777
2178	0	0.607532000000	0.503835000000	0.864346000000	303.144701795594
2178	1	0.529629000000	0.497111000000	0.858893000000	302.371427466038
2178	2	0.553682000000	0.473009000000	0.802992000000	302.630206092619
2178	3	0.589000000000	0.439347000000	0.857220000000	302.978055071463
2179	0	0.665790000000	0.537998000000	0.839821000000	303.637852813082
2179	1	0.714522000000	0.531812000000	0.790881000000	303.997865776186
2179	2	0.664431000000	0.528314000000	0.775928000000	303.640922726094
2179	3	0.656660000000	0.562383000000	0.799356000000	303.574791244668
2180	0	0.534658000000	0.492208000000	0.893443000000	302.418722765822
2180	1	0.612560000000	0.498932000000	0.898895000000	303.178671353709
2180	2	0.574983000000	0.452239000000	0.949344000000	302.832736124376
2180	3	0.594028000000	0.434444000000	0.891769000000	303.014880693358
2181	0	0.556588000000	0.500472000000	0.792689000000	302.661016168624
2181	1	0.532535000000	0.524574000000	0.848591000000	302.405630754078
2181	2	0.610437000000	0.531298000000	0.854044000000	303.171974524634
2181	3	0.601307000000	0.555683000000	0.813579000000	303.087103062341
2182	0	0.677137000000	0.511237000000	0.845759000000	303.722709314339
2182	1	0.704728000000	0.449022000000	0.824509000000	303.917603913420
2182	2	0.675778000000	0.501553000000	0.781866000000	303.720641174974
2182	3	0.725870000000	0.505051000000	0.796819000000	304.061085111134
2183	0	0.631185000000	0.502920000000	0.846287000000	303.359036537148
2183	1	0.612653000000	0.438433000000	0.839161000000	303.193923407342
2183	2	0.577336000000	0.472094000000	0.784933000000	302.874869114918
2183	3	0.629826000000	0.493236000000	0.782394000000	303.357484046021
2184	0	0.654992000000	0.483537000000	0.794787000000	303.562986842229
2184	1	0.656351000000	0.493221000000	0.858680000000	303.564704052342
2184	2	0.637819000000	0.428733000000	0.851554000000	303.410826532367
2184	3	0.683942000000	0.431006000000	0.837430000000	303.773861789333
2185	0	0.548722000000	0.723488000000	0.842604000000	302.565988331072
2185	1	0.523042000000	0.749003000000	0.893533000000	302.272762142244
2185	2	0.549432000000	0.684678000000	0.887526000000	302.570765110068
2185	3	0.581073000000	0.715280000000	0.887526000000	302.881170211086
2186	0	0.481463000000	0.571793000000	0.869772000000	301.807538132679
2186	1	0.511986000000	0.626809000000	0.880752000000	302.164832418899
2186	2	0.468557000000	0.621391000000	0.834354000000	301.648959443610
2186	3	0.469302000000	0.633713000000	0.877291000000	301.641537958398
2187	0	0.520489000000	0.694613000000	0.825341000000	302.259641380852
2187	1	0.477770000000	0.650385000000	0.823866000000	301.757757516296
2187	2	0.521198000000	0.655803000000	0.870263000000	302.264265923119
2187	3	0.478515000000	0.662707000000	0.866802000000	301.767973875780
2188	0	0.565057000000	0.604039000000	0.880238000000	302.731479955054
2188	1	0.534534000000	0.549023000000	0.869259000000	302.421754238105
2188	2	0.603306000000	0.580132000000	0.834246000000	303.105899531538
2188	3	0.612436000000	0.555747000000	0.874711000000	303.182865020098
2189	0	0.568697000000	0.696223000000	0.826535000000	302.766744163238
2189	1	0.607656000000	0.633506000000	0.825465000000	303.150925998739
2189	2	0.601048000000	0.688014000000	0.871457000000	303.070997273002
2189	3	0.569406000000	0.657413000000	0.871457000000	302.776445781647
2190	0	0.478018000000	0.563914000000	0.897991000000	301.757679619861
2190	1	0.453965000000	0.588016000000	0.953893000000	301.448344117285
2190	2	0.508541000000	0.618931000000	0.908971000000	302.118005384364
2190	3	0.465857000000	0.625834000000	0.905510000000	301.601792986584
2191	0	0.631646000000	0.582205000000	0.878104000000	303.351521652521
2191	1	0.615908000000	0.661098000000	0.883631000000	303.214160894480
2191	2	0.622516000000	0.606590000000	0.837639000000	303.280682587869
2191	3	0.584266000000	0.630497000000	0.883631000000	302.920837483010
2192	0	0.502780000000	0.640864000000	0.810723000000	302.066714537618
2192	1	0.584458000000	0.622375000000	0.811128000000	302.936902533351
2192	2	0.545499000000	0.685092000000	0.812198000000	302.533765994559
2192	3	0.546208000000	0.646282000000	0.857120000000	302.541011186481
2193	0	0.575245000000	0.593381000000	0.821617000000	302.841509084989
2193	1	0.493567000000	0.611870000000	0.821211000000	301.960083659225
2193	2	0.506473000000	0.562272000000	0.856629000000	302.104868407881
2193	3	0.536995000000	0.617288000000	0.867609000000	302.443224112451
2194	0	0.500074000000	0.741680000000	0.892464000000	302.014123113313
2194	1	0.525754000000	0.716165000000	0.841535000000	302.315852532611
2194	2	0.526464000000	0.677355000000	0.886457000000	302.313255620685
2194	3	0.483780000000	0.684259000000	0.882996000000	301.832079748126
2195	0	0.456030000000	0.614132000000	0.971167000000	301.472763831784
2195	1	0.486767000000	0.674543000000	0.971167000000	301.853382355811
2195	2	0.510606000000	0.645046000000	0.926245000000	302.129081773963
2195	3	0.467922000000	0.651950000000	0.922785000000	301.632178312516
2196	0	0.515894000000	0.746125000000	0.921296000000	302.188264038791
2196	1	0.573926000000	0.712402000000	0.915289000000	302.810214133760
2196	2	0.518445000000	0.711297000000	0.960211000000	302.216072924462
2196	3	0.542284000000	0.681800000000	0.915289000000	302.486426400724
2197	0	0.425979000000	0.807193000000	0.975397000000	301.067144665910
2197	1	0.464845000000	0.743171000000	0.975397000000	301.579066579133
2197	2	0.409578000000	0.753904000000	0.934694000000	300.856223022450
2197	3	0.462294000000	0.778000000000	0.936482000000	301.543614995080
2198	0	0.492926000000	0.738802000000	0.920227000000	301.929388680678
2198	1	0.519316000000	0.674477000000	0.914220000000	302.227485587776
2198	2	0.495477000000	0.703973000000	0.959142000000	301.952589797737
2198	3	0.476632000000	0.681381000000	0.910759000000	301.743045950250
2199	0	0.400977000000	0.793514000000	0.987422000000	300.717062442853
2199	1	0.439844000000	0.729492000000	0.987422000000	301.250363150606
2199	2	0.356387000000	0.720054000000	0.987422000000	300.072989378714
2199	3	0.384577000000	0.740225000000	0.946720000000	300.498565318544
2200	0	0.442356000000	0.691040000000	0.987422000000	301.291690994763
2200	1	0.411619000000	0.630629000000	0.987422000000	300.882434323318
2200	2	0.358899000000	0.681602000000	0.987422000000	300.118852821281
2200	3	0.387089000000	0.701773000000	0.946720000000	300.537189329395
2201	0	0.431585000000	0.626563000000	0.972471000000	301.152720447291
2201	1	0.407055000000	0.697708000000	0.931769000000	300.822276362663
2201	2	0.462322000000	0.686974000000	0.972471000000	301.547534151710
2201	3	0.443477000000	0.664382000000	0.924089000000	301.317606131697
2202	0	0.471032000000	0.716405000000	0.960446000000	301.654429747208
2202	1	0.415765000000	0.727139000000	0.919743000000	300.944055420684
2202	2	0.468481000000	0.751234000000	0.921531000000	301.628387583319
2202	3	0.452187000000	0.693812000000	0.912063000000	301.431471745341
2203	0	0.600836000000	0.551142000000	0.902805000000	303.077218383326
2203	1	0.522933000000	0.544418000000	0.897353000000	302.290225979755
2203	2	0.554165000000	0.560624000000	0.953254000000	302.604442713235
2203	3	0.553456000000	0.599434000000	0.908332000000	302.612681528837
2204	0	0.477358000000	0.522885000000	0.926824000000	301.752463008557
2204	1	0.462350000000	0.490841000000	0.982725000000	301.548320194311
2204	2	0.508589000000	0.539091000000	0.982725000000	302.103918547603
2204	3	0.453305000000	0.546986000000	0.982725000000	301.432547003544
2205	0	0.497252000000	0.503086000000	0.926824000000	301.990412935303
2205	1	0.537577000000	0.463117000000	0.982725000000	302.429286431414
2205	2	0.528483000000	0.519292000000	0.982725000000	302.332498433385
2205	3	0.482244000000	0.471042000000	0.982725000000	301.796645844724
2206	0	0.603865000000	0.521790000000	0.916687000000	303.099737020294
2206	1	0.525962000000	0.515066000000	0.911234000000	302.319257417562
2206	2	0.566288000000	0.475097000000	0.967136000000	302.737316004308
2206	3	0.557194000000	0.531272000000	0.967136000000	302.636240100443
2207	0	0.500176000000	0.660416000000	0.986118000000	302.009391594741
2207	1	0.469440000000	0.600005000000	0.986118000000	301.639846515130
2207	2	0.524015000000	0.630920000000	0.941196000000	302.279415131892
2207	3	0.524725000000	0.592110000000	0.986118000000	302.288586243586
2208	0	0.521950000000	0.604804000000	0.923922000000	302.269505775488
2208	1	0.467374000000	0.573890000000	0.968844000000	301.615281700996
2208	2	0.491427000000	0.549788000000	0.912942000000	301.917355965326
2208	3	0.522659000000	0.565994000000	0.968844000000	302.271427416869
2209	0	0.603025000000	0.847139000000	0.814655000000	303.080253619456
2209	1	0.555198000000	0.786795000000	0.799016000000	302.637830908300
2209	2	0.526967000000	0.847139000000	0.811030000000	302.318665590411
2209	3	0.563938000000	0.849467000000	0.771080000000	302.708691757535
2210	0	0.592389000000	0.835656000000	0.839026000000	302.984225395296
2210	1	0.544562000000	0.775312000000	0.823386000000	302.519992200418
2210	2	0.518881000000	0.800828000000	0.874315000000	302.224003867741
2210	3	0.516330000000	0.835656000000	0.835400000000	302.197410218215
2211	0	0.533614000000	0.884433000000	0.818542000000	302.386194472303
2211	1	0.583355000000	0.944777000000	0.830838000000	302.873317489994
2211	2	0.609672000000	0.884433000000	0.822167000000	303.140618527094
2211	3	0.570585000000	0.886762000000	0.778593000000	302.777632360123
2212	0	0.537602000000	0.779644000000	0.884484000000	302.432896331744
2212	1	0.611110000000	0.814473000000	0.849195000000	303.152977277605
2212	2	0.595633000000	0.745920000000	0.878477000000	303.015481085368
2212	3	0.563283000000	0.754128000000	0.833555000000	302.710554601865
2213	0	0.646978000000	0.885872000000	0.775773000000	303.465189907508
2213	1	0.667443000000	0.946216000000	0.714209000000	303.614942462424
2213	2	0.644862000000	0.890529000000	0.692249000000	303.459386357299
2213	3	0.607891000000	0.888201000000	0.732199000000	303.135426788995
2214	0	0.656731000000	0.778765000000	0.783322000000	303.559478401057
2214	1	0.623756000000	0.745713000000	0.854596000000	303.278988869446
2214	2	0.639232000000	0.814265000000	0.825314000000	303.404375619638
2214	3	0.591405000000	0.753921000000	0.809674000000	302.993336708689
2215	0	0.659965000000	0.963425000000	0.742698000000	303.555026219741
2215	1	0.613183000000	0.963425000000	0.812934000000	303.151373783800
2215	2	0.600412000000	0.905409000000	0.760688000000	303.056757552530
2215	3	0.639500000000	0.903081000000	0.804263000000	303.393440433418
2216	0	0.646062000000	0.856255000000	0.781822000000	303.459725028130
2216	1	0.643946000000	0.860912000000	0.698298000000	303.453492993671
2216	2	0.663561000000	0.820755000000	0.739831000000	303.612092885920
2216	3	0.606974000000	0.858583000000	0.738247000000	303.129425033976
2217	0	0.584109000000	0.775824000000	0.787160000000	302.919439272759
2217	1	0.649435000000	0.800668000000	0.760808000000	303.499516650731
2217	2	0.592849000000	0.838497000000	0.759225000000	303.002521076438
2217	3	0.631936000000	0.836169000000	0.802799000000	303.344241968195
2218	0	0.562374000000	0.898855000000	0.955698000000	302.649746406077
2218	1	0.515482000000	0.901533000000	0.877868000000	302.175414071020
2218	2	0.522944000000	0.961878000000	0.955698000000	302.226182025054
2218	3	0.565223000000	0.961878000000	0.890164000000	302.690098309437
2219	0	0.497927000000	0.930726000000	0.987975000000	301.950658185667
2219	1	0.493016000000	0.835553000000	0.949060000000	301.912844277959
2219	2	0.537358000000	0.867703000000	0.987975000000	302.406540214057
2219	3	0.456701000000	0.864747000000	0.987975000000	301.459449263349
2220	0	0.583572000000	0.880207000000	0.932768000000	302.870319222825
2220	1	0.536680000000	0.882886000000	0.854938000000	302.413093596572
2220	2	0.586421000000	0.943230000000	0.867234000000	302.902612092250
2220	3	0.612738000000	0.882886000000	0.858563000000	303.156922602797
2221	0	0.455971000000	0.824574000000	0.987975000000	301.449150746739
2221	1	0.536628000000	0.827530000000	0.987975000000	302.394440902107
2221	2	0.494837000000	0.760552000000	0.987975000000	301.931205948010
2221	3	0.492287000000	0.795380000000	0.949060000000	301.910521954419
2222	0	0.598155000000	0.853476000000	0.866789000000	303.033784877358
2222	1	0.568989000000	0.850797000000	0.940993000000	302.727912378387
2222	2	0.522097000000	0.853476000000	0.863163000000	302.260356193295
2222	3	0.524648000000	0.818647000000	0.902078000000	302.286487898971
2223	0	0.565783000000	0.808088000000	0.974093000000	302.700241773019
2223	1	0.579473000000	0.742214000000	0.929171000000	302.853149930396
2223	2	0.523992000000	0.741109000000	0.974093000000	302.272107633367
2223	3	0.521442000000	0.775938000000	0.935178000000	302.240483864053
2224	0	0.587710000000	0.829613000000	0.951162000000	302.921070103216
2224	1	0.616876000000	0.832292000000	0.876958000000	303.200885996440
2224	2	0.601400000000	0.763740000000	0.906240000000	303.065401230384
2224	3	0.543369000000	0.797463000000	0.912248000000	302.487161478399
2225	0	0.508361000000	0.932467000000	0.963924000000	302.070376406959
2225	1	0.500899000000	0.872123000000	0.886094000000	302.014842143566
2225	2	0.547792000000	0.869445000000	0.963924000000	302.513187402182
2225	3	0.503450000000	0.837295000000	0.925009000000	302.043248962107
2226	0	0.795088000000	0.876720000000	0.567603000000	304.428824123644
2226	1	0.845342000000	0.846751000000	0.623447000000	304.631389990917
2226	2	0.798366000000	0.843016000000	0.647791000000	304.445157718332
2226	3	0.782014000000	0.832732000000	0.594983000000	304.372734964687
2227	0	0.804552000000	0.874697000000	0.543761000000	304.472071433935
2227	1	0.854806000000	0.844727000000	0.599606000000	304.667501538566
2227	2	0.791478000000	0.830708000000	0.571141000000	304.424457749365
2227	3	0.838454000000	0.834443000000	0.546797000000	304.614336950920
2228	0	0.851033000000	0.940983000000	0.580152000000	304.630206129346
2228	1	0.868865000000	0.870759000000	0.601733000000	304.705875153293
2228	2	0.818611000000	0.900729000000	0.545889000000	304.525371741018
2228	3	0.852514000000	0.860475000000	0.548924000000	304.655198647378
2229	0	0.812425000000	0.869049000000	0.649918000000	304.496689446920
2229	1	0.809147000000	0.902753000000	0.569730000000	304.482018776136
2229	2	0.841570000000	0.943006000000	0.603993000000	304.595474318759
2229	3	0.859401000000	0.872783000000	0.625574000000	304.675154619191
2230	0	0.945887000000	0.866387000000	0.587123000000	304.851345398044
2230	1	0.881079000000	0.932875000000	0.589886000000	304.722525524844
2230	2	0.882559000000	0.852368000000	0.558658000000	304.743510899801
2230	3	0.898911000000	0.862652000000	0.611467000000	304.772934731916
2231	0	0.897076000000	0.874068000000	0.539038000000	304.772352198674
2231	1	0.960404000000	0.954576000000	0.528352000000	304.842599136404
2231	2	0.895596000000	0.954576000000	0.570265000000	304.749292622730
2231	3	0.960404000000	0.888087000000	0.567502000000	304.860919735726
2232	0	0.917103000000	0.811651000000	0.514048000000	304.826692747312
2232	1	0.980431000000	0.758899000000	0.502960000000	304.888059064998
2232	2	0.980431000000	0.823430000000	0.464812000000	304.878006869054
2232	3	0.980431000000	0.825670000000	0.542513000000	304.877975745227
2233	0	0.918938000000	0.821473000000	0.598390000000	304.827374806414
2233	1	0.965914000000	0.758437000000	0.534494000000	304.882934333883
2233	2	0.902586000000	0.811189000000	0.545582000000	304.792126378460
2233	3	0.965914000000	0.825207000000	0.574046000000	304.866399645196
2234	0	0.980431000000	0.933338000000	0.503487000000	304.854053013850
2234	1	0.917103000000	0.852830000000	0.514173000000	304.818048679673
2234	2	0.980431000000	0.864609000000	0.464936000000	304.868138204507
2234	3	0.980431000000	0.866849000000	0.542637000000	304.870687399098
2235	0	0.793517000000	0.803534000000	0.616092000000	304.436076876422
2235	1	0.843816000000	0.753037000000	0.657023000000	304.641009199471
2235	2	0.856845000000	0.817553000000	0.644556000000	304.666743672364
2235	3	0.809869000000	0.813819000000	0.668900000000	304.497131766152
2236	0	0.874115000000	0.710641000000	0.604627000000	304.743216683935
2236	1	0.934121000000	0.712122000000	0.528263000000	304.859527372833
2236	2	0.844268000000	0.693531000000	0.535187000000	304.655120133311
2236	3	0.870794000000	0.764874000000	0.539352000000	304.726406021746
2237	0	0.850766000000	0.615294000000	0.639478000000	304.680913635763
2237	1	0.775681000000	0.672859000000	0.654835000000	304.344823225354
2237	2	0.783093000000	0.625583000000	0.687325000000	304.393968302092
2237	3	0.835687000000	0.669463000000	0.665376000000	304.617384202682
2238	0	0.947371000000	0.737346000000	0.545869000000	304.876576896184
2238	1	0.887365000000	0.735866000000	0.622232000000	304.769955439677
2238	2	0.900395000000	0.800382000000	0.609765000000	304.789109682756
2238	3	0.884043000000	0.790098000000	0.556957000000	304.753723022717
2239	0	0.792665000000	0.692969000000	0.563050000000	304.446195657419
2239	1	0.822513000000	0.710079000000	0.632490000000	304.565966635002
2239	2	0.772215000000	0.760577000000	0.591559000000	304.332338506984
2239	3	0.762507000000	0.713475000000	0.621948000000	304.283292265611
2240	0	0.738334000000	0.784015000000	0.702044000000	304.137879071181
2240	1	0.815839000000	0.745119000000	0.670594000000	304.534815795455
2240	2	0.765540000000	0.795617000000	0.629663000000	304.288144412256
2240	3	0.781892000000	0.805901000000	0.682471000000	304.368467406027
2241	0	0.802981000000	0.801510000000	0.592250000000	304.475573269853
2241	1	0.853279000000	0.751013000000	0.633181000000	304.672951298907
2241	2	0.849957000000	0.805245000000	0.567906000000	304.662616500568
2241	3	0.866309000000	0.815529000000	0.620715000000	304.703951302861
2242	0	0.782710000000	0.681131000000	0.626594000000	304.388432252872
2242	1	0.857795000000	0.623567000000	0.611237000000	304.698034678186
2242	2	0.812868000000	0.660625000000	0.567695000000	304.533752318028
2242	3	0.842716000000	0.677735000000	0.637135000000	304.640665025046
2243	0	0.849954000000	0.660033000000	0.547355000000	304.681848961982
2243	1	0.939808000000	0.678624000000	0.540431000000	304.863026213168
2243	2	0.879802000000	0.677144000000	0.616795000000	304.757665241283
2243	3	0.894881000000	0.622975000000	0.590897000000	304.801170323548
2244	0	0.807786000000	0.727386000000	0.663666000000	304.503116852173
2244	1	0.730281000000	0.766282000000	0.695116000000	304.089873053532
2244	2	0.757488000000	0.777884000000	0.622735000000	304.247344430072
2244	3	0.747780000000	0.730782000000	0.653125000000	304.200940258072
2245	0	0.810182000000	0.708678000000	0.546136000000	304.515862887540
2245	1	0.840029000000	0.725789000000	0.615576000000	304.631611174730
2245	2	0.836708000000	0.780021000000	0.550301000000	304.618740722846
2245	3	0.789731000000	0.776286000000	0.574645000000	304.420917823483
2246	0	0.648161000000	0.639902000000	0.728289000000	303.508328118492
2246	1	0.710015000000	0.615992000000	0.737817000000	303.967886687724
2246	2	0.699517000000	0.646696000000	0.773670000000	303.893595286348
2246	3	0.658736000000	0.611206000000	0.772600000000	303.584017344999
2247	0	0.679780000000	0.691656000000	0.776936000000	303.744695153355
2247	1	0.600041000000	0.718883000000	0.776936000000	303.071722003110
2247	2	0.665367000000	0.743727000000	0.750584000000	303.641181930545
2247	3	0.628424000000	0.684862000000	0.731555000000	303.341263045506
2248	0	0.654018000000	0.681569000000	0.710436000000	303.557936536595
2248	1	0.705374000000	0.688363000000	0.755817000000	303.927275743919
2248	2	0.708460000000	0.704934000000	0.687474000000	303.957179161948
2248	3	0.690961000000	0.740434000000	0.729465000000	303.825793464509
2249	0	0.707641000000	0.619367000000	0.807996000000	303.946837163320
2249	1	0.724723000000	0.553306000000	0.798451000000	304.064335410409
2249	2	0.675990000000	0.559493000000	0.847391000000	303.715169275090
2249	3	0.666860000000	0.583878000000	0.806926000000	303.653635265809
2250	0	0.671632000000	0.664598000000	0.784749000000	303.685433173516
2250	1	0.591892000000	0.691825000000	0.784749000000	303.006551897233
2250	2	0.620276000000	0.657804000000	0.739368000000	303.273708214892
2250	3	0.630851000000	0.629108000000	0.783679000000	303.352606166686
2251	0	0.666593000000	0.751704000000	0.778489000000	303.644254979955
2251	1	0.601267000000	0.726860000000	0.804841000000	303.083792717716
2251	2	0.681006000000	0.699632000000	0.804841000000	303.748736407245
2251	3	0.633618000000	0.718651000000	0.849763000000	303.363680859622
2252	0	0.737747000000	0.562321000000	0.775198000000	304.145452860389
2252	1	0.679885000000	0.592892000000	0.783673000000	303.757622986236
2252	2	0.720665000000	0.628382000000	0.784743000000	304.032699051033
2252	3	0.731164000000	0.597678000000	0.748891000000	304.110012264512
2253	0	0.811531000000	0.682131000000	0.691240000000	304.521042739713
2253	1	0.748439000000	0.668955000000	0.749043000000	304.191809361853
2253	2	0.751525000000	0.685526000000	0.680699000000	304.212615724816
2253	3	0.758937000000	0.638251000000	0.713190000000	304.264865547206
2254	0	0.661716000000	0.655990000000	0.707500000000	303.620730302341
2254	1	0.716158000000	0.679355000000	0.684538000000	304.012854652114
2254	2	0.713072000000	0.662784000000	0.752881000000	303.984786210046
2254	3	0.723571000000	0.632080000000	0.717028000000	304.056215220608
2255	0	0.656068000000	0.585784000000	0.864223000000	303.555960851243
2255	1	0.640330000000	0.664677000000	0.869750000000	303.425348223496
2255	2	0.687718000000	0.645658000000	0.824828000000	303.799206076354
2255	3	0.646938000000	0.610169000000	0.823758000000	303.488690994039
2256	0	0.672858000000	0.672574000000	0.812654000000	303.689669604461
2256	1	0.593119000000	0.699802000000	0.812654000000	303.014946800368
2256	2	0.632077000000	0.637085000000	0.811584000000	303.362557444669
2256	3	0.625470000000	0.691594000000	0.857576000000	303.299690170568
2257	0	0.803833000000	0.707710000000	0.694176000000	304.483245291460
2257	1	0.740741000000	0.694534000000	0.751978000000	304.147185107343
2257	2	0.726328000000	0.746605000000	0.725627000000	304.067628173913
2257	3	0.743827000000	0.711105000000	0.683635000000	304.175341797303
2258	0	0.597001000000	0.472163000000	0.984410000000	303.028104373194
2258	1	0.634578000000	0.518856000000	0.933962000000	303.367812521379
2258	2	0.587908000000	0.528338000000	0.984410000000	302.944218730880
2258	3	0.656068000000	0.502637000000	0.984410000000	303.537737800134
2259	0	0.664763000000	0.479779000000	0.966619000000	303.608290244770
2259	1	0.624742000000	0.431510000000	0.909044000000	303.291837289869
2259	2	0.605697000000	0.449305000000	0.966619000000	303.100243679224
2259	3	0.643274000000	0.495998000000	0.916170000000	303.445326882004
2260	0	0.684901000000	0.474982000000	0.944463000000	303.759887798128
2260	1	0.691003000000	0.428987000000	0.872764000000	303.817635343992
2260	2	0.644880000000	0.426714000000	0.886887000000	303.464158053770
2260	3	0.663412000000	0.491201000000	0.894014000000	303.611806803938
2261	0	0.663283000000	0.365168000000	0.982208000000	303.586525094660
2261	1	0.669487000000	0.448894000000	0.982208000000	303.641940560968
2261	2	0.629465000000	0.400625000000	0.924633000000	303.329447250516
2261	3	0.610420000000	0.418420000000	0.982208000000	303.147710741240
2262	0	0.695397000000	0.434356000000	0.968599000000	303.827040859565
2262	1	0.655376000000	0.386088000000	0.911024000000	303.537723213110
2262	2	0.720179000000	0.356837000000	0.924558000000	304.003288674999
2262	3	0.689194000000	0.350631000000	0.968599000000	303.780322976399
2263	0	0.795985000000	0.378511000000	0.897213000000	304.421552555888
2263	1	0.731495000000	0.441474000000	0.948413000000	304.070708910369
2263	2	0.737597000000	0.395479000000	0.876714000000	304.118817495946
2263	3	0.756277000000	0.363955000000	0.904372000000	304.219109168507
2264	0	0.699200000000	0.446015000000	0.946443000000	303.858270011170
2264	1	0.723981000000	0.368496000000	0.902402000000	304.032822571662
2264	2	0.659178000000	0.397747000000	0.888868000000	303.573941006267
2264	3	0.705301000000	0.400020000000	0.874744000000	303.915601950963
2265	0	0.912527000000	0.487501000000	0.641023000000	304.840760597526
2265	1	0.968745000000	0.507561000000	0.666784000000	304.892298793945
2265	2	0.968745000000	0.532109000000	0.598478000000	304.895952192904
2265	3	0.923818000000	0.544619000000	0.623242000000	304.854655397305
2266	0	0.926410000000	0.466551000000	0.635810000000	304.859758825500
2266	1	0.982628000000	0.511159000000	0.593265000000	304.908428010368
2266	2	0.982628000000	0.486611000000	0.661571000000	304.902254529160
2266	3	0.982628000000	0.455874000000	0.601160000000	304.902134533835
2267	0	0.982628000000	0.369779000000	0.670325000000	304.896811418008
2267	1	0.926410000000	0.433176000000	0.654002000000	304.852749642668
2267	2	0.982628000000	0.453235000000	0.679762000000	304.900765453391
2267	3	0.982628000000	0.422499000000	0.619351000000	304.903266451174
2268	0	0.961017000000	0.370474000000	0.702176000000	304.877037056305
2268	1	0.891082000000	0.425443000000	0.754274000000	304.781487912709
2268	2	0.961017000000	0.453930000000	0.711613000000	304.884026495584
2268	3	0.904799000000	0.433871000000	0.685852000000	304.814554479245
2269	0	0.888547000000	0.466128000000	0.704803000000	304.777396463359
2269	1	0.944765000000	0.486188000000	0.730564000000	304.874208053972
2269	2	0.892171000000	0.507120000000	0.782451000000	304.779304343003
2269	3	0.874830000000	0.457700000000	0.773224000000	304.734973739106
2270	0	0.874805000000	0.547207000000	0.669843000000	304.749442251113
2270	1	0.867138000000	0.531080000000	0.765273000000	304.708873497058
2270	2	0.813716000000	0.522139000000	0.743998000000	304.534522562220
2270	3	0.863514000000	0.490089000000	0.687625000000	304.714690528639
2271	0	0.855786000000	0.469834000000	0.714263000000	304.688285663223
2271	1	0.859410000000	0.510825000000	0.791911000000	304.688465055244
2271	2	0.805988000000	0.501884000000	0.770636000000	304.496728757571
2271	3	0.842069000000	0.461406000000	0.782684000000	304.635859620303
2272	0	0.899899000000	0.527375000000	0.755813000000	304.797489823743
2272	1	0.907566000000	0.543502000000	0.660384000000	304.820282718310
2272	2	0.952492000000	0.506443000000	0.703926000000	304.883783706261
2272	3	0.896275000000	0.486383000000	0.678165000000	304.798901513456
2273	0	0.857382000000	0.568037000000	0.679134000000	304.698898330508
2273	1	0.849715000000	0.551910000000	0.774563000000	304.662047342119
2273	2	0.789709000000	0.578326000000	0.726981000000	304.422594815960
2273	3	0.796293000000	0.542969000000	0.753289000000	304.455236747028
2274	0	0.863933000000	0.576395000000	0.759651000000	304.705940767637
2274	1	0.871600000000	0.592522000000	0.664222000000	304.741653840914
2274	2	0.803927000000	0.602811000000	0.712069000000	304.485823899456
2274	3	0.856520000000	0.646691000000	0.690120000000	304.693517994992
2275	0	0.832364000000	0.659359000000	0.715984000000	304.597234938414
2275	1	0.839777000000	0.589063000000	0.785516000000	304.621227456131
2275	2	0.769272000000	0.646183000000	0.773786000000	304.313059655715
2275	3	0.779771000000	0.615479000000	0.737934000000	304.370750655335
2276	0	0.825559000000	0.564577000000	0.800428000000	304.566820149110
2276	1	0.755054000000	0.621697000000	0.788699000000	304.239180551992
2276	2	0.765553000000	0.590994000000	0.752846000000	304.296540406021
2276	3	0.772136000000	0.555637000000	0.779154000000	304.336867955811
2277	0	0.986515000000	0.301711000000	0.747287000000	304.880174347332
2277	1	0.986515000000	0.346302000000	0.820747000000	304.872611717660
2277	2	0.942877000000	0.265390000000	0.784106000000	304.853285339022
2277	3	0.986515000000	0.272744000000	0.828204000000	304.865129595624
2278	0	0.962137000000	0.441510000000	0.822331000000	304.868769975412
2278	1	0.962137000000	0.480377000000	0.758308000000	304.886430274594
2278	2	0.892202000000	0.451889000000	0.800968000000	304.773761532627
2278	3	0.909543000000	0.501308000000	0.810195000000	304.803180318371
2279	0	0.854984000000	0.351005000000	0.806630000000	304.666341077874
2279	1	0.933023000000	0.391627000000	0.840092000000	304.834661355791
2279	2	0.863088000000	0.402005000000	0.818729000000	304.686094660136
2279	3	0.864253000000	0.369487000000	0.854871000000	304.689976253669
2280	0	0.941149000000	0.363417000000	0.835370000000	304.850417502985
2280	1	0.897511000000	0.282505000000	0.798729000000	304.776877333776
2280	2	0.872379000000	0.341277000000	0.850150000000	304.712264522964
2280	3	0.863110000000	0.322795000000	0.801909000000	304.689533663498
2281	0	0.921626000000	0.272328000000	0.811373000000	304.816602930133
2281	1	0.965264000000	0.353239000000	0.848015000000	304.859312719023
2281	2	0.896495000000	0.331100000000	0.862794000000	304.764007237292
2281	3	0.965264000000	0.279682000000	0.855472000000	304.853258342269
2282	0	0.962400000000	0.311889000000	0.734642000000	304.875911800822
2282	1	0.962400000000	0.356479000000	0.808103000000	304.867405655364
2282	2	0.884361000000	0.315857000000	0.774641000000	304.752948547658
2282	3	0.918762000000	0.275568000000	0.771461000000	304.819620654751
2283	0	0.954274000000	0.384689000000	0.812824000000	304.866175516241
2283	1	0.954274000000	0.340099000000	0.739364000000	304.872097609075
2283	2	0.876235000000	0.344067000000	0.779363000000	304.735099875442
2283	3	0.884339000000	0.395068000000	0.791462000000	304.753561397751
2284	0	0.908454000000	0.419631000000	0.782018000000	304.808589958079
2284	1	0.978389000000	0.364662000000	0.729920000000	304.885877328863
2284	2	0.978389000000	0.448119000000	0.739358000000	304.890003842969
2284	3	0.978389000000	0.409253000000	0.803380000000	304.879191091137
2285	0	0.741917000000	0.464259000000	0.948975000000	304.132703130499
2285	1	0.806406000000	0.401296000000	0.897775000000	304.473215588170
2285	2	0.748018000000	0.418264000000	0.877276000000	304.182805460856
2285	3	0.800422000000	0.460473000000	0.906752000000	304.442627258866
2286	0	0.773853000000	0.484942000000	0.906984000000	304.321746449805
2286	1	0.721449000000	0.442733000000	0.877508000000	304.025323646739
2286	2	0.715348000000	0.488728000000	0.949207000000	303.973059759001
2286	3	0.693858000000	0.504947000000	0.898758000000	303.838458386088
2287	0	0.859284000000	0.452663000000	0.881529000000	304.670930441841
2287	1	0.934038000000	0.415625000000	0.857773000000	304.833903740555
2287	2	0.865268000000	0.393485000000	0.872552000000	304.690576557766
2287	3	0.864103000000	0.426004000000	0.836411000000	304.692367364482
2288	0	0.800260000000	0.507518000000	0.805722000000	304.464858548633
2288	1	0.831522000000	0.493699000000	0.862888000000	304.587554391253
2288	2	0.836341000000	0.467039000000	0.817769000000	304.603721992843
2288	3	0.853682000000	0.516459000000	0.826996000000	304.663316346289
2289	0	0.939037000000	0.440945000000	0.849456000000	304.849116277542
2289	1	0.864283000000	0.477983000000	0.873212000000	304.683295188981
2289	2	0.886443000000	0.500743000000	0.837321000000	304.756192132922
2289	3	0.869102000000	0.451324000000	0.828094000000	304.712378032839
2290	0	0.808481000000	0.473622000000	0.864871000000	304.490169857274
2290	1	0.756077000000	0.431413000000	0.835394000000	304.235961145314
2290	2	0.777218000000	0.487441000000	0.807704000000	304.352189702768
2290	3	0.813300000000	0.446963000000	0.819752000000	304.520536326023
2291	0	0.767587000000	0.408856000000	0.850286000000	304.297646417387
2291	1	0.819990000000	0.451065000000	0.879762000000	304.537846223375
2291	2	0.825974000000	0.391887000000	0.870785000000	304.557199500809
2291	3	0.824809000000	0.424406000000	0.834643000000	304.564398509586
2292	0	0.702277000000	0.508047000000	0.868045000000	303.895978659433
2292	1	0.782272000000	0.488042000000	0.876271000000	304.366566853758
2292	2	0.729868000000	0.445833000000	0.846795000000	304.081505054572
2292	3	0.751009000000	0.501861000000	0.819105000000	304.211494951862
2293	0	0.759972000000	0.466684000000	0.971131000000	304.228742469504
2293	1	0.824462000000	0.403720000000	0.919931000000	304.540948852768
2293	2	0.818478000000	0.462898000000	0.928908000000	304.510850471537
2293	3	0.824503000000	0.428536000000	0.971131000000	304.523290234231
2294	0	0.749551000000	0.443899000000	0.970569000000	304.172791960900
2294	1	0.774333000000	0.366380000000	0.926529000000	304.317721928845
2294	2	0.814041000000	0.380936000000	0.919369000000	304.496407873674
2294	3	0.814082000000	0.405751000000	0.970569000000	304.484608066197
2295	0	0.814604000000	0.364459000000	0.986391000000	304.478801157266
2295	1	0.822455000000	0.289747000000	0.986391000000	304.498347147814
2295	2	0.743870000000	0.318882000000	0.986391000000	304.127849791210
2295	3	0.774854000000	0.325088000000	0.942350000000	304.312221793951
2296	0	0.727706000000	0.437484000000	0.986391000000	304.043711568212
2296	1	0.792237000000	0.399335000000	0.986391000000	304.390431293312
2296	2	0.721502000000	0.353758000000	0.986391000000	303.996296628701
2296	3	0.752487000000	0.359964000000	0.942350000000	304.189923625364
2297	0	0.836449000000	0.370875000000	0.970569000000	304.569858492955
2297	1	0.844300000000	0.296163000000	0.970569000000	304.591038173358
2297	2	0.796700000000	0.331504000000	0.926529000000	304.415767791991
2297	3	0.836408000000	0.346060000000	0.919369000000	304.583376444510
2298	0	0.934411000000	0.413245000000	0.884763000000	304.830594717682
2298	1	0.865683000000	0.415921000000	0.950742000000	304.678205504606
2298	2	0.859657000000	0.450283000000	0.908519000000	304.662348020819
2298	3	0.865641000000	0.391105000000	0.899542000000	304.683369347304
2299	0	0.877822000000	0.297209000000	0.984178000000	304.688541011690
2299	1	0.938699000000	0.335937000000	0.984178000000	304.813165349028
2299	2	0.869929000000	0.347106000000	0.932979000000	304.688475757457
2299	3	0.869971000000	0.371922000000	0.984178000000	304.675215803412
2300	0	0.920311000000	0.247168000000	0.981916000000	304.773504990453
2300	1	0.981188000000	0.245647000000	0.923393000000	304.840800780888
2300	2	0.981188000000	0.285896000000	0.981916000000	304.829867589555
2300	3	0.981188000000	0.211360000000	0.981916000000	304.817308365646
2301	0	0.957511000000	0.391507000000	0.897811000000	304.847926286495
2301	1	0.957511000000	0.358198000000	0.963790000000	304.833023533657
2301	2	0.888783000000	0.394182000000	0.963790000000	304.726842520539
2301	3	0.888741000000	0.369367000000	0.912590000000	304.744170178368
2302	0	0.891167000000	0.323549000000	0.914894000000	304.743387288918
2302	1	0.959937000000	0.272131000000	0.907572000000	304.837586479628
2302	2	0.959937000000	0.312380000000	0.966094000000	304.826234204492
2302	3	0.899060000000	0.273652000000	0.966094000000	304.738443303943
2303	0	0.909979000000	0.345810000000	0.894506000000	304.788273438632
2303	1	0.978749000000	0.334640000000	0.945705000000	304.846793526922
2303	2	0.978749000000	0.294392000000	0.887183000000	304.854676935715
2303	3	0.978749000000	0.367949000000	0.879726000000	304.860503111815
2304	0	0.715213000000	0.948510000000	0.701554000000	303.958302900803
2304	1	0.692632000000	0.892823000000	0.679594000000	303.824411495198
2304	2	0.755805000000	0.874552000000	0.701554000000	304.222073890480
2304	3	0.749190000000	0.911531000000	0.740156000000	304.171542332245
2305	0	0.691716000000	0.863206000000	0.685643000000	303.823269487753
2305	1	0.748274000000	0.881914000000	0.746205000000	304.172038967561
2305	2	0.711331000000	0.823049000000	0.727176000000	303.954349484000
2305	3	0.754889000000	0.844935000000	0.707603000000	304.221106318930
2306	0	0.675881000000	0.892373000000	0.782143000000	303.684205069359
2306	1	0.673764000000	0.897030000000	0.698619000000	303.680829390636
2306	2	0.696346000000	0.952717000000	0.720578000000	303.820204758019
2306	3	0.730323000000	0.915738000000	0.759181000000	304.053545999444
2307	0	0.672848000000	0.867412000000	0.704667000000	303.679681255877
2307	1	0.729406000000	0.886121000000	0.765229000000	304.054877388675
2307	2	0.674964000000	0.862756000000	0.788191000000	303.686109506171
2307	3	0.692463000000	0.827256000000	0.746200000000	303.824696298380
2308	0	0.797516000000	0.903188000000	0.690984000000	304.420750879169
2308	1	0.826661000000	0.977146000000	0.645059000000	304.530280114158
2308	2	0.756924000000	0.977146000000	0.690984000000	304.206930663238
2308	3	0.833563000000	0.977146000000	0.719345000000	304.548957193958
2309	0	0.822513000000	0.965719000000	0.745465000000	304.503801933544
2309	1	0.745874000000	0.965719000000	0.717104000000	304.140888708897
2309	2	0.786466000000	0.891761000000	0.717104000000	304.374571717696
2309	3	0.779851000000	0.928740000000	0.755706000000	304.328746803445
2310	0	0.853722000000	0.955446000000	0.637537000000	304.628065765878
2310	1	0.860623000000	0.955446000000	0.711823000000	304.649485959608
2310	2	0.824577000000	0.881488000000	0.683462000000	304.546852855229
2310	3	0.871553000000	0.885222000000	0.659118000000	304.696696943636
2311	0	0.915165000000	0.979454000000	0.589996000000	304.780265030962
2311	1	0.979973000000	0.912965000000	0.587233000000	304.856580797969
2311	2	0.979973000000	0.979454000000	0.548083000000	304.839644933558
2311	3	0.979973000000	0.979454000000	0.622618000000	304.835592283451
2312	0	0.965457000000	0.957754000000	0.642239000000	304.831116392785
2312	1	0.900649000000	0.957754000000	0.609617000000	304.753000931615
2312	2	0.965457000000	0.891265000000	0.606853000000	304.851947300127
2312	3	0.918480000000	0.887530000000	0.631197000000	304.810275180099
2313	0	0.900586000000	0.908077000000	0.655007000000	304.768620669101
2313	1	0.889656000000	0.978300000000	0.707712000000	304.713102162684
2313	2	0.947563000000	0.978300000000	0.666049000000	304.815363272188
2313	3	0.882755000000	0.978300000000	0.633426000000	304.710150904898
2314	0	0.714185000000	0.981353000000	0.838201000000	303.924111635698
2314	1	0.686823000000	0.981353000000	0.760997000000	303.751840941376
2314	2	0.666358000000	0.921009000000	0.822561000000	303.592723113463
2314	3	0.640041000000	0.981353000000	0.831232000000	303.380542250197
2315	0	0.741786000000	0.988573000000	0.740961000000	304.102286759664
2315	1	0.818424000000	0.988573000000	0.769323000000	304.483443411689
2315	2	0.769148000000	0.988573000000	0.818165000000	304.243727368380
2315	3	0.775763000000	0.951594000000	0.779563000000	304.297543230228
2316	0	0.691314000000	0.909581000000	0.812786000000	303.792843035719
2316	1	0.711779000000	0.969926000000	0.751221000000	303.923236662083
2316	2	0.739141000000	0.969926000000	0.828426000000	304.086192426072
2316	3	0.745756000000	0.932947000000	0.789824000000	304.143790213680
2317	0	0.661869000000	0.921009000000	0.864516000000	303.563390204512
2317	1	0.667808000000	0.981353000000	0.938721000000	303.577727916554
2317	2	0.709696000000	0.981353000000	0.880156000000	303.887339105158
2317	3	0.635552000000	0.981353000000	0.873187000000	303.335579335145
2318	0	0.587713000000	0.917502000000	0.979749000000	302.896300179239
2318	1	0.590562000000	0.980525000000	0.914215000000	302.928507284035
2318	2	0.548282000000	0.980525000000	0.979749000000	302.495991815369
2318	3	0.622818000000	0.980525000000	0.979749000000	303.204515883783
2319	0	0.638077000000	0.901533000000	0.882614000000	303.369201069980
2319	1	0.608910000000	0.898855000000	0.956818000000	303.104666086900
2319	2	0.644016000000	0.961878000000	0.956818000000	303.393232179559
2319	3	0.611759000000	0.961878000000	0.891285000000	303.132933107884
2320	0	0.827186000000	0.809285000000	0.690970000000	304.566634992751
2320	1	0.861133000000	0.748503000000	0.679093000000	304.684142704158
2320	2	0.874163000000	0.813019000000	0.666626000000	304.721848334493
2320	3	0.866877000000	0.784329000000	0.709581000000	304.706956050585
2321	0	0.850965000000	0.836239000000	0.741467000000	304.636158877444
2321	1	0.847321000000	0.935153000000	0.751217000000	304.611512828824
2321	2	0.811275000000	0.861195000000	0.722856000000	304.487471151171
2321	3	0.804660000000	0.898174000000	0.761457000000	304.449862533721
2322	0	0.867525000000	0.825966000000	0.722015000000	304.696801663629
2322	1	0.863882000000	0.924880000000	0.731765000000	304.661128270151
2322	2	0.874812000000	0.854656000000	0.679060000000	304.719279309699
2322	3	0.827835000000	0.850922000000	0.703404000000	304.559435417819
2323	0	0.746645000000	0.756627000000	0.738305000000	304.179982792707
2323	1	0.761058000000	0.704555000000	0.764657000000	304.264506915513
2323	2	0.824150000000	0.717731000000	0.706855000000	304.567843645134
2323	3	0.829894000000	0.753558000000	0.737344000000	304.581015931320
2324	0	0.833157000000	0.740586000000	0.692664000000	304.593439587273
2324	1	0.755652000000	0.779481000000	0.724114000000	304.226210117046
2324	2	0.838900000000	0.776412000000	0.723152000000	304.610269823849
2324	3	0.799210000000	0.801368000000	0.704541000000	304.452808629269
2325	0	0.985483000000	0.735753000000	0.644827000000	304.888009179701
2325	1	0.985483000000	0.740629000000	0.557922000000	304.888291329472
2325	2	0.938507000000	0.803665000000	0.621819000000	304.854835930014
2325	3	0.985483000000	0.807399000000	0.597475000000	304.878464113118
2326	0	0.967574000000	0.682863000000	0.565147000000	304.886831447747
2326	1	0.922647000000	0.627213000000	0.615613000000	304.850628031313
2326	2	0.967574000000	0.677986000000	0.652051000000	304.883920959252
2326	3	0.907568000000	0.681382000000	0.641510000000	304.816954448643
2327	0	0.986117000000	0.540901000000	0.672549000000	304.899933550722
2327	1	0.986117000000	0.628733000000	0.665446000000	304.897485833212
2327	2	0.986117000000	0.565449000000	0.604243000000	304.906301006745
2327	3	0.941190000000	0.577959000000	0.629007000000	304.881754648524
2328	0	0.986117000000	0.662258000000	0.549491000000	304.904229230182
2328	1	0.986117000000	0.657381000000	0.636396000000	304.898299882756
2328	2	0.941190000000	0.606608000000	0.599957000000	304.881919336925
2328	3	0.986117000000	0.594098000000	0.575193000000	304.906758840719
2329	0	0.919964000000	0.782574000000	0.633194000000	304.825513879157
2329	1	0.966941000000	0.719538000000	0.569297000000	304.887598102364
2329	2	0.966941000000	0.714662000000	0.656202000000	304.882350455925
2329	3	0.906935000000	0.718057000000	0.645661000000	304.813931231579
2330	0	0.969865000000	0.627615000000	0.702588000000	304.888980142883
2330	1	0.917271000000	0.560715000000	0.761578000000	304.829811133278
2330	2	0.924938000000	0.576842000000	0.666149000000	304.854617680300
2330	3	0.969865000000	0.539783000000	0.709691000000	304.889005667786
2331	0	0.898728000000	0.588906000000	0.756126000000	304.794680147376
2331	1	0.951322000000	0.655806000000	0.697135000000	304.880770301213
2331	2	0.906395000000	0.605033000000	0.660697000000	304.818315541715
2331	3	0.891316000000	0.659201000000	0.686594000000	304.782484333830
2332	0	0.950172000000	0.725275000000	0.689221000000	304.869823546489
2332	1	0.903196000000	0.793187000000	0.666213000000	304.792215664959
2332	2	0.890166000000	0.728671000000	0.678680000000	304.776653776378
2332	3	0.895910000000	0.764497000000	0.709168000000	304.776628145371
2333	0	0.743314000000	0.940491000000	0.852951000000	304.115174047577
2333	1	0.729455000000	0.845240000000	0.855113000000	304.047077320073
2333	2	0.695487000000	0.880147000000	0.837312000000	303.826742811846
2333	3	0.749929000000	0.903512000000	0.814349000000	304.162293585141
2334	0	0.738951000000	0.811415000000	0.818280000000	304.124022373631
2334	1	0.759425000000	0.869688000000	0.777516000000	304.226873963211
2334	2	0.766040000000	0.832709000000	0.738914000000	304.278808419481
2334	3	0.722481000000	0.810823000000	0.758487000000	304.023553463647
2335	0	0.620922000000	0.829589000000	0.945758000000	303.226785233071
2335	1	0.634612000000	0.763715000000	0.900836000000	303.358275178069
2335	2	0.650088000000	0.832268000000	0.871554000000	303.479298599123
2335	3	0.684057000000	0.797360000000	0.889355000000	303.746356541713
2336	0	0.744254000000	0.769422000000	0.826294000000	304.158420665938
2336	1	0.811033000000	0.765760000000	0.765539000000	304.498549121223
2336	2	0.742197000000	0.716758000000	0.792853000000	304.155408970575
2336	3	0.727784000000	0.768830000000	0.766501000000	304.067359192363
2337	0	0.649032000000	0.753573000000	0.864930000000	303.485115349065
2337	1	0.682008000000	0.786625000000	0.793656000000	303.753512271867
2337	2	0.664509000000	0.822125000000	0.835647000000	303.605183089684
2337	3	0.698477000000	0.787218000000	0.853449000000	303.857368639167
2338	0	0.691869000000	0.759564000000	0.788823000000	303.821543539079
2338	1	0.658894000000	0.726512000000	0.860097000000	303.573032639109
2338	2	0.706282000000	0.707493000000	0.815175000000	303.926824569980
2338	3	0.708339000000	0.760157000000	0.848616000000	303.927932897520
2339	0	0.740557000000	0.873895000000	0.796540000000	304.121704963528
2339	1	0.703614000000	0.815030000000	0.777511000000	303.898157488779
2339	2	0.720083000000	0.815622000000	0.837304000000	304.003305114761
2339	3	0.686115000000	0.850530000000	0.819503000000	303.762923001052
2340	0	0.753260000000	0.792276000000	0.812102000000	304.203126984287
2340	1	0.820039000000	0.788614000000	0.751348000000	304.535460107439
2340	2	0.736791000000	0.791684000000	0.752310000000	304.122200899183
2340	3	0.780349000000	0.813570000000	0.732737000000	304.353529840329
2341	0	0.831455000000	0.806805000000	0.757228000000	304.573203084310
2341	1	0.764676000000	0.810467000000	0.817982000000	304.255113695723
2341	2	0.785150000000	0.868739000000	0.777219000000	304.362756940684
2341	3	0.791765000000	0.831760000000	0.738617000000	304.410699019792
2342	0	0.697170000000	0.564539000000	0.861576000000	303.865549433288
2342	1	0.745903000000	0.558353000000	0.812636000000	304.184614783349
2342	2	0.728821000000	0.624414000000	0.822181000000	304.073708180326
2342	3	0.756582000000	0.605257000000	0.867014000000	304.232625917544
2343	0	0.783686000000	0.516749000000	0.915231000000	304.364553090810
2343	1	0.763102000000	0.577472000000	0.912442000000	304.253612005184
2343	2	0.703691000000	0.536755000000	0.907005000000	303.903219844550
2343	3	0.725181000000	0.520536000000	0.957454000000	304.028920019926
2344	0	0.747075000000	0.666324000000	0.882005000000	304.171224365365
2344	1	0.671926000000	0.704501000000	0.882094000000	303.669268510102
2344	2	0.721371000000	0.738146000000	0.870613000000	304.012410524906
2344	3	0.719315000000	0.685482000000	0.837172000000	304.009976757997
2345	0	0.792105000000	0.519850000000	0.884518000000	304.409102170270
2345	1	0.712110000000	0.539855000000	0.876292000000	303.960219671631
2345	2	0.771521000000	0.580572000000	0.881729000000	304.311170053662
2345	3	0.760842000000	0.533669000000	0.827352000000	304.269446766605
2346	0	0.792410000000	0.534520000000	0.818802000000	304.422786077227
2346	1	0.803088000000	0.581423000000	0.873180000000	304.463918860087
2346	2	0.823672000000	0.520701000000	0.875969000000	304.550380086580
2346	3	0.845832000000	0.543461000000	0.840077000000	304.634998917237
2347	0	0.830893000000	0.568145000000	0.825361000000	304.582267207850
2347	1	0.760389000000	0.625265000000	0.813632000000	304.258261265890
2347	2	0.777471000000	0.559205000000	0.804087000000	304.354568514896
2347	3	0.788149000000	0.606108000000	0.858464000000	304.391174898715
2348	0	0.677248000000	0.590831000000	0.878407000000	303.714052453074
2348	1	0.661510000000	0.669724000000	0.883934000000	303.591488741737
2348	2	0.736659000000	0.631548000000	0.883845000000	304.109237285879
2348	3	0.708898000000	0.650705000000	0.839012000000	303.947751555068
2349	0	0.624648000000	0.669786000000	0.986118000000	303.260835354677
2349	1	0.561364000000	0.608583000000	0.986118000000	302.672362988932
2349	2	0.536816000000	0.676890000000	0.986118000000	302.407608713709
2349	3	0.560655000000	0.647393000000	0.941196000000	302.672832387829
2350	0	0.546375000000	0.698339000000	0.972237000000	302.516432733884
2350	1	0.634206000000	0.691236000000	0.972237000000	303.352357883526
2350	2	0.570214000000	0.668843000000	0.927315000000	302.773675395481
2350	3	0.601855000000	0.699444000000	0.927315000000	303.071743797506
2351	0	0.604654000000	0.564610000000	0.984410000000	303.099245794850
2351	1	0.667937000000	0.625813000000	0.984410000000	303.613358405677
2351	2	0.672814000000	0.538909000000	0.984410000000	303.660109380472
2351	3	0.651324000000	0.555128000000	0.933962000000	303.502757652366
2352	0	0.626137000000	0.805869000000	0.968689000000	303.265126118765
2352	1	0.689272000000	0.773640000000	0.912286000000	303.781562927147
2352	2	0.672178000000	0.731786000000	0.968689000000	303.652962695760
2352	3	0.639827000000	0.739995000000	0.923767000000	303.402655965694
2353	0	0.705595000000	0.548561000000	0.970501000000	303.896084430597
2353	1	0.700718000000	0.635465000000	0.970501000000	303.860187304991
2353	2	0.743516000000	0.605497000000	0.925490000000	304.139814202646
2353	3	0.684105000000	0.564780000000	0.920052000000	303.762650706879
2354	0	0.646655000000	0.645748000000	0.970529000000	303.459949971457
2354	1	0.630042000000	0.575063000000	0.920080000000	303.332324533255
2354	2	0.583372000000	0.584545000000	0.970529000000	302.898625141026
2354	3	0.582663000000	0.623355000000	0.925607000000	302.899695610450
2355	0	0.551922000000	0.728151000000	0.986118000000	302.572429173656
2355	1	0.593713000000	0.795130000000	0.986118000000	302.972081032668
2355	2	0.639754000000	0.721048000000	0.986118000000	303.388850886273
2355	3	0.607403000000	0.729256000000	0.941196000000	303.117108557059
2356	0	0.656214000000	0.667198000000	0.956647000000	303.532356567135
2356	1	0.639601000000	0.596512000000	0.906198000000	303.414249731471
2356	2	0.592221000000	0.644804000000	0.911725000000	302.993347518211
2356	3	0.623863000000	0.675406000000	0.911725000000	303.274188225251
2357	0	0.742428000000	0.669665000000	0.909768000000	304.139794423441
2357	1	0.716724000000	0.741486000000	0.898376000000	303.974660583614
2357	2	0.667279000000	0.707841000000	0.909857000000	303.626960351850
2357	3	0.699630000000	0.699633000000	0.954780000000	303.855831450106
2358	0	0.672601000000	0.594171000000	0.906171000000	303.677384892213
2358	1	0.732012000000	0.634888000000	0.911608000000	304.076889222564
2358	2	0.656863000000	0.673065000000	0.911698000000	303.551529213891
2358	3	0.689214000000	0.664857000000	0.956620000000	303.784709039249
2359	0	0.741236000000	0.933822000000	0.882977000000	304.090760132065
2359	1	0.741127000000	0.875260000000	0.941542000000	304.094357415546
2359	2	0.693409000000	0.873478000000	0.867338000000	303.804328987121
2359	3	0.727377000000	0.838570000000	0.885139000000	304.032280483325
2360	0	0.645665000000	0.827603000000	0.982570000000	303.423060226784
2360	1	0.691706000000	0.753521000000	0.982570000000	303.782925224969
2360	2	0.708800000000	0.795375000000	0.926167000000	303.911193453769
2360	3	0.722549000000	0.832065000000	0.982570000000	303.978211237649
2361	0	0.717334000000	0.855785000000	0.959640000000	303.945892522820
2361	1	0.640450000000	0.851324000000	0.959640000000	303.380858952175
2361	2	0.669616000000	0.854003000000	0.885435000000	303.627468451433
2361	3	0.703585000000	0.819095000000	0.903237000000	303.879533166449
2362	0	0.732465000000	0.904695000000	0.958972000000	304.028317951231
2362	1	0.684747000000	0.902912000000	0.884767000000	303.734084686015
2362	2	0.690686000000	0.963256000000	0.958972000000	303.745729025740
2362	3	0.732574000000	0.963256000000	0.900407000000	304.032349250060
2363	0	0.666894000000	0.943781000000	0.977070000000	303.570831560285
2363	1	0.660955000000	0.883437000000	0.902865000000	303.553591647285
2363	2	0.708673000000	0.885220000000	0.977070000000	303.878040962846
2363	3	0.631789000000	0.880758000000	0.977070000000	303.303015169704
2364	0	0.755231000000	0.844849000000	0.857066000000	304.200186448209
2364	1	0.769090000000	0.940101000000	0.854904000000	304.258897198904
2364	2	0.804676000000	0.878494000000	0.845585000000	304.439688694945
2364	3	0.775705000000	0.903122000000	0.816302000000	304.306376102435
2365	0	0.767012000000	0.933432000000	0.884930000000	304.238891751624
2365	1	0.766903000000	0.874870000000	0.943495000000	304.238293898289
2365	2	0.753154000000	0.838180000000	0.887092000000	304.183803368706
2365	3	0.802598000000	0.871825000000	0.875611000000	304.424456180336
2366	0	0.854230000000	0.938969000000	0.772194000000	304.625633429570
2366	1	0.857873000000	0.840056000000	0.762444000000	304.658193458308
2366	2	0.840539000000	0.877363000000	0.811717000000	304.586203528890
2366	3	0.811568000000	0.901990000000	0.782435000000	304.474003416437
2367	0	0.771585000000	0.814283000000	0.838960000000	304.289035917761
2367	1	0.838363000000	0.810621000000	0.778205000000	304.596622787648
2367	2	0.792058000000	0.872556000000	0.798196000000	304.388641433280
2367	3	0.821030000000	0.847928000000	0.827479000000	304.517461090380
2368	0	0.985483000000	0.939760000000	0.664796000000	304.847397251056
2368	1	0.985483000000	0.881529000000	0.705168000000	304.856947788096
2368	2	0.938507000000	0.869536000000	0.653754000000	304.834382106111
2368	3	0.985483000000	0.873271000000	0.629410000000	304.865398978484
2369	0	0.943213000000	0.874172000000	0.767340000000	304.830187819263
2369	1	0.885307000000	0.932402000000	0.768631000000	304.710042450228
2369	2	0.888951000000	0.833489000000	0.758881000000	304.748076216418
2369	3	0.871617000000	0.870796000000	0.808154000000	304.687148291546
2370	0	0.909683000000	0.960306000000	0.730269000000	304.763029505870
2370	1	0.920613000000	0.890082000000	0.677564000000	304.806259525235
2370	2	0.967589000000	0.960306000000	0.688605000000	304.833981300980
2370	3	0.967589000000	0.902075000000	0.728978000000	304.844010382630
2371	0	0.985483000000	0.758938000000	0.680460000000	304.881550612234
2371	1	0.985483000000	0.838843000000	0.708866000000	304.864384263241
2371	2	0.985483000000	0.830585000000	0.633108000000	304.873336855070
2371	3	0.938507000000	0.826850000000	0.657452000000	304.850444948324
2372	0	0.968715000000	0.748918000000	0.701256000000	304.871998369215
2372	1	0.968715000000	0.828823000000	0.729663000000	304.857607176501
2372	2	0.921739000000	0.816830000000	0.678248000000	304.818652056635
2372	3	0.914453000000	0.788140000000	0.721203000000	304.807293368248
2373	0	0.892915000000	0.929740000000	0.740130000000	304.732014877506
2373	1	0.950821000000	0.871509000000	0.738840000000	304.844600317288
2373	2	0.896559000000	0.830826000000	0.730380000000	304.768321556407
2373	3	0.903845000000	0.859516000000	0.687425000000	304.782226996797
2374	0	0.847624000000	0.707917000000	0.719832000000	304.651029209424
2374	1	0.784532000000	0.694741000000	0.777634000000	304.385584202087
2374	2	0.846081000000	0.715053000000	0.793275000000	304.633307583933
2374	3	0.853367000000	0.743743000000	0.750320000000	304.661211144267
2375	0	0.946185000000	0.674750000000	0.727833000000	304.867525039256
2375	1	0.893592000000	0.607850000000	0.786824000000	304.777320706922
2375	2	0.884636000000	0.685282000000	0.790736000000	304.748490341452
2375	3	0.886179000000	0.678146000000	0.717292000000	304.765130827412
2376	0	0.774130000000	0.651956000000	0.821415000000	304.330381453837
2376	1	0.844634000000	0.594836000000	0.833144000000	304.628154637283
2376	2	0.835679000000	0.672268000000	0.837056000000	304.599022675333
2376	3	0.801890000000	0.632798000000	0.866247000000	304.456672166007
2377	0	0.855552000000	0.604828000000	0.801428000000	304.671242402728
2377	1	0.848140000000	0.675123000000	0.731897000000	304.656140829726
2377	2	0.785048000000	0.661948000000	0.789699000000	304.379513029173
2377	3	0.846597000000	0.682259000000	0.805340000000	304.635852654979
2378	0	0.884120000000	0.718075000000	0.778671000000	304.746728698880
2378	1	0.945669000000	0.707544000000	0.715768000000	304.869275089024
2378	2	0.885663000000	0.710939000000	0.705227000000	304.760259805314
2378	3	0.891407000000	0.746765000000	0.735716000000	304.766385534605
2379	0	0.834506000000	0.755946000000	0.778516000000	304.588820422516
2379	1	0.767727000000	0.759608000000	0.839270000000	304.284185764755
2379	2	0.765671000000	0.706944000000	0.805829000000	304.283936583475
2379	3	0.827220000000	0.727255000000	0.821471000000	304.558576630462
2380	0	0.755035000000	0.738545000000	0.861565000000	304.213083650261
2380	1	0.814527000000	0.706193000000	0.843765000000	304.510383786676
2380	2	0.780739000000	0.666724000000	0.872957000000	304.350623468433
2380	3	0.752978000000	0.685881000000	0.828124000000	304.212558588129
2381	0	0.783642000000	0.786279000000	0.846056000000	304.353782266250
2381	1	0.850421000000	0.782617000000	0.785302000000	304.640770171558
2381	2	0.833087000000	0.819924000000	0.834575000000	304.565566568762
2381	3	0.843135000000	0.753926000000	0.828257000000	304.601703059343
2382	0	0.790376000000	0.584682000000	0.928032000000	304.393845166275
2382	1	0.752454000000	0.527746000000	0.973043000000	304.183512132108
2382	2	0.810960000000	0.523960000000	0.930820000000	304.476356391565
2382	3	0.819225000000	0.567299000000	0.973043000000	304.505443084934
2383	0	0.732868000000	0.555771000000	0.986091000000	304.073142052541
2383	1	0.727992000000	0.642676000000	0.986091000000	304.044016315791
2383	2	0.799639000000	0.595324000000	0.986091000000	304.424378131911
2383	3	0.770790000000	0.612707000000	0.941079000000	304.291422306818
2384	0	0.760677000000	0.498363000000	0.986952000000	304.225814258063
2384	1	0.827448000000	0.537916000000	0.986952000000	304.529741133240
2384	2	0.825208000000	0.460215000000	0.986952000000	304.522155350716
2384	3	0.819183000000	0.494577000000	0.944730000000	304.513677217437
2385	0	0.858047000000	0.552583000000	0.870790000000	304.673321954933
2385	1	0.844152000000	0.573162000000	0.948904000000	304.604583026355
2385	2	0.815303000000	0.590546000000	0.903893000000	304.508871072003
2385	3	0.835887000000	0.529823000000	0.906682000000	304.588791239257
2386	0	0.983748000000	0.502094000000	0.765823000000	304.888803020664
2386	1	0.983748000000	0.463228000000	0.829846000000	304.878816784469
2386	2	0.983748000000	0.543885000000	0.832802000000	304.880874397456
2386	3	0.931154000000	0.523025000000	0.817710000000	304.838307613432
2387	0	0.983748000000	0.541246000000	0.743844000000	304.892121100639
2387	1	0.983748000000	0.629077000000	0.736741000000	304.889714162588
2387	2	0.931154000000	0.562177000000	0.795731000000	304.845216751233
2387	3	0.983748000000	0.583037000000	0.810823000000	304.881412934985
2388	0	0.964728000000	0.659473000000	0.753983000000	304.879282434555
2388	1	0.903179000000	0.670005000000	0.816886000000	304.781726602718
2388	2	0.912135000000	0.592573000000	0.812974000000	304.814309783945
2388	3	0.964728000000	0.613432000000	0.828066000000	304.872022253355
2389	0	0.930973000000	0.610849000000	0.880663000000	304.819080623690
2389	1	0.864485000000	0.610569000000	0.943686000000	304.671113873295
2389	2	0.869424000000	0.667422000000	0.869483000000	304.698604484230
2389	3	0.835636000000	0.627952000000	0.898674000000	304.587294463004
2390	0	0.933741000000	0.586922000000	0.879454000000	304.832987063373
2390	1	0.867252000000	0.586641000000	0.942477000000	304.680846605162
2390	2	0.838403000000	0.604025000000	0.897465000000	304.598930552879
2390	3	0.881147000000	0.566062000000	0.864362000000	304.732361898518
2391	0	0.935267000000	0.604490000000	0.856524000000	304.837389082828
2391	1	0.839930000000	0.621593000000	0.874536000000	304.606298776144
2391	2	0.873718000000	0.661063000000	0.845344000000	304.714010043978
2391	3	0.882674000000	0.583631000000	0.841432000000	304.744629593165
2392	0	0.910034000000	0.413764000000	0.979611000000	304.767950770354
2392	1	0.978762000000	0.411088000000	0.913632000000	304.855970283139
2392	2	0.978762000000	0.452315000000	0.979611000000	304.842285095355
2392	3	0.978762000000	0.377779000000	0.979611000000	304.839129658874
2393	0	0.887508000000	0.535113000000	0.884699000000	304.746224587741
2393	1	0.940101000000	0.516542000000	0.962814000000	304.825847108743
2393	2	0.873613000000	0.555692000000	0.962814000000	304.695742667286
2393	3	0.865348000000	0.512353000000	0.920591000000	304.680677730529
2394	0	0.955662000000	0.474053000000	0.966564000000	304.836599536476
2394	1	0.955662000000	0.432826000000	0.900585000000	304.856114815667
2394	2	0.886934000000	0.435502000000	0.966564000000	304.722460820074
2394	3	0.880908000000	0.469864000000	0.924341000000	304.719858377753
2395	0	0.960648000000	0.450478000000	0.876446000000	304.860708427576
2395	1	0.960648000000	0.491705000000	0.942425000000	304.845617208975
2395	2	0.908054000000	0.510276000000	0.864311000000	304.791333799678
2395	3	0.885894000000	0.487516000000	0.900202000000	304.739007363249
2396	0	0.983748000000	0.505184000000	0.935997000000	304.853590916430
2396	1	0.983748000000	0.463957000000	0.870018000000	304.869573079141
2396	2	0.931154000000	0.523755000000	0.857883000000	304.838070178432
2396	3	0.983748000000	0.544614000000	0.872975000000	304.868997281566
2397	0	0.896713000000	0.569171000000	0.956386000000	304.752344687004
2397	1	0.963202000000	0.530021000000	0.956386000000	304.839986632243
2397	2	0.910608000000	0.548593000000	0.878272000000	304.797616255954
2397	3	0.963202000000	0.569452000000	0.893363000000	304.853466863195
2398	0	0.868627000000	0.538041000000	0.986952000000	304.680257799703
2398	1	0.935116000000	0.498891000000	0.986952000000	304.816889389144
2398	2	0.866388000000	0.460340000000	0.986952000000	304.670979486948
2398	3	0.860362000000	0.494702000000	0.944730000000	304.662789499052
2399	0	0.849315000000	0.969535000000	0.866510000000	304.585358741306
2399	1	0.826887000000	0.907929000000	0.847814000000	304.527853060145
2399	2	0.791300000000	0.969535000000	0.857134000000	304.351838361732
2399	3	0.797915000000	0.932556000000	0.818532000000	304.395454820898
2400	0	0.802146000000	0.951594000000	0.806318000000	304.410173281189
2400	1	0.853546000000	0.988573000000	0.854297000000	304.596077801199
2400	2	0.844807000000	0.988573000000	0.796078000000	304.571828785611
2400	3	0.795531000000	0.988573000000	0.844920000000	304.367777536068
2401	0	0.864543000000	0.969535000000	0.851417000000	304.631863557038
2401	1	0.855804000000	0.969535000000	0.793198000000	304.617663455729
2401	2	0.842114000000	0.907929000000	0.832721000000	304.584307762398
2401	3	0.813143000000	0.932556000000	0.803439000000	304.470438091694
2402	0	0.924200000000	0.982006000000	0.756713000000	304.778687186649
2402	1	0.982106000000	0.923776000000	0.755423000000	304.840588315059
2402	2	0.982106000000	0.982006000000	0.715050000000	304.830924319069
2402	3	0.982106000000	0.982006000000	0.789586000000	304.819339868438
2403	0	0.873191000000	0.919356000000	0.839715000000	304.669176848060
2403	1	0.944788000000	0.980962000000	0.833063000000	304.791182039372
2403	2	0.886881000000	0.980962000000	0.800191000000	304.701790055943
2403	3	0.895620000000	0.980962000000	0.858411000000	304.710817614375
2404	0	0.959981000000	0.904738000000	0.780511000000	304.836143309044
2404	1	0.888385000000	0.901362000000	0.821325000000	304.715488576115
2404	2	0.959981000000	0.962968000000	0.814674000000	304.811960547805
2404	3	0.902075000000	0.962968000000	0.781802000000	304.741093590702
2405	0	0.816970000000	0.901259000000	0.893041000000	304.472046962137
2405	1	0.781274000000	0.904305000000	0.960925000000	304.293668708906
2405	2	0.814031000000	0.962866000000	0.960925000000	304.436054458166
2405	3	0.781383000000	0.962866000000	0.902360000000	304.303085357309
2406	0	0.757333000000	0.923342000000	0.981902000000	304.158880968612
2406	1	0.757442000000	0.981904000000	0.923337000000	304.164071974261
2406	2	0.715554000000	0.981904000000	0.981902000000	303.902740087500
2406	3	0.790090000000	0.981904000000	0.981902000000	304.318823154624
2407	0	0.831992000000	0.980962000000	0.945725000000	304.501089521305
2407	1	0.834931000000	0.919356000000	0.877841000000	304.548321107800
2407	2	0.799345000000	0.980962000000	0.887160000000	304.377549693847
2407	3	0.857360000000	0.980962000000	0.896537000000	304.599553175473
2408	0	0.980980000000	0.643637000000	0.834108000000	304.872521166750
2408	1	0.980980000000	0.689678000000	0.760026000000	304.880187944063
2408	2	0.919431000000	0.700209000000	0.822928000000	304.815194074630
2408	3	0.980980000000	0.720521000000	0.838569000000	304.865083805968
2409	0	0.964212000000	0.746869000000	0.821841000000	304.858109278123
2409	1	0.964212000000	0.716025000000	0.743297000000	304.871039176433
2409	2	0.902663000000	0.726557000000	0.806199000000	304.776609256978
2409	3	0.909949000000	0.755247000000	0.763244000000	304.797391402931
2410	0	0.983232000000	0.737463000000	0.732637000000	304.875460402946
2410	1	0.983232000000	0.768306000000	0.811181000000	304.861573926285
2410	2	0.983232000000	0.817368000000	0.761044000000	304.859607257807
2410	3	0.928969000000	0.776685000000	0.752585000000	304.835872369452
2411	0	0.942088000000	0.770517000000	0.843231000000	304.836870036725
2411	1	0.870491000000	0.816203000000	0.833908000000	304.682457913781
2411	2	0.887825000000	0.778896000000	0.784635000000	304.748922267331
2411	3	0.880539000000	0.750206000000	0.827590000000	304.730390613746
2412	0	0.961107000000	0.791955000000	0.832571000000	304.848366399227
2412	1	0.889511000000	0.837641000000	0.823248000000	304.735360916404
2412	2	0.961107000000	0.841017000000	0.782434000000	304.837768393517
2412	3	0.906845000000	0.800334000000	0.773975000000	304.786441887235
2413	0	0.817726000000	0.838235000000	0.893709000000	304.489681008982
2413	1	0.831092000000	0.791143000000	0.961593000000	304.540119010264
2413	2	0.782030000000	0.841280000000	0.961593000000	304.316790025910
2413	3	0.768281000000	0.804590000000	0.905190000000	304.268551314462
2414	0	0.854749000000	0.709651000000	0.963161000000	304.626112588986
2414	1	0.851430000000	0.690746000000	0.888958000000	304.633956877105
2414	2	0.846490000000	0.633893000000	0.963161000000	304.609554253999
2414	3	0.817642000000	0.651276000000	0.918149000000	304.507836192849
2415	0	0.882631000000	0.766087000000	0.937996000000	304.700059059633
2415	1	0.869265000000	0.813179000000	0.870112000000	304.674525974190
2415	2	0.940862000000	0.767494000000	0.879435000000	304.826348405165
2415	3	0.879313000000	0.747182000000	0.863793000000	304.720319885572
2416	0	0.782416000000	0.783255000000	0.882260000000	304.343960985024
2416	1	0.845227000000	0.769808000000	0.938663000000	304.599729235151
2416	2	0.841909000000	0.750903000000	0.864460000000	304.597848470002
2416	3	0.831861000000	0.816900000000	0.870779000000	304.556062914595
2417	0	0.730625000000	0.739407000000	0.982570000000	304.044082838160
2417	1	0.810530000000	0.767813000000	0.982570000000	304.457072979091
2417	2	0.747719000000	0.781260000000	0.926167000000	304.155745253145
2417	3	0.761468000000	0.817950000000	0.982570000000	304.204368367572
2418	0	0.775080000000	0.750664000000	0.889328000000	304.314312886674
2418	1	0.837891000000	0.737217000000	0.945731000000	304.572897792802
2418	2	0.800784000000	0.678842000000	0.900720000000	304.430399319915
2418	3	0.834572000000	0.718312000000	0.871529000000	304.575463730744
2419	0	0.814225000000	0.734281000000	0.968661000000	304.481156196316
2419	1	0.751413000000	0.747728000000	0.912258000000	304.179633047929
2419	2	0.777117000000	0.675906000000	0.923650000000	304.319610635174
2419	3	0.734319000000	0.705875000000	0.968661000000	304.075305882969
2420	0	0.751177000000	0.678309000000	0.986091000000	304.167831356312
2420	1	0.831082000000	0.706715000000	0.986091000000	304.538363126780
2420	2	0.822824000000	0.630957000000	0.986091000000	304.510934705609
2420	3	0.793975000000	0.648340000000	0.941079000000	304.401546948054
2421	0	0.873069000000	0.837390000000	0.893042000000	304.674096189855
2421	1	0.944665000000	0.791705000000	0.902365000000	304.818452343370
2421	2	0.895425000000	0.849741000000	0.960926000000	304.716485381067
2421	3	0.886435000000	0.790298000000	0.960926000000	304.704245216464
2422	0	0.852836000000	0.904135000000	0.895938000000	304.606329358195
2422	1	0.849897000000	0.965742000000	0.963823000000	304.563584821970
2422	2	0.875193000000	0.916486000000	0.963823000000	304.652056940393
2422	3	0.875265000000	0.965742000000	0.914634000000	304.651003665819
2423	0	0.834875000000	0.886039000000	0.911138000000	304.542906428681
2423	1	0.831936000000	0.947645000000	0.979023000000	304.504862071165
2423	2	0.799179000000	0.889084000000	0.979023000000	304.375598435370
2423	3	0.857231000000	0.898390000000	0.979023000000	304.595643365416
2424	0	0.853280000000	0.805357000000	0.979023000000	304.606821230691
2424	1	0.839914000000	0.852449000000	0.911138000000	304.570133647508
2424	2	0.804218000000	0.855494000000	0.979023000000	304.411153208049
2424	3	0.862270000000	0.864800000000	0.979023000000	304.618217991991
2425	0	0.906279000000	0.852991000000	0.844231000000	304.761935060071
2425	1	0.977875000000	0.807305000000	0.853554000000	304.848211142828
2425	2	0.977875000000	0.856367000000	0.803417000000	304.849355788500
2425	3	0.977875000000	0.865357000000	0.862860000000	304.830612873750
2426	0	0.913419000000	0.868115000000	0.945705000000	304.747930297051
2426	1	0.962659000000	0.810078000000	0.887144000000	304.836285728347
2426	2	0.891063000000	0.855764000000	0.877821000000	304.724634223563
2426	3	0.962659000000	0.868130000000	0.896450000000	304.820623144546
2427	0	0.947466000000	0.901285000000	0.899346000000	304.802329099128
2427	1	0.875869000000	0.888919000000	0.880717000000	304.676796024876
2427	2	0.898226000000	0.901270000000	0.948602000000	304.716368033018
2427	3	0.898298000000	0.950526000000	0.899413000000	304.716086807243
2428	0	0.962682000000	0.965746000000	0.851033000000	304.801197245602
2428	1	0.891085000000	0.904140000000	0.857685000000	304.720748486204
2428	2	0.962682000000	0.916506000000	0.876314000000	304.813451080660
2428	3	0.913514000000	0.965746000000	0.876381000000	304.750273481107
2429	0	0.977875000000	0.947752000000	0.832644000000	304.821319569704
2429	1	0.906279000000	0.886146000000	0.839295000000	304.757896651368
2429	2	0.977875000000	0.889522000000	0.798481000000	304.842235958401
2429	3	0.977875000000	0.898512000000	0.857924000000	304.827579236597
2430	0	0.979454000000	0.586746000000	0.917502000000	304.857156789655
2430	1	0.912965000000	0.586465000000	0.980525000000	304.775041720844
2430	2	0.979454000000	0.547315000000	0.980525000000	304.838711577596
2430	3	0.979454000000	0.621851000000	0.980525000000	304.836940450759
2431	0	0.919431000000	0.696830000000	0.865296000000	304.809157360430
2431	1	0.980980000000	0.675363000000	0.939498000000	304.842700261653
2431	2	0.980980000000	0.640258000000	0.876476000000	304.863601168659
2431	3	0.980980000000	0.717142000000	0.880937000000	304.852813797660
2432	0	0.898885000000	0.672985000000	0.883392000000	304.765379648287
2432	1	0.893945000000	0.616132000000	0.957595000000	304.737463395051
2432	2	0.960434000000	0.616412000000	0.894572000000	304.856153734626
2432	3	0.960434000000	0.651518000000	0.957595000000	304.832093387674
2433	0	0.880891000000	0.696309000000	0.902867000000	304.721981783641
2433	1	0.875951000000	0.639456000000	0.977070000000	304.694608762497
2433	2	0.942440000000	0.674841000000	0.977070000000	304.809564719096
2433	3	0.884210000000	0.715214000000	0.977070000000	304.706174373708
2434	0	0.962986000000	0.698687000000	0.958974000000	304.824227813806
2434	1	0.901437000000	0.720154000000	0.884771000000	304.766524323552
2434	2	0.904756000000	0.739059000000	0.958974000000	304.752525140339
2434	3	0.962986000000	0.740466000000	0.900412000000	304.837215055135
2435	0	0.969590000000	0.920323000000	0.920324000000	304.798937969243
2435	1	0.920350000000	0.920308000000	0.969579000000	304.741242874435
2435	2	0.969590000000	0.969563000000	0.969579000000	304.782498611319
2435	3	0.920423000000	0.969563000000	0.920391000000	304.743604632676
2436	0	0.897317000000	0.935524000000	0.984800000000	304.694528125302
2436	1	0.946558000000	0.984779000000	0.984800000000	304.757977873694
2436	2	0.897390000000	0.984779000000	0.935612000000	304.692630785684
2436	3	0.872022000000	0.984779000000	0.984800000000	304.614520798780
2437	0	0.984806000000	0.984784000000	0.946546000000	304.788757753845
2437	1	0.984806000000	0.935544000000	0.897291000000	304.811719332844
2437	2	0.935639000000	0.984784000000	0.897358000000	304.771188886072
2437	3	0.984806000000	0.984784000000	0.872011000000	304.805328034891
2438	0	0.984784000000	0.897290000000	0.935524000000	304.811020738983
2438	1	0.984784000000	0.946530000000	0.984779000000	304.788119110829
2438	2	0.935544000000	0.897275000000	0.984779000000	304.768762662163
2438	3	0.984784000000	0.871995000000	0.984779000000	304.804642304984
2439	0	0.982006000000	0.756865000000	0.923342000000	304.843974914014
2439	1	0.923776000000	0.755458000000	0.981904000000	304.776780257601
2439	2	0.982006000000	0.715086000000	0.981904000000	304.830086149929
2439	3	0.982006000000	0.789621000000	0.981904000000	304.819309897821
2440	0	0.935544000000	0.864120000000	0.966683000000	304.779504194223
2440	1	0.984784000000	0.806083000000	0.908121000000	304.836552536154
2440	2	0.984784000000	0.864135000000	0.917427000000	304.824987002072
2440	3	0.984784000000	0.838840000000	0.966683000000	304.816611819396
2441	0	0.966790000000	0.787709000000	0.923342000000	304.832101455658
2441	1	0.917550000000	0.845746000000	0.981904000000	304.748753160174
2441	2	0.908560000000	0.786303000000	0.981904000000	304.737887242308
2441	3	0.966790000000	0.820466000000	0.981904000000	304.807696074901
